<?xml version="1.0" encoding="UTF-8"?>
<kml xmlns="http://www.opengis.net/kml/2.2" xmlns:gx="http://www.google.com/kml/ext/2.2">
    <Document id="21766">
        <name>Distribuidores - FILIAL</name>
        <Folder id="21767">
            <name>FILIAL BELO HORIZONTE</name>
            <Folder id="21768">
                <Style id="21769">
                    <LineStyle id="21770">
                        <color>FFFFFFFF</color>
                        <colorMode>normal</colorMode>
                        <width>0.2</width>
                    </LineStyle>
                    <PolyStyle id="21771">
                        <color>c8cc743d</color>
                        <colorMode>normal</colorMode>
                        <fill>1</fill>
                        <outline>1</outline>
                    </PolyStyle>
                </Style>
                <Style id="21772">
                    <LineStyle id="21773">
                        <color>FFFFFFFF</color>
                        <colorMode>normal</colorMode>
                        <width>0.8</width>
                    </LineStyle>
                    <PolyStyle id="21774">
                        <color>c8cc743d</color>
                        <colorMode>normal</colorMode>
                        <fill>1</fill>
                        <outline>1</outline>
                    </PolyStyle>
                </Style>
                <StyleMap id="21775">
                    <Pair>
                        <key>normal</key>
                        <styleUrl>#21769</styleUrl>
                    </Pair>
                    <Pair>
                        <key>highlight</key>
                        <styleUrl>#21772</styleUrl>
                    </Pair>
                </StyleMap>
                <name>FILIAL BETIM</name>
                <Placemark id="21777">
                    <name>BELO HORIZONTE / MG
POPULAÇÃO: 2.395.785</name>
                    <description>DISTRIBUIDOR: FILIAL BETIM
CONTATO DISTRIBUIDOR: Em Branco
RESPONSÁVEL: Em Branco
CONTATO RESPONSÁVEL: Em Branco
ENDEREÇO: Em Branco</description>
                    <styleUrl>#21775</styleUrl>
                    <Polygon id="21776">
                        <tessellate>1</tessellate>
                        <outerBoundaryIs>
                            <LinearRing id="21780">
                                <coordinates>-43.946076185267714,-19.7772410844085,0.0 -43.861989645006076,-19.827768102316043,0.0 -43.89594372242482,-19.865648993905893,0.0 -43.87010600039156,-19.927872996341648,0.0 -43.981938999984834,-20.015223996490192,0.0 -44.00113500027999,-20.05665799616952,0.0 -44.01862392365513,-20.05433025034074,0.0 -44.062868555639284,-19.976825938965874,0.0 -44.01229326841957,-19.967253606368786,0.0 -44.02562448658074,-19.899897950929642,0.0 -44.01676935612085,-19.830776124118813,0.0 -43.97559471552364,-19.78139532633321,0.0 -43.946076185267714,-19.7772410844085,0.0</coordinates>
                            </LinearRing>
                        </outerBoundaryIs>
                    </Polygon>
                </Placemark>
                <Placemark id="21783">
                    <name>BETIM / MG
POPULAÇÃO: 388.873</name>
                    <description>DISTRIBUIDOR: FILIAL BETIM
CONTATO DISTRIBUIDOR: Em Branco
RESPONSÁVEL: Em Branco
CONTATO RESPONSÁVEL: Em Branco
ENDEREÇO: Em Branco</description>
                    <styleUrl>#21775</styleUrl>
                    <Polygon id="21782">
                        <tessellate>1</tessellate>
                        <outerBoundaryIs>
                            <LinearRing id="21786">
                                <coordinates>-44.16242662139143,-19.841846367515814,0.0 -44.15089006962097,-19.920602123289314,0.0 -44.0831148831453,-19.935321262466232,0.0 -44.075595861959414,-19.967195196301248,0.0 -44.11605800027644,-20.02363399671151,0.0 -44.18115300021077,-20.045880996510732,0.0 -44.19628800029096,-20.051151996767203,0.0 -44.24765500027797,-20.041528996366026,0.0 -44.27031800037537,-20.003917996718144,0.0 -44.31526600022568,-19.937913996233874,0.0 -44.27769999995502,-19.88465699632326,0.0 -44.23646000022876,-19.879022996414108,0.0 -44.21464899985142,-19.83151799645833,0.0 -44.16242662139143,-19.841846367515814,0.0</coordinates>
                            </LinearRing>
                        </outerBoundaryIs>
                    </Polygon>
                </Placemark>
                <Placemark id="21789">
                    <name>CAETÉ / MG
POPULAÇÃO: 41.423</name>
                    <description>DISTRIBUIDOR: FILIAL BETIM
CONTATO DISTRIBUIDOR: (51) 3473-1115
RESPONSÁVEL: Franzen
CONTATO RESPONSÁVEL: 51 9 9889-0857
ENDEREÇO: Em Branco</description>
                    <styleUrl>#21775</styleUrl>
                    <Polygon id="21788">
                        <tessellate>1</tessellate>
                        <outerBoundaryIs>
                            <LinearRing id="21792">
                                <coordinates>-43.53815099956893,-19.75434999735444,0.0 -43.53693900033454,-19.760760997122247,0.0 -43.521690000393164,-19.919854997110406,0.0 -43.57890600031163,-19.922538996777234,0.0 -43.639164000218386,-19.967533996996337,0.0 -43.690027000345765,-20.075648996903624,0.0 -43.727215000272,-20.056816997206624,0.0 -43.73426399978371,-20.001271996105686,0.0 -43.7229980000576,-19.966709996768884,0.0 -43.74860500012062,-19.897083996529147,0.0 -43.70093599979651,-19.82172299711857,0.0 -43.70842699990607,-19.74660199708444,0.0 -43.62885899984292,-19.69457999656953,0.0 -43.53815099956893,-19.75434999735444,0.0</coordinates>
                            </LinearRing>
                        </outerBoundaryIs>
                    </Polygon>
                </Placemark>
                <Placemark id="21795">
                    <name>CONFINS / MG
POPULAÇÃO: 6.077</name>
                    <description>DISTRIBUIDOR: FILIAL BETIM
CONTATO DISTRIBUIDOR: Em Branco
RESPONSÁVEL: Em Branco
CONTATO RESPONSÁVEL: Em Branco
ENDEREÇO: Em Branco</description>
                    <styleUrl>#21775</styleUrl>
                    <Polygon id="21794">
                        <tessellate>1</tessellate>
                        <outerBoundaryIs>
                            <LinearRing id="21798">
                                <coordinates>-43.94488110138167,-19.671626653047554,0.0 -43.95714213260328,-19.66990226058084,0.0 -44.00531800162446,-19.655701430376666,0.0 -43.97183099970084,-19.59788099611103,0.0 -43.94488110138167,-19.671626653047554,0.0</coordinates>
                            </LinearRing>
                        </outerBoundaryIs>
                    </Polygon>
                </Placemark>
                <Placemark id="21801">
                    <name>CONTAGEM / MG
POPULAÇÃO: 613.815</name>
                    <description>DISTRIBUIDOR: FILIAL BETIM
CONTATO DISTRIBUIDOR: Em Branco
RESPONSÁVEL: Em Branco
CONTATO RESPONSÁVEL: Em Branco
ENDEREÇO: Em Branco</description>
                    <styleUrl>#21775</styleUrl>
                    <Polygon id="21800">
                        <tessellate>1</tessellate>
                        <outerBoundaryIs>
                            <LinearRing id="21804">
                                <coordinates>-44.01676935612085,-19.830776124118813,0.0 -44.02562448658074,-19.899897950929642,0.0 -44.01229326841957,-19.967253606368786,0.0 -44.062868555639284,-19.976825938965874,0.0 -44.075595861959414,-19.967195196301248,0.0 -44.0831148831453,-19.935321262466232,0.0 -44.15089006962097,-19.920602123289314,0.0 -44.16242662139143,-19.841846367515814,0.0 -44.13520822238149,-19.798670894546092,0.0 -44.06731835885512,-19.845381475674515,0.0 -44.01676935612085,-19.830776124118813,0.0</coordinates>
                            </LinearRing>
                        </outerBoundaryIs>
                    </Polygon>
                </Placemark>
                <Placemark id="21807">
                    <name>ESMERALDAS / MG
POPULAÇÃO: 62.262</name>
                    <description>DISTRIBUIDOR: FILIAL BETIM
CONTATO DISTRIBUIDOR: Em Branco
RESPONSÁVEL: Em Branco
CONTATO RESPONSÁVEL: Em Branco
ENDEREÇO: Em Branco</description>
                    <styleUrl>#21775</styleUrl>
                    <Polygon id="21806">
                        <tessellate>1</tessellate>
                        <outerBoundaryIs>
                            <LinearRing id="21810">
                                <coordinates>-44.2225530001208,-19.599348997258346,0.0 -44.1981069996383,-19.64216999614837,0.0 -44.19331099970282,-19.662249996739888,0.0 -44.133118361623076,-19.709965910198548,0.0 -44.16258839413905,-19.763039907066002,0.0 -44.13520822238149,-19.798670894546092,0.0 -44.16242662139143,-19.841846367515814,0.0 -44.21464899985142,-19.83151799645833,0.0 -44.23646000022876,-19.879022996414108,0.0 -44.27769999995502,-19.88465699632326,0.0 -44.31526600022568,-19.937913996233874,0.0 -44.35461299988998,-19.90520399596761,0.0 -44.379320999864206,-19.849243996413236,0.0 -44.44410699993807,-19.76550799659674,0.0 -44.49857299984404,-19.705027997244258,0.0 -44.49795500012311,-19.639038997451735,0.0 -44.407980000376654,-19.63755699655809,0.0 -44.40035400033679,-19.589096996629053,0.0 -44.31502299981156,-19.591954996226036,0.0 -44.24293100006554,-19.57745299655852,0.0 -44.2225530001208,-19.599348997258346,0.0</coordinates>
                            </LinearRing>
                        </outerBoundaryIs>
                    </Polygon>
                </Placemark>
                <Placemark id="21813">
                    <name>IBIRITÉ / MG
POPULAÇÃO: 162.867</name>
                    <description>DISTRIBUIDOR: FILIAL BETIM
CONTATO DISTRIBUIDOR: Em Branco
RESPONSÁVEL: Em Branco
CONTATO RESPONSÁVEL: Em Branco
ENDEREÇO: Em Branco</description>
                    <styleUrl>#21775</styleUrl>
                    <Polygon id="21812">
                        <tessellate>1</tessellate>
                        <outerBoundaryIs>
                            <LinearRing id="21816">
                                <coordinates>-44.075595861959414,-19.967195196301248,0.0 -44.062868555639284,-19.976825938965874,0.0 -44.01862392365513,-20.05433025034074,0.0 -44.06426300033718,-20.080008996517904,0.0 -44.11605800027644,-20.02363399671151,0.0 -44.075595861959414,-19.967195196301248,0.0</coordinates>
                            </LinearRing>
                        </outerBoundaryIs>
                    </Polygon>
                </Placemark>
                <Placemark id="21819">
                    <name>JABOTICATUBAS / MG
POPULAÇÃO: 17.679</name>
                    <description>DISTRIBUIDOR: FILIAL BETIM
CONTATO DISTRIBUIDOR: Em Branco
RESPONSÁVEL: Em Branco
CONTATO RESPONSÁVEL: Em Branco
ENDEREÇO: Em Branco</description>
                    <styleUrl>#21775</styleUrl>
                    <Polygon id="21818">
                        <tessellate>1</tessellate>
                        <outerBoundaryIs>
                            <LinearRing id="21822">
                                <coordinates>-43.51867399980523,-19.330311996701255,0.0 -43.48207299996892,-19.419161996728747,0.0 -43.479992000230595,-19.45307399666757,0.0 -43.54288200010416,-19.540490997161726,0.0 -43.582232999952964,-19.513692997034127,0.0 -43.63686899960459,-19.558651997391735,0.0 -43.718716999589844,-19.549571996850148,0.0 -43.767875000231015,-19.568835996683845,0.0 -43.78224799934566,-19.61113099649822,0.0 -43.79837300011383,-19.613043996583144,0.0 -43.84242223100114,-19.578997103733286,0.0 -43.88739241083107,-19.58008795169758,0.0 -43.92189700014637,-19.535690997041854,0.0 -43.95014599973803,-19.48674499628453,0.0 -43.94689700009644,-19.431511996981044,0.0 -43.89210899973051,-19.382794996891562,0.0 -43.820573000443574,-19.38759299691924,0.0 -43.80962199995531,-19.33476599705307,0.0 -43.74859399961338,-19.23636599729292,0.0 -43.67976099997014,-19.282703996492216,0.0 -43.66856599992093,-19.33086299692974,0.0 -43.594420999929184,-19.34812999640218,0.0 -43.51867399980523,-19.330311996701255,0.0</coordinates>
                            </LinearRing>
                        </outerBoundaryIs>
                    </Polygon>
                </Placemark>
                <Placemark id="21825">
                    <name>LAGOA SANTA / MG
POPULAÇÃO: 54.732</name>
                    <description>DISTRIBUIDOR: FILIAL BETIM
CONTATO DISTRIBUIDOR: Em Branco
RESPONSÁVEL: Em Branco
CONTATO RESPONSÁVEL: Em Branco
ENDEREÇO: Em Branco</description>
                    <styleUrl>#21775</styleUrl>
                    <Polygon id="21824">
                        <tessellate>1</tessellate>
                        <outerBoundaryIs>
                            <LinearRing id="21828">
                                <coordinates>-43.92189700014637,-19.535690997041854,0.0 -43.88739241083107,-19.58008795169758,0.0 -43.84242223100114,-19.578997103733286,0.0 -43.79837300011383,-19.613043996583144,0.0 -43.81548399958689,-19.716506996001044,0.0 -43.89752400033228,-19.69879299659948,0.0 -43.94488110138167,-19.671626653047554,0.0 -43.97183099970084,-19.59788099611103,0.0 -43.96018799967641,-19.539581996611787,0.0 -43.92189700014637,-19.535690997041854,0.0</coordinates>
                            </LinearRing>
                        </outerBoundaryIs>
                    </Polygon>
                </Placemark>
                <Placemark id="21831">
                    <name>NOVA LIMA / MG
POPULAÇÃO: 83.507</name>
                    <description>DISTRIBUIDOR: FILIAL BETIM
CONTATO DISTRIBUIDOR: Em Branco
RESPONSÁVEL: Em Branco
CONTATO RESPONSÁVEL: Em Branco
ENDEREÇO: Em Branco</description>
                    <styleUrl>#21775</styleUrl>
                    <Polygon id="21830">
                        <tessellate>1</tessellate>
                        <outerBoundaryIs>
                            <LinearRing id="21834">
                                <coordinates>-43.834172999884004,-19.927426996458678,0.0 -43.838768000442826,-19.956738996507454,0.0 -43.78298199991934,-20.02901399659862,0.0 -43.847786999970026,-20.09649499594724,0.0 -43.87321399982619,-20.162862996130343,0.0 -43.85410800008407,-20.197619996365688,0.0 -43.97608399977673,-20.222689995946496,0.0 -43.98289453235674,-20.09378370995023,0.0 -44.00113500027999,-20.05665799616952,0.0 -43.981938999984834,-20.015223996490192,0.0 -43.87010600039156,-19.927872996341648,0.0 -43.834172999884004,-19.927426996458678,0.0</coordinates>
                            </LinearRing>
                        </outerBoundaryIs>
                    </Polygon>
                </Placemark>
                <Placemark id="21837">
                    <name>PEDRO LEOPOLDO / MG
POPULAÇÃO: 59.670</name>
                    <description>DISTRIBUIDOR: FILIAL BETIM
CONTATO DISTRIBUIDOR: Em Branco
RESPONSÁVEL: Em Branco
CONTATO RESPONSÁVEL: Em Branco
ENDEREÇO: Em Branco</description>
                    <styleUrl>#21775</styleUrl>
                    <Polygon id="21836">
                        <tessellate>1</tessellate>
                        <outerBoundaryIs>
                            <LinearRing id="21840">
                                <coordinates>-43.92189700014637,-19.535690997041854,0.0 -43.96018799967641,-19.539581996611787,0.0 -43.97183099970084,-19.59788099611103,0.0 -44.00531800162446,-19.655701430376666,0.0 -44.006950000442146,-19.722060996717573,0.0 -44.00555425982117,-19.737140668706843,0.0 -44.04085900024262,-19.772730996038604,0.0 -44.133118361623076,-19.709965910198548,0.0 -44.19331099970282,-19.662249996739888,0.0 -44.09913200034151,-19.615055996736828,0.0 -44.048627095863765,-19.56241763866302,0.0 -43.988326000444545,-19.53965599642703,0.0 -43.95014599973803,-19.48674499628453,0.0 -43.92189700014637,-19.535690997041854,0.0</coordinates>
                            </LinearRing>
                        </outerBoundaryIs>
                    </Polygon>
                </Placemark>
                <Placemark id="21843">
                    <name>RAPOSOS / MG
POPULAÇÃO: 15.502</name>
                    <description>DISTRIBUIDOR: FILIAL BETIM
CONTATO DISTRIBUIDOR: Em Branco
RESPONSÁVEL: Em Branco
CONTATO RESPONSÁVEL: Em Branco
ENDEREÇO: Em Branco</description>
                    <styleUrl>#21775</styleUrl>
                    <Polygon id="21842">
                        <tessellate>1</tessellate>
                        <outerBoundaryIs>
                            <LinearRing id="21846">
                                <coordinates>-43.834172999884004,-19.927426996458678,0.0 -43.7229980000576,-19.966709996768884,0.0 -43.73426399978371,-20.001271996105686,0.0 -43.78298199991934,-20.02901399659862,0.0 -43.838768000442826,-19.956738996507454,0.0 -43.834172999884004,-19.927426996458678,0.0</coordinates>
                            </LinearRing>
                        </outerBoundaryIs>
                    </Polygon>
                </Placemark>
                <Placemark id="21849">
                    <name>RIBEIRÃO DAS NEVES / MG
POPULAÇÃO: 303.029</name>
                    <description>DISTRIBUIDOR: FILIAL BETIM
CONTATO DISTRIBUIDOR: (16) 3434-5800
RESPONSÁVEL: Wanessa Fabrina
CONTATO RESPONSÁVEL: 11 9 8991-3766
ENDEREÇO: Em Branco</description>
                    <styleUrl>#21775</styleUrl>
                    <Polygon id="21848">
                        <tessellate>1</tessellate>
                        <outerBoundaryIs>
                            <LinearRing id="21852">
                                <coordinates>-44.00555425982117,-19.737140668706843,0.0 -43.97559471552364,-19.78139532633321,0.0 -44.01676935612085,-19.830776124118813,0.0 -44.06731835885512,-19.845381475674515,0.0 -44.13520822238149,-19.798670894546092,0.0 -44.16258839413905,-19.763039907066002,0.0 -44.133118361623076,-19.709965910198548,0.0 -44.04085900024262,-19.772730996038604,0.0 -44.00555425982117,-19.737140668706843,0.0</coordinates>
                            </LinearRing>
                        </outerBoundaryIs>
                    </Polygon>
                </Placemark>
                <Placemark id="21855">
                    <name>SABARÁ / MG
POPULAÇÃO: 127.897</name>
                    <description>DISTRIBUIDOR: FILIAL BETIM
CONTATO DISTRIBUIDOR: (44) 3624-1300 / 3624-0301
RESPONSÁVEL: Franzen
CONTATO RESPONSÁVEL: 51 9 9889-0857
ENDEREÇO: Em Branco</description>
                    <styleUrl>#21775</styleUrl>
                    <Polygon id="21854">
                        <tessellate>1</tessellate>
                        <outerBoundaryIs>
                            <LinearRing id="21858">
                                <coordinates>-43.70842699990607,-19.74660199708444,0.0 -43.70093599979651,-19.82172299711857,0.0 -43.74860500012062,-19.897083996529147,0.0 -43.7229980000576,-19.966709996768884,0.0 -43.834172999884004,-19.927426996458678,0.0 -43.87010600039156,-19.927872996341648,0.0 -43.89594372242482,-19.865648993905893,0.0 -43.861989645006076,-19.827768102316043,0.0 -43.80709400028786,-19.841236996789917,0.0 -43.8036669996323,-19.76155899615071,0.0 -43.77044900022116,-19.725513996773486,0.0 -43.70842699990607,-19.74660199708444,0.0</coordinates>
                            </LinearRing>
                        </outerBoundaryIs>
                    </Polygon>
                </Placemark>
                <Placemark id="21861">
                    <name>SANTA LUZIA / MG
POPULAÇÃO: 205.666</name>
                    <description>DISTRIBUIDOR: FILIAL BETIM
CONTATO DISTRIBUIDOR: Em Branco
RESPONSÁVEL: Em Branco
CONTATO RESPONSÁVEL: Em Branco
ENDEREÇO: Em Branco</description>
                    <styleUrl>#21775</styleUrl>
                    <Polygon id="21860">
                        <tessellate>1</tessellate>
                        <outerBoundaryIs>
                            <LinearRing id="21864">
                                <coordinates>-43.77044900022116,-19.725513996773486,0.0 -43.8036669996323,-19.76155899615071,0.0 -43.80709400028786,-19.841236996789917,0.0 -43.861989645006076,-19.827768102316043,0.0 -43.946076185267714,-19.7772410844085,0.0 -43.88670699972823,-19.72299399657561,0.0 -43.89752400033228,-19.69879299659948,0.0 -43.81548399958689,-19.716506996001044,0.0 -43.79837300011383,-19.613043996583144,0.0 -43.78224799934566,-19.61113099649822,0.0 -43.75495399972726,-19.625433996881384,0.0 -43.77044900022116,-19.725513996773486,0.0</coordinates>
                            </LinearRing>
                        </outerBoundaryIs>
                    </Polygon>
                </Placemark>
                <Placemark id="21867">
                    <name>SARZEDO / MG
POPULAÇÃO: 27.104</name>
                    <description>DISTRIBUIDOR: FILIAL BETIM
CONTATO DISTRIBUIDOR: 43 3029-9029
RESPONSÁVEL: Jeverson Pires Zampieri
CONTATO RESPONSÁVEL: 43 99646-0034
ENDEREÇO: Em Branco</description>
                    <styleUrl>#21775</styleUrl>
                    <Polygon id="21866">
                        <tessellate>1</tessellate>
                        <outerBoundaryIs>
                            <LinearRing id="21870">
                                <coordinates>-44.11605800027644,-20.02363399671151,0.0 -44.06426300033718,-20.080008996517904,0.0 -44.124287000244806,-20.09892399644525,0.0 -44.18115300021077,-20.045880996510732,0.0 -44.11605800027644,-20.02363399671151,0.0</coordinates>
                            </LinearRing>
                        </outerBoundaryIs>
                    </Polygon>
                </Placemark>
                <Placemark id="21873">
                    <name>VESPASIANO / MG
POPULAÇÃO: 108.771</name>
                    <description>DISTRIBUIDOR: FILIAL BETIM
CONTATO DISTRIBUIDOR: (44) 3624-1300 / 3624-0301
RESPONSÁVEL: Franzen
CONTATO RESPONSÁVEL: 51 9 9889-0857
ENDEREÇO: Em Branco</description>
                    <styleUrl>#21775</styleUrl>
                    <Polygon id="21872">
                        <tessellate>1</tessellate>
                        <outerBoundaryIs>
                            <LinearRing id="21876">
                                <coordinates>-43.94488110138167,-19.671626653047554,0.0 -43.89752400033228,-19.69879299659948,0.0 -43.88670699972823,-19.72299399657561,0.0 -43.946076185267714,-19.7772410844085,0.0 -43.97559471552364,-19.78139532633321,0.0 -44.00555425982117,-19.737140668706843,0.0 -44.006950000442146,-19.722060996717573,0.0 -43.95714213260328,-19.66990226058084,0.0 -43.94488110138167,-19.671626653047554,0.0</coordinates>
                            </LinearRing>
                        </outerBoundaryIs>
                    </Polygon>
                </Placemark>
            </Folder>
        </Folder>
        <Folder id="21878">
            <name>FILIAL CURITIBA</name>
            <Folder id="21879">
                <Style id="21880">
                    <LineStyle id="21881">
                        <color>FFFFFFFF</color>
                        <colorMode>normal</colorMode>
                        <width>0.2</width>
                    </LineStyle>
                    <PolyStyle id="21882">
                        <color>c8becc3d</color>
                        <colorMode>normal</colorMode>
                        <fill>1</fill>
                        <outline>1</outline>
                    </PolyStyle>
                </Style>
                <Style id="21883">
                    <LineStyle id="21884">
                        <color>FFFFFFFF</color>
                        <colorMode>normal</colorMode>
                        <width>0.8</width>
                    </LineStyle>
                    <PolyStyle id="21885">
                        <color>c8becc3d</color>
                        <colorMode>normal</colorMode>
                        <fill>1</fill>
                        <outline>1</outline>
                    </PolyStyle>
                </Style>
                <StyleMap id="21886">
                    <Pair>
                        <key>normal</key>
                        <styleUrl>#21880</styleUrl>
                    </Pair>
                    <Pair>
                        <key>highlight</key>
                        <styleUrl>#21883</styleUrl>
                    </Pair>
                </StyleMap>
                <name>FILIAL CURITIBA</name>
                <Placemark id="21888">
                    <name>ALMIRANTE TAMANDARÉ / PR
POPULAÇÃO: 105.458</name>
                    <description>DISTRIBUIDOR: FILIAL CURITIBA
CONTATO DISTRIBUIDOR: (49) 2049-6300
RESPONSÁVEL: Luciano Lino
CONTATO RESPONSÁVEL: 19 98145-8668
ENDEREÇO: Em Branco</description>
                    <styleUrl>#21886</styleUrl>
                    <Polygon id="21887">
                        <tessellate>1</tessellate>
                        <outerBoundaryIs>
                            <LinearRing id="21891">
                                <coordinates>-49.250857703620056,-25.23493721438092,0.0 -49.26794093652495,-25.255459934128623,0.0 -49.25961691598786,-25.305516263964364,0.0 -49.229397005367446,-25.350017815169963,0.0 -49.272354956615914,-25.34681032283811,0.0 -49.287307878156014,-25.372069675575005,0.0 -49.31199699956181,-25.382387000259826,0.0 -49.34024605041486,-25.349460377594312,0.0 -49.39662264561855,-25.32578047269061,0.0 -49.416035447278034,-25.26535663599992,0.0 -49.452195362925636,-25.243834706506448,0.0 -49.397207892929885,-25.262683072965388,0.0 -49.34703887804176,-25.23097464766181,0.0 -49.32315836856384,-25.233379443806257,0.0 -49.29154045372894,-25.224454043918968,0.0 -49.250857703620056,-25.23493721438092,0.0</coordinates>
                            </LinearRing>
                        </outerBoundaryIs>
                    </Polygon>
                </Placemark>
                <Placemark id="21894">
                    <name>Em Branco / Em Branco
POPULAÇÃO: Em Branco</name>
                    <description>DISTRIBUIDOR: FILIAL CURITIBA
CONTATO DISTRIBUIDOR: Em Branco
RESPONSÁVEL: Em Branco
CONTATO RESPONSÁVEL: Em Branco
ENDEREÇO: Em Branco</description>
                    <styleUrl>#21886</styleUrl>
                    <Point id="21893">
                        <coordinates>-15.7801,-47.9292,0.0</coordinates>
                    </Point>
                </Placemark>
                <Placemark id="21896">
                    <name>ARAUCÁRIA / PR
POPULAÇÃO: 122.878</name>
                    <description>DISTRIBUIDOR: FILIAL CURITIBA
CONTATO DISTRIBUIDOR: Em Branco
RESPONSÁVEL: Em Branco
CONTATO RESPONSÁVEL: Em Branco
ENDEREÇO: Em Branco</description>
                    <styleUrl>#21886</styleUrl>
                    <Polygon id="21895">
                        <tessellate>1</tessellate>
                        <outerBoundaryIs>
                            <LinearRing id="21899">
                                <coordinates>-49.37446296099682,-25.513423911484267,0.0 -49.33963099957094,-25.513216999964527,0.0 -49.34284044073371,-25.580360909128615,0.0 -49.35714264971347,-25.607404918801933,0.0 -49.35991637833814,-25.643164703588184,0.0 -49.355173101157675,-25.67349148964047,0.0 -49.357350960578344,-25.727606204462745,0.0 -49.369722804463834,-25.78888394204023,0.0 -49.38508838532067,-25.783570716815063,0.0 -49.41138862508495,-25.750870386958752,0.0 -49.444261971013134,-25.73073878596614,0.0 -49.47817473177838,-25.69497675827074,0.0 -49.48087059080507,-25.64848794096565,0.0 -49.51290760590126,-25.662020034397017,0.0 -49.54146678976048,-25.655339652602834,0.0 -49.540304727181365,-25.61832741168064,0.0 -49.55535575936074,-25.598471785644335,0.0 -49.58588155728802,-25.599859346031963,0.0 -49.58630416490524,-25.57405785138866,0.0 -49.56365779866843,-25.54827792248807,0.0 -49.52939326718547,-25.529457959317313,0.0 -49.501281390823465,-25.50113014853747,0.0 -49.46687876844038,-25.481683835440606,0.0 -49.42812628899702,-25.480712022641683,0.0 -49.37446296099682,-25.513423911484267,0.0</coordinates>
                            </LinearRing>
                        </outerBoundaryIs>
                    </Polygon>
                </Placemark>
                <Placemark id="21902">
                    <name>BALSA NOVA / PR
POPULAÇÃO: 11.539</name>
                    <description>DISTRIBUIDOR: FILIAL CURITIBA
CONTATO DISTRIBUIDOR: (48) 3433-4735
RESPONSÁVEL: Franzen
CONTATO RESPONSÁVEL: 51 9 9889-0857
ENDEREÇO: Em Branco</description>
                    <styleUrl>#21886</styleUrl>
                    <Polygon id="21901">
                        <tessellate>1</tessellate>
                        <outerBoundaryIs>
                            <LinearRing id="21905">
                                <coordinates>-49.56365779866843,-25.54827792248807,0.0 -49.58630416490524,-25.57405785138866,0.0 -49.58588155728802,-25.599859346031963,0.0 -49.601488617805444,-25.607594300736366,0.0 -49.63160082831553,-25.588396176242497,0.0 -49.68368669688351,-25.590986291184322,0.0 -49.70785392012226,-25.604827475307673,0.0 -49.747041135439986,-25.58337055061037,0.0 -49.7733222745033,-25.579643098150427,0.0 -49.80939902444538,-25.55375051387506,0.0 -49.799045232251615,-25.497356863928076,0.0 -49.76716046338464,-25.466718960111848,0.0 -49.74121067503256,-25.408417518053966,0.0 -49.74087675405889,-25.367000707116915,0.0 -49.75655644472408,-25.36056895729149,0.0 -49.73550108980339,-25.363855479346853,0.0 -49.738493375269,-25.393062368433505,0.0 -49.72117116461749,-25.433479401253294,0.0 -49.70346419971298,-25.430085607164983,0.0 -49.68862192626085,-25.466411904585698,0.0 -49.64554312231718,-25.468910096223908,0.0 -49.6116877931571,-25.45140989085371,0.0 -49.57369499982434,-25.464935000150092,0.0 -49.59095057071221,-25.511195592002935,0.0 -49.564984328364005,-25.526522536186064,0.0 -49.56365779866843,-25.54827792248807,0.0</coordinates>
                            </LinearRing>
                        </outerBoundaryIs>
                    </Polygon>
                </Placemark>
                <Placemark id="21908">
                    <name>CAMPINA GRANDE DO SUL / PR
POPULAÇÃO: 39.404</name>
                    <description>DISTRIBUIDOR: FILIAL CURITIBA
CONTATO DISTRIBUIDOR: (49) 2049-6300
RESPONSÁVEL: Luciano Lino
CONTATO RESPONSÁVEL: 19 98145-8668
ENDEREÇO: Em Branco</description>
                    <styleUrl>#21886</styleUrl>
                    <Polygon id="21907">
                        <tessellate>1</tessellate>
                        <outerBoundaryIs>
                            <LinearRing id="21911">
                                <coordinates>-48.59807039743083,-25.003255454375676,0.0 -48.57963284937648,-25.053127411500782,0.0 -48.55634295346448,-25.084299219433376,0.0 -48.60888193825082,-25.092962420179504,0.0 -48.6435318301298,-25.13094627155317,0.0 -48.68210231287139,-25.120451572681873,0.0 -48.73067851779933,-25.089488114285018,0.0 -48.76052568191466,-25.091623213640332,0.0 -48.78482684208507,-25.12634378233963,0.0 -48.8196935856904,-25.1322610480089,0.0 -48.84562113200957,-25.16326155667548,0.0 -48.83020660555036,-25.23258733173992,0.0 -48.84011905634935,-25.26339895399849,0.0 -48.830565365798975,-25.30295119873881,0.0 -48.84488489572129,-25.309996821296238,0.0 -48.884493913763094,-25.290276639455328,0.0 -48.90569883313458,-25.30933317738419,0.0 -48.90636567323719,-25.333006135025073,0.0 -48.963958228289584,-25.302804191060545,0.0 -49.016516424393444,-25.312530059514586,0.0 -49.04494533875635,-25.345615126536813,0.0 -49.08660090260952,-25.364334128217422,0.0 -49.123853669910886,-25.370627011027693,0.0 -49.135475531370616,-25.340825021657395,0.0 -49.12280603077363,-25.299584503921665,0.0 -49.09387577584636,-25.275108207977382,0.0 -49.06374464000311,-25.265207526606048,0.0 -49.015395348416575,-25.270766337796204,0.0 -48.969262676131564,-25.252996571434608,0.0 -48.9435157955175,-25.197914808421615,0.0 -48.90148765603044,-25.194158394194517,0.0 -48.866962460549075,-25.144265758957545,0.0 -48.85961377635465,-25.103948368322506,0.0 -48.82500842609795,-25.09685191608304,0.0 -48.795036257117545,-25.063531810344728,0.0 -48.75505118486427,-25.061233211543424,0.0 -48.7312037200756,-25.033115635278307,0.0 -48.69501680857883,-25.053413071256216,0.0 -48.6635228464022,-25.032799486706892,0.0 -48.63202768542931,-24.996761180084377,0.0 -48.59807039743083,-25.003255454375676,0.0</coordinates>
                            </LinearRing>
                        </outerBoundaryIs>
                    </Polygon>
                </Placemark>
                <Placemark id="21914">
                    <name>CAMPO LARGO / PR
POPULAÇÃO: 115.336</name>
                    <description>DISTRIBUIDOR: FILIAL CURITIBA
CONTATO DISTRIBUIDOR: (49) 2049-6300
RESPONSÁVEL: Luciano Lino
CONTATO RESPONSÁVEL: 19 98145-8668
ENDEREÇO: Em Branco</description>
                    <styleUrl>#21886</styleUrl>
                    <Polygon id="21913">
                        <tessellate>1</tessellate>
                        <outerBoundaryIs>
                            <LinearRing id="21917">
                                <coordinates>-49.60421237380194,-24.986461381387585,0.0 -49.598632753198956,-25.010619232791328,0.0 -49.54852203956045,-25.040125284054568,0.0 -49.60167831899918,-25.087549143578087,0.0 -49.56274140209399,-25.148887094363886,0.0 -49.555282454721464,-25.17811805830172,0.0 -49.57347884147532,-25.19276649997397,0.0 -49.575940065581506,-25.24262557161279,0.0 -49.53759466875891,-25.26544582626383,0.0 -49.4734334699786,-25.32588870789749,0.0 -49.47090793715154,-25.374706701852745,0.0 -49.38348417915148,-25.418878484254606,0.0 -49.38341580639428,-25.485841796062005,0.0 -49.37446296099682,-25.513423911484267,0.0 -49.42812628899702,-25.480712022641683,0.0 -49.46687876844038,-25.481683835440606,0.0 -49.501281390823465,-25.50113014853747,0.0 -49.52939326718547,-25.529457959317313,0.0 -49.56365779866843,-25.54827792248807,0.0 -49.564984328364005,-25.526522536186064,0.0 -49.59095057071221,-25.511195592002935,0.0 -49.57369499982434,-25.464935000150092,0.0 -49.6116877931571,-25.45140989085371,0.0 -49.64554312231718,-25.468910096223908,0.0 -49.68862192626085,-25.466411904585698,0.0 -49.70346419971298,-25.430085607164983,0.0 -49.72117116461749,-25.433479401253294,0.0 -49.738493375269,-25.393062368433505,0.0 -49.73550108980339,-25.363855479346853,0.0 -49.75655644472408,-25.36056895729149,0.0 -49.81966373609248,-25.270055223169948,0.0 -49.849153381922974,-25.23390774514627,0.0 -49.81587122937367,-25.225286454606135,0.0 -49.77299564883009,-25.195435665323657,0.0 -49.73082824212963,-25.224417227472998,0.0 -49.69286653836002,-25.194544465054946,0.0 -49.68265210511055,-25.16529730972303,0.0 -49.73157829560182,-25.127230514776386,0.0 -49.74284377012384,-25.07918018661627,0.0 -49.713066264796225,-25.055067102564692,0.0 -49.704941696801825,-25.0290981280761,0.0 -49.66565930803063,-25.000637648408713,0.0 -49.640164387776224,-25.00752615221012,0.0 -49.60421237380194,-24.986461381387585,0.0</coordinates>
                            </LinearRing>
                        </outerBoundaryIs>
                    </Polygon>
                </Placemark>
                <Placemark id="21920">
                    <name>CAMPO MAGRO / PR
POPULAÇÃO: 25.513</name>
                    <description>DISTRIBUIDOR: FILIAL CURITIBA
CONTATO DISTRIBUIDOR: (49) 2049-6300
RESPONSÁVEL: Luciano Lino
CONTATO RESPONSÁVEL: 19 98145-8668
ENDEREÇO: Em Branco</description>
                    <styleUrl>#21886</styleUrl>
                    <Polygon id="21919">
                        <tessellate>1</tessellate>
                        <outerBoundaryIs>
                            <LinearRing id="21923">
                                <coordinates>-49.555282454721464,-25.17811805830172,0.0 -49.466741280085955,-25.184610633773673,0.0 -49.44950471277224,-25.20133679355814,0.0 -49.452195362925636,-25.243834706506448,0.0 -49.416035447278034,-25.26535663599992,0.0 -49.39662264561855,-25.32578047269061,0.0 -49.34024605041486,-25.349460377594312,0.0 -49.347849977494434,-25.37594826000418,0.0 -49.38348417915148,-25.418878484254606,0.0 -49.47090793715154,-25.374706701852745,0.0 -49.4734334699786,-25.32588870789749,0.0 -49.53759466875891,-25.26544582626383,0.0 -49.575940065581506,-25.24262557161279,0.0 -49.57347884147532,-25.19276649997397,0.0 -49.555282454721464,-25.17811805830172,0.0</coordinates>
                            </LinearRing>
                        </outerBoundaryIs>
                    </Polygon>
                </Placemark>
                <Placemark id="21926">
                    <name>COLOMBO / PR
POPULAÇÃO: 217.443</name>
                    <description>DISTRIBUIDOR: FILIAL CURITIBA
CONTATO DISTRIBUIDOR: (49) 2049-6300
RESPONSÁVEL: Luciano Lino
CONTATO RESPONSÁVEL: 19 98145-8668
ENDEREÇO: Em Branco</description>
                    <styleUrl>#21886</styleUrl>
                    <Polygon id="21925">
                        <tessellate>1</tessellate>
                        <outerBoundaryIs>
                            <LinearRing id="21929">
                                <coordinates>-49.22197466579814,-25.230487439044055,0.0 -49.15084156098919,-25.244557280294202,0.0 -49.125531687037665,-25.277689130049282,0.0 -49.09387577584636,-25.275108207977382,0.0 -49.12280603077363,-25.299584503921665,0.0 -49.135475531370616,-25.340825021657395,0.0 -49.123853669910886,-25.370627011027693,0.0 -49.119947492482765,-25.378441703221995,0.0 -49.1414594152198,-25.38903127877046,0.0 -49.19348455886524,-25.390348454617424,0.0 -49.229397005367446,-25.350017815169963,0.0 -49.25961691598786,-25.305516263964364,0.0 -49.26794093652495,-25.255459934128623,0.0 -49.250857703620056,-25.23493721438092,0.0 -49.22197466579814,-25.230487439044055,0.0</coordinates>
                            </LinearRing>
                        </outerBoundaryIs>
                    </Polygon>
                </Placemark>
                <Placemark id="21932">
                    <name>CONTENDA / PR
POPULAÇÃO: 16.292</name>
                    <description>DISTRIBUIDOR: FILIAL CURITIBA
CONTATO DISTRIBUIDOR: Em Branco
RESPONSÁVEL: Em Branco
CONTATO RESPONSÁVEL: Em Branco
ENDEREÇO: Em Branco</description>
                    <styleUrl>#21886</styleUrl>
                    <Polygon id="21931">
                        <tessellate>1</tessellate>
                        <outerBoundaryIs>
                            <LinearRing id="21935">
                                <coordinates>-49.38508838532067,-25.783570716815063,0.0 -49.44830326708205,-25.798918600812726,0.0 -49.49055196260292,-25.795653548272583,0.0 -49.519362973722195,-25.807072121581086,0.0 -49.61486086753496,-25.78166834401884,0.0 -49.60247679826557,-25.756911805835102,0.0 -49.6105075885543,-25.643685156544677,0.0 -49.601488617805444,-25.607594300736366,0.0 -49.58588155728802,-25.599859346031963,0.0 -49.55535575936074,-25.598471785644335,0.0 -49.540304727181365,-25.61832741168064,0.0 -49.54146678976048,-25.655339652602834,0.0 -49.51290760590126,-25.662020034397017,0.0 -49.48087059080507,-25.64848794096565,0.0 -49.47817473177838,-25.69497675827074,0.0 -49.444261971013134,-25.73073878596614,0.0 -49.41138862508495,-25.750870386958752,0.0 -49.38508838532067,-25.783570716815063,0.0</coordinates>
                            </LinearRing>
                        </outerBoundaryIs>
                    </Polygon>
                </Placemark>
                <Placemark id="21938">
                    <name>CURITIBA / PR
POPULAÇÃO: 1.776.761</name>
                    <description>DISTRIBUIDOR: FILIAL CURITIBA
CONTATO DISTRIBUIDOR: Em Branco
RESPONSÁVEL: Em Branco
CONTATO RESPONSÁVEL: Em Branco
ENDEREÇO: Em Branco</description>
                    <styleUrl>#21886</styleUrl>
                    <Polygon id="21937">
                        <tessellate>1</tessellate>
                        <outerBoundaryIs>
                            <LinearRing id="21941">
                                <coordinates>-49.229397005367446,-25.350017815169963,0.0 -49.19348455886524,-25.390348454617424,0.0 -49.20334460706795,-25.43562337601793,0.0 -49.18522482276734,-25.471450119827125,0.0 -49.22599400042276,-25.538743999935605,0.0 -49.22331745343769,-25.562029847099723,0.0 -49.270981556053925,-25.612210906608027,0.0 -49.3041547251604,-25.615989974757497,0.0 -49.35991637833814,-25.643164703588184,0.0 -49.35714264971347,-25.607404918801933,0.0 -49.34284044073371,-25.580360909128615,0.0 -49.33963099957094,-25.513216999964527,0.0 -49.37446296099682,-25.513423911484267,0.0 -49.38341580639428,-25.485841796062005,0.0 -49.38348417915148,-25.418878484254606,0.0 -49.347849977494434,-25.37594826000418,0.0 -49.34024605041486,-25.349460377594312,0.0 -49.31199699956181,-25.382387000259826,0.0 -49.287307878156014,-25.372069675575005,0.0 -49.272354956615914,-25.34681032283811,0.0 -49.229397005367446,-25.350017815169963,0.0</coordinates>
                            </LinearRing>
                        </outerBoundaryIs>
                    </Polygon>
                </Placemark>
                <Placemark id="21944">
                    <name>FAZENDA RIO GRANDE / PR
POPULAÇÃO: 84.514</name>
                    <description>DISTRIBUIDOR: FILIAL CURITIBA
CONTATO DISTRIBUIDOR: (49) 2049-6300
RESPONSÁVEL: Luciano Lino
CONTATO RESPONSÁVEL: 19 98145-8668
ENDEREÇO: Em Branco</description>
                    <styleUrl>#21886</styleUrl>
                    <Polygon id="21943">
                        <tessellate>1</tessellate>
                        <outerBoundaryIs>
                            <LinearRing id="21947">
                                <coordinates>-49.270981556053925,-25.612210906608027,0.0 -49.24552138020749,-25.754037777621306,0.0 -49.26541129199751,-25.73624461359799,0.0 -49.294276821817846,-25.737831624729665,0.0 -49.32866160434952,-25.718338490229087,0.0 -49.355173101157675,-25.67349148964047,0.0 -49.35991637833814,-25.643164703588184,0.0 -49.3041547251604,-25.615989974757497,0.0 -49.270981556053925,-25.612210906608027,0.0</coordinates>
                            </LinearRing>
                        </outerBoundaryIs>
                    </Polygon>
                </Placemark>
                <Placemark id="21950">
                    <name>GUARATUBA / PR
POPULAÇÃO: 32.826</name>
                    <description>DISTRIBUIDOR: FILIAL CURITIBA
CONTATO DISTRIBUIDOR: (49) 2049-6300
RESPONSÁVEL: Luciano Lino
CONTATO RESPONSÁVEL: 19 98145-8668
ENDEREÇO: Em Branco</description>
                    <styleUrl>#21886</styleUrl>
                    <Polygon id="21949">
                        <tessellate>1</tessellate>
                        <outerBoundaryIs>
                            <LinearRing id="21953">
                                <coordinates>-48.68833514884801,-25.62701157562367,0.0 -48.6544139245629,-25.642144920051976,0.0 -48.62778539448033,-25.6668692040505,0.0 -48.63451850352607,-25.70449982780474,0.0 -48.63237834368556,-25.758676094026498,0.0 -48.5993836720188,-25.768593618800423,0.0 -48.54965094613419,-25.852126690194552,0.0 -48.56531899147825,-25.860104745137846,0.0 -48.56156834370404,-25.892725261961232,0.0 -48.60138344229199,-25.98080596842067,0.0 -48.634062072406664,-25.97774748206058,0.0 -48.64436962236016,-25.955841821742638,0.0 -48.68203231593861,-25.983671319076052,0.0 -48.96047839516177,-25.98079983234635,0.0 -48.968278140623624,-25.986731595986328,0.0 -48.95448149182732,-25.96543139794062,0.0 -48.99245253505643,-25.92165316336275,0.0 -48.974944573033554,-25.889658061170564,0.0 -48.96275033625898,-25.830919016199573,0.0 -48.90971586099812,-25.81206582847517,0.0 -48.89107295005658,-25.819267944759815,0.0 -48.85222814890989,-25.796839573287627,0.0 -48.87547908349285,-25.760186534181173,0.0 -48.91112346727414,-25.75697358656174,0.0 -48.973427148743895,-25.726497630860933,0.0 -48.92368872745277,-25.699734133223615,0.0 -48.90407257019291,-25.66830501666317,0.0 -48.87193333005911,-25.658049763186,0.0 -48.84727061364788,-25.610327348528244,0.0 -48.789896327653366,-25.62286069176747,0.0 -48.76000171980348,-25.597299624577943,0.0 -48.68833514884801,-25.62701157562367,0.0</coordinates>
                            </LinearRing>
                        </outerBoundaryIs>
                    </Polygon>
                </Placemark>
                <Placemark id="21956">
                    <name>ITAPERUÇU / PR
POPULAÇÃO: 24.573</name>
                    <description>DISTRIBUIDOR: FILIAL CURITIBA
CONTATO DISTRIBUIDOR: Em Branco
RESPONSÁVEL: Em Branco
CONTATO RESPONSÁVEL: Em Branco
ENDEREÇO: Em Branco</description>
                    <styleUrl>#21886</styleUrl>
                    <Polygon id="21955">
                        <tessellate>1</tessellate>
                        <outerBoundaryIs>
                            <LinearRing id="21959">
                                <coordinates>-49.32315836856384,-25.233379443806257,0.0 -49.34703887804176,-25.23097464766181,0.0 -49.397207892929885,-25.262683072965388,0.0 -49.452195362925636,-25.243834706506448,0.0 -49.44950471277224,-25.20133679355814,0.0 -49.466741280085955,-25.184610633773673,0.0 -49.555282454721464,-25.17811805830172,0.0 -49.56274140209399,-25.148887094363886,0.0 -49.60167831899918,-25.087549143578087,0.0 -49.54852203956045,-25.040125284054568,0.0 -49.598632753198956,-25.010619232791328,0.0 -49.60421237380194,-24.986461381387585,0.0 -49.574878115532556,-24.959410987427077,0.0 -49.50136859988095,-25.012089734953236,0.0 -49.50887615561004,-25.031802027941183,0.0 -49.48258280914928,-25.08264843647612,0.0 -49.43057117152233,-25.12495014343432,0.0 -49.46334671527865,-25.165630011216024,0.0 -49.40263931964881,-25.174625122951,0.0 -49.371776512476,-25.193257840077194,0.0 -49.33786074617643,-25.198090176220603,0.0 -49.32315836856384,-25.233379443806257,0.0</coordinates>
                            </LinearRing>
                        </outerBoundaryIs>
                    </Polygon>
                </Placemark>
                <Placemark id="21962">
                    <name>Em Branco / Em Branco
POPULAÇÃO: Em Branco</name>
                    <description>DISTRIBUIDOR: FILIAL CURITIBA
CONTATO DISTRIBUIDOR: Em Branco
RESPONSÁVEL: Em Branco
CONTATO RESPONSÁVEL: Em Branco
ENDEREÇO: Em Branco</description>
                    <styleUrl>#21886</styleUrl>
                    <Point id="21961">
                        <coordinates>-15.7801,-47.9292,0.0</coordinates>
                    </Point>
                </Placemark>
                <Placemark id="21964">
                    <name>MATINHOS / PR
POPULAÇÃO: 30.220</name>
                    <description>DISTRIBUIDOR: FILIAL CURITIBA
CONTATO DISTRIBUIDOR: Em Branco
RESPONSÁVEL: Em Branco
CONTATO RESPONSÁVEL: Em Branco
ENDEREÇO: Em Branco</description>
                    <styleUrl>#21886</styleUrl>
                    <Polygon id="21963">
                        <tessellate>1</tessellate>
                        <outerBoundaryIs>
                            <LinearRing id="21967">
                                <coordinates>-48.47675611889974,-25.713865706637023,0.0 -48.52625625851948,-25.801708148512205,0.0 -48.54965094613419,-25.852126690194552,0.0 -48.5993836720188,-25.768593618800423,0.0 -48.63237834368556,-25.758676094026498,0.0 -48.63451850352607,-25.70449982780474,0.0 -48.59001952168353,-25.733364657952563,0.0 -48.55922237221466,-25.72419959413594,0.0 -48.52595178494687,-25.69939704034107,0.0 -48.47675611889974,-25.713865706637023,0.0</coordinates>
                            </LinearRing>
                        </outerBoundaryIs>
                    </Polygon>
                </Placemark>
                <Placemark id="21970">
                    <name>MORRETES / PR
POPULAÇÃO: 15.785</name>
                    <description>DISTRIBUIDOR: FILIAL CURITIBA
CONTATO DISTRIBUIDOR: Em Branco
RESPONSÁVEL: Em Branco
CONTATO RESPONSÁVEL: Em Branco
ENDEREÇO: Em Branco</description>
                    <styleUrl>#21886</styleUrl>
                    <Polygon id="21969">
                        <tessellate>1</tessellate>
                        <outerBoundaryIs>
                            <LinearRing id="21973">
                                <coordinates>-48.84488489572129,-25.309996821296238,0.0 -48.84955199582788,-25.368283883194636,0.0 -48.83457424130813,-25.386318993626617,0.0 -48.81899944037184,-25.44304549075673,0.0 -48.79647247172716,-25.47079930204609,0.0 -48.71983702505861,-25.4837178644878,0.0 -48.683828576827295,-25.502537110898913,0.0 -48.68134992565848,-25.532586276235634,0.0 -48.70407103185261,-25.56822313179208,0.0 -48.68833514884801,-25.62701157562367,0.0 -48.76000171980348,-25.597299624577943,0.0 -48.789896327653366,-25.62286069176747,0.0 -48.84727061364788,-25.610327348528244,0.0 -48.87193333005911,-25.658049763186,0.0 -48.90407257019291,-25.66830501666317,0.0 -48.92368872745277,-25.699734133223615,0.0 -48.973427148743895,-25.726497630860933,0.0 -48.96948156122505,-25.664285289034808,0.0 -48.95331733112988,-25.6421977201486,0.0 -48.95859918530414,-25.601914983989275,0.0 -48.97272852660018,-25.575926674076698,0.0 -48.97016381211017,-25.522644302492495,0.0 -48.96416278628351,-25.491740406194765,0.0 -48.94349092566563,-25.477159505406803,0.0 -48.9628696169392,-25.444746738271306,0.0 -48.96467593674504,-25.42721212034303,0.0 -48.94247368990881,-25.386626792892116,0.0 -48.91901919288142,-25.379438478502948,0.0 -48.90636567323719,-25.333006135025073,0.0 -48.90569883313458,-25.30933317738419,0.0 -48.884493913763094,-25.290276639455328,0.0 -48.84488489572129,-25.309996821296238,0.0</coordinates>
                            </LinearRing>
                        </outerBoundaryIs>
                    </Polygon>
                </Placemark>
                <Placemark id="21976">
                    <name>Em Branco / Em Branco
POPULAÇÃO: Em Branco</name>
                    <description>DISTRIBUIDOR: FILIAL CURITIBA
CONTATO DISTRIBUIDOR: Em Branco
RESPONSÁVEL: Em Branco
CONTATO RESPONSÁVEL: Em Branco
ENDEREÇO: Em Branco</description>
                    <styleUrl>#21886</styleUrl>
                    <Point id="21975">
                        <coordinates>-15.7801,-47.9292,0.0</coordinates>
                    </Point>
                </Placemark>
                <Placemark id="21978">
                    <name>PIRAQUARA / PR
POPULAÇÃO: 96.023</name>
                    <description>DISTRIBUIDOR: FILIAL CURITIBA
CONTATO DISTRIBUIDOR: (19) 3208-1334
RESPONSÁVEL: Wanessa Fabrina
CONTATO RESPONSÁVEL: 11 9 8991-3766
ENDEREÇO: Em Branco</description>
                    <styleUrl>#21886</styleUrl>
                    <Polygon id="21977">
                        <tessellate>1</tessellate>
                        <outerBoundaryIs>
                            <LinearRing id="21981">
                                <coordinates>-48.9628696169392,-25.444746738271306,0.0 -48.94349092566563,-25.477159505406803,0.0 -48.96416278628351,-25.491740406194765,0.0 -48.97016381211017,-25.522644302492495,0.0 -49.02439686332457,-25.550640434308548,0.0 -49.07101445455339,-25.53968500735715,0.0 -49.107640951069016,-25.515706289213824,0.0 -49.14556600027066,-25.47271700018939,0.0 -49.17557667642245,-25.462598883431667,0.0 -49.154820002541044,-25.44477716773207,0.0 -49.11591818887325,-25.44013071336167,0.0 -49.10396170586802,-25.39423472015619,0.0 -49.076450286151726,-25.38931282142954,0.0 -49.035755310659,-25.409709449931142,0.0 -49.0100313690524,-25.440641184742844,0.0 -48.9628696169392,-25.444746738271306,0.0</coordinates>
                            </LinearRing>
                        </outerBoundaryIs>
                    </Polygon>
                </Placemark>
                <Placemark id="21984">
                    <name>PONTAL DO PARANÁ / PR
POPULAÇÃO: 21.917</name>
                    <description>DISTRIBUIDOR: FILIAL CURITIBA
CONTATO DISTRIBUIDOR: Em Branco
RESPONSÁVEL: Em Branco
CONTATO RESPONSÁVEL: Em Branco
ENDEREÇO: Em Branco</description>
                    <styleUrl>#21886</styleUrl>
                    <Polygon id="21983">
                        <tessellate>1</tessellate>
                        <outerBoundaryIs>
                            <LinearRing id="21987">
                                <coordinates>-48.3585273135846,-25.585945070408627,0.0 -48.410586691722415,-25.619505114369474,0.0 -48.47675611889974,-25.713865706637023,0.0 -48.52595178494687,-25.69939704034107,0.0 -48.55922237221466,-25.72419959413594,0.0 -48.59001952168353,-25.733364657952563,0.0 -48.57248243781419,-25.70118213254932,0.0 -48.58453279565197,-25.653902580039983,0.0 -48.53365148262975,-25.640954089959223,0.0 -48.49689100601506,-25.64925738112322,0.0 -48.490630990727595,-25.600578729924393,0.0 -48.460446616817876,-25.545656833096302,0.0 -48.423611466795705,-25.55715228045335,0.0 -48.3724812708939,-25.54486583349137,0.0 -48.349333076660116,-25.569568453721104,0.0 -48.3585273135846,-25.585945070408627,0.0</coordinates>
                            </LinearRing>
                        </outerBoundaryIs>
                    </Polygon>
                </Placemark>
                <Placemark id="21990">
                    <name>QUATRO BARRAS / PR
POPULAÇÃO: 20.409</name>
                    <description>DISTRIBUIDOR: FILIAL CURITIBA
CONTATO DISTRIBUIDOR: Em Branco
RESPONSÁVEL: Em Branco
CONTATO RESPONSÁVEL: Em Branco
ENDEREÇO: Em Branco</description>
                    <styleUrl>#21886</styleUrl>
                    <Polygon id="21989">
                        <tessellate>1</tessellate>
                        <outerBoundaryIs>
                            <LinearRing id="21993">
                                <coordinates>-48.90636567323719,-25.333006135025073,0.0 -48.91901919288142,-25.379438478502948,0.0 -48.94247368990881,-25.386626792892116,0.0 -48.96467593674504,-25.42721212034303,0.0 -48.9628696169392,-25.444746738271306,0.0 -49.0100313690524,-25.440641184742844,0.0 -49.035755310659,-25.409709449931142,0.0 -49.076450286151726,-25.38931282142954,0.0 -49.10396170586802,-25.39423472015619,0.0 -49.119947492482765,-25.378441703221995,0.0 -49.123853669910886,-25.370627011027693,0.0 -49.08660090260952,-25.364334128217422,0.0 -49.04494533875635,-25.345615126536813,0.0 -49.016516424393444,-25.312530059514586,0.0 -48.963958228289584,-25.302804191060545,0.0 -48.90636567323719,-25.333006135025073,0.0</coordinates>
                            </LinearRing>
                        </outerBoundaryIs>
                    </Polygon>
                </Placemark>
                <Placemark id="21996">
                    <name>RIO BRANCO DO SUL / PR
POPULAÇÃO: 30.848</name>
                    <description>DISTRIBUIDOR: FILIAL CURITIBA
CONTATO DISTRIBUIDOR: Em Branco
RESPONSÁVEL: Em Branco
CONTATO RESPONSÁVEL: Em Branco
ENDEREÇO: Em Branco</description>
                    <styleUrl>#21886</styleUrl>
                    <Polygon id="21995">
                        <tessellate>1</tessellate>
                        <outerBoundaryIs>
                            <LinearRing id="21999">
                                <coordinates>-49.0939106272736,-25.0741436908786,0.0 -49.07613265010167,-25.121342060687482,0.0 -49.128372459221566,-25.13405857154578,0.0 -49.17831877409213,-25.164410687902887,0.0 -49.17781995432739,-25.197996049577966,0.0 -49.2211091016037,-25.209810688812183,0.0 -49.22197466579814,-25.230487439044055,0.0 -49.250857703620056,-25.23493721438092,0.0 -49.29154045372894,-25.224454043918968,0.0 -49.32315836856384,-25.233379443806257,0.0 -49.33786074617643,-25.198090176220603,0.0 -49.371776512476,-25.193257840077194,0.0 -49.40263931964881,-25.174625122951,0.0 -49.46334671527865,-25.165630011216024,0.0 -49.43057117152233,-25.12495014343432,0.0 -49.48258280914928,-25.08264843647612,0.0 -49.50887615561004,-25.031802027941183,0.0 -49.50136859988095,-25.012089734953236,0.0 -49.574878115532556,-24.959410987427077,0.0 -49.54876181770368,-24.940540746758018,0.0 -49.53945424821495,-24.916515798964895,0.0 -49.49877655679262,-24.905280351906697,0.0 -49.451051498128095,-24.915702789352224,0.0 -49.389732060785946,-24.8951158580104,0.0 -49.38089580979374,-24.931997286245746,0.0 -49.393326048458334,-24.975416322605156,0.0 -49.30346577432596,-25.03991235247304,0.0 -49.24011189784579,-25.074699062711545,0.0 -49.206441506170506,-25.07311026912356,0.0 -49.15190062421442,-25.08603600545723,0.0 -49.14279589231654,-25.097814948800817,0.0 -49.0939106272736,-25.0741436908786,0.0</coordinates>
                            </LinearRing>
                        </outerBoundaryIs>
                    </Polygon>
                </Placemark>
                <Placemark id="22002">
                    <name>SÃO JOSÉ DOS PINHAIS / PR
POPULAÇÃO: 273.255</name>
                    <description>DISTRIBUIDOR: FILIAL CURITIBA
CONTATO DISTRIBUIDOR: (19) 3681-2323
RESPONSÁVEL: Wanessa Fabrina
CONTATO RESPONSÁVEL: 11 9 8991-3766
ENDEREÇO: Em Branco</description>
                    <styleUrl>#21886</styleUrl>
                    <Polygon id="22001">
                        <tessellate>1</tessellate>
                        <outerBoundaryIs>
                            <LinearRing id="22005">
                                <coordinates>-48.97016381211017,-25.522644302492495,0.0 -48.97272852660018,-25.575926674076698,0.0 -48.95859918530414,-25.601914983989275,0.0 -48.95331733112988,-25.6421977201486,0.0 -48.96948156122505,-25.664285289034808,0.0 -48.973427148743895,-25.726497630860933,0.0 -48.91112346727414,-25.75697358656174,0.0 -48.87547908349285,-25.760186534181173,0.0 -48.85222814890989,-25.796839573287627,0.0 -48.89107295005658,-25.819267944759815,0.0 -48.90971586099812,-25.81206582847517,0.0 -48.96275033625898,-25.830919016199573,0.0 -48.984949365320915,-25.827974846262123,0.0 -49.0027722825148,-25.795473779191525,0.0 -49.07001242903033,-25.79702596137895,0.0 -49.087687955434774,-25.744370279664622,0.0 -49.14704583199949,-25.752502001765947,0.0 -49.16294442394599,-25.80547324299573,0.0 -49.192487036247655,-25.803350535398863,0.0 -49.2078032524181,-25.825137023854495,0.0 -49.241497692864186,-25.797708988379043,0.0 -49.24552138020749,-25.754037777621306,0.0 -49.270981556053925,-25.612210906608027,0.0 -49.22331745343769,-25.562029847099723,0.0 -49.22599400042276,-25.538743999935605,0.0 -49.18522482276734,-25.471450119827125,0.0 -49.17557667642245,-25.462598883431667,0.0 -49.14556600027066,-25.47271700018939,0.0 -49.107640951069016,-25.515706289213824,0.0 -49.07101445455339,-25.53968500735715,0.0 -49.02439686332457,-25.550640434308548,0.0 -48.97016381211017,-25.522644302492495,0.0</coordinates>
                            </LinearRing>
                        </outerBoundaryIs>
                    </Polygon>
                </Placemark>
            </Folder>
        </Folder>
        <Folder id="22007">
            <name>FILIAL LONDRINA</name>
            <Folder id="22008">
                <Style id="22009">
                    <LineStyle id="22010">
                        <color>FFFFFFFF</color>
                        <colorMode>normal</colorMode>
                        <width>0.2</width>
                    </LineStyle>
                    <PolyStyle id="22011">
                        <color>c8c6cc3d</color>
                        <colorMode>normal</colorMode>
                        <fill>1</fill>
                        <outline>1</outline>
                    </PolyStyle>
                </Style>
                <Style id="22012">
                    <LineStyle id="22013">
                        <color>FFFFFFFF</color>
                        <colorMode>normal</colorMode>
                        <width>0.8</width>
                    </LineStyle>
                    <PolyStyle id="22014">
                        <color>c8c6cc3d</color>
                        <colorMode>normal</colorMode>
                        <fill>1</fill>
                        <outline>1</outline>
                    </PolyStyle>
                </Style>
                <StyleMap id="22015">
                    <Pair>
                        <key>normal</key>
                        <styleUrl>#22009</styleUrl>
                    </Pair>
                    <Pair>
                        <key>highlight</key>
                        <styleUrl>#22012</styleUrl>
                    </Pair>
                </StyleMap>
                <name>FILIAL LONDRINA</name>
                <Placemark id="22017">
                    <name>ABATIÁ / PR
POPULAÇÃO: 7.690</name>
                    <description>DISTRIBUIDOR: FILIAL LONDRINA
CONTATO DISTRIBUIDOR: (49) 2049-6300
RESPONSÁVEL: Luciano Lino
CONTATO RESPONSÁVEL: 19 98145-8668
ENDEREÇO: Em Branco</description>
                    <styleUrl>#22015</styleUrl>
                    <Polygon id="22016">
                        <tessellate>1</tessellate>
                        <outerBoundaryIs>
                            <LinearRing id="22020">
                                <coordinates>-50.23476196928942,-23.35672638661339,0.0 -50.25863188385432,-23.354530762884337,0.0 -50.30417742564765,-23.38241153866153,0.0 -50.31709480188357,-23.35593839973734,0.0 -50.3790619759294,-23.359817394257277,0.0 -50.41370727946736,-23.324559350233756,0.0 -50.460097365600916,-23.308239431304685,0.0 -50.481038564178334,-23.268636276842642,0.0 -50.468042219372876,-23.260327227319635,0.0 -50.46686505807594,-23.26018535746823,0.0 -50.439662339645224,-23.28119753323955,0.0 -50.35891548396239,-23.285352782404914,0.0 -50.34601048329711,-23.299852525673487,0.0 -50.30416303019962,-23.259160126738436,0.0 -50.250486410219594,-23.24609926996527,0.0 -50.22493883645808,-23.22442889028099,0.0 -50.2022814238486,-23.248141207650576,0.0 -50.19440020070863,-23.285763780673904,0.0 -50.23476196928942,-23.35672638661339,0.0</coordinates>
                            </LinearRing>
                        </outerBoundaryIs>
                    </Polygon>
                </Placemark>
                <Placemark id="22023">
                    <name>ALTO PARANÁ / PR
POPULAÇÃO: 13.806</name>
                    <description>DISTRIBUIDOR: FILIAL LONDRINA
CONTATO DISTRIBUIDOR: (49) 2049-6300
RESPONSÁVEL: Luciano Lino
CONTATO RESPONSÁVEL: 19 98145-8668
ENDEREÇO: Em Branco</description>
                    <styleUrl>#22015</styleUrl>
                    <Polygon id="22022">
                        <tessellate>1</tessellate>
                        <outerBoundaryIs>
                            <LinearRing id="22026">
                                <coordinates>-52.27021412438228,-22.913953843994648,0.0 -52.28421571248509,-22.967872645106468,0.0 -52.258330704998,-22.993157546683392,0.0 -52.24775675696873,-23.02634474251579,0.0 -52.25179576156512,-23.061886584698073,0.0 -52.23299008682301,-23.139543026289573,0.0 -52.255430417479715,-23.167894920913852,0.0 -52.30410589676967,-23.191536062339367,0.0 -52.38283332210011,-23.19927016718441,0.0 -52.42051961478836,-23.234107913049684,0.0 -52.420914802975744,-23.141060001817607,0.0 -52.380840088998866,-23.07792272165625,0.0 -52.357052099974396,-23.06325992230751,0.0 -52.373422098550975,-22.985118547383024,0.0 -52.36329155496128,-22.968811206372038,0.0 -52.371225544922936,-22.92967541428891,0.0 -52.320547565018046,-22.90981766585253,0.0 -52.27021412438228,-22.913953843994648,0.0</coordinates>
                            </LinearRing>
                        </outerBoundaryIs>
                    </Polygon>
                </Placemark>
                <Placemark id="22029">
                    <name>ALVORADA DO SUL / PR
POPULAÇÃO: 10.439</name>
                    <description>DISTRIBUIDOR: FILIAL LONDRINA
CONTATO DISTRIBUIDOR: Em Branco
RESPONSÁVEL: Em Branco
CONTATO RESPONSÁVEL: Em Branco
ENDEREÇO: Em Branco</description>
                    <styleUrl>#22015</styleUrl>
                    <Polygon id="22028">
                        <tessellate>1</tessellate>
                        <outerBoundaryIs>
                            <LinearRing id="22032">
                                <coordinates>-51.17596424875103,-22.738806416682735,0.0 -51.18407694749311,-22.77152761620647,0.0 -51.15459314905456,-22.854980443792385,0.0 -51.17749480853854,-22.899981349859388,0.0 -51.19714630196023,-22.915605477710585,0.0 -51.203208815334506,-22.944780535293432,0.0 -51.22360674065851,-22.95666369927028,0.0 -51.27191718333131,-22.924853307034425,0.0 -51.31578587801579,-22.91567678495562,0.0 -51.34243657638683,-22.891808984696866,0.0 -51.33490716173611,-22.835890323379658,0.0 -51.317782404434354,-22.830127008154875,0.0 -51.31184636811537,-22.785135508996518,0.0 -51.343953894556535,-22.733605807262165,0.0 -51.34522792093179,-22.702864678362175,0.0 -51.3330704322546,-22.66710952238651,0.0 -51.30649496756865,-22.674490237734233,0.0 -51.26519985648815,-22.66769740561074,0.0 -51.22833595873749,-22.716017185944338,0.0 -51.17596424875103,-22.738806416682735,0.0</coordinates>
                            </LinearRing>
                        </outerBoundaryIs>
                    </Polygon>
                </Placemark>
                <Placemark id="22035">
                    <name>AMAPORÃ / PR
POPULAÇÃO: 5.562</name>
                    <description>DISTRIBUIDOR: FILIAL LONDRINA
CONTATO DISTRIBUIDOR: Em Branco
RESPONSÁVEL: Em Branco
CONTATO RESPONSÁVEL: Em Branco
ENDEREÇO: Em Branco</description>
                    <styleUrl>#22015</styleUrl>
                    <Polygon id="22034">
                        <tessellate>1</tessellate>
                        <outerBoundaryIs>
                            <LinearRing id="22038">
                                <coordinates>-52.71518934321358,-23.058692700907386,0.0 -52.74996616720483,-23.10911431737179,0.0 -52.77248858887725,-23.1797600076182,0.0 -52.81918109902847,-23.22201004852485,0.0 -52.85022189192671,-23.229940319789876,0.0 -52.86298786100093,-23.267941269074242,0.0 -52.918213534427025,-23.27233286726795,0.0 -52.93517021563292,-23.262510279425783,0.0 -52.93050177553647,-23.24042654704749,0.0 -52.9093161771998,-23.225727108419278,0.0 -52.916386856668055,-23.197173794435002,0.0 -52.904153332110525,-23.17912693975643,0.0 -52.91868176914829,-23.083065010042162,0.0 -52.88455228615902,-23.023012469250034,0.0 -52.85596985032828,-23.032674882439835,0.0 -52.825924138388245,-23.058138986524966,0.0 -52.78888439439925,-23.005464253572427,0.0 -52.7611242437888,-23.00591947060701,0.0 -52.726798788633175,-23.032154241525006,0.0 -52.71518934321358,-23.058692700907386,0.0</coordinates>
                            </LinearRing>
                        </outerBoundaryIs>
                    </Polygon>
                </Placemark>
                <Placemark id="22041">
                    <name>ANDIRÁ / PR
POPULAÇÃO: 20.451</name>
                    <description>DISTRIBUIDOR: FILIAL LONDRINA
CONTATO DISTRIBUIDOR: (42) 3522-2230 
RESPONSÁVEL: Franzen
CONTATO RESPONSÁVEL: 51 9 9889-0857
ENDEREÇO: Em Branco</description>
                    <styleUrl>#22015</styleUrl>
                    <Polygon id="22040">
                        <tessellate>1</tessellate>
                        <outerBoundaryIs>
                            <LinearRing id="22044">
                                <coordinates>-50.20389170763616,-22.95278654836045,0.0 -50.19430128877343,-22.99117248572162,0.0 -50.210302377352775,-23.02601647378117,0.0 -50.17020537188034,-23.077386388470984,0.0 -50.249740551185425,-23.075787585428657,0.0 -50.25011285252606,-23.101149265726008,0.0 -50.2614537190139,-23.10592509116998,0.0 -50.31113424105234,-23.07547421036645,0.0 -50.36998660239976,-23.059507026228232,0.0 -50.347909315462516,-23.03909339424473,0.0 -50.33569087973029,-22.978511433355948,0.0 -50.34018659693385,-22.948072768943064,0.0 -50.32331336921658,-22.951265709344966,0.0 -50.275569046174496,-22.931603237899083,0.0 -50.243248311160585,-22.950977767110203,0.0 -50.20389170763616,-22.95278654836045,0.0</coordinates>
                            </LinearRing>
                        </outerBoundaryIs>
                    </Polygon>
                </Placemark>
                <Placemark id="22047">
                    <name>APUCARANA / PR
POPULAÇÃO: 122.896</name>
                    <description>DISTRIBUIDOR: FILIAL LONDRINA
CONTATO DISTRIBUIDOR: (49) 2049-6300
RESPONSÁVEL: Luciano Lino
CONTATO RESPONSÁVEL: 19 98145-8668
ENDEREÇO: Em Branco</description>
                    <styleUrl>#22015</styleUrl>
                    <Polygon id="22046">
                        <tessellate>1</tessellate>
                        <outerBoundaryIs>
                            <LinearRing id="22050">
                                <coordinates>-51.59068463089096,-23.4262361332909,0.0 -51.593422707691786,-23.437374960785746,0.0 -51.53209613962508,-23.457551424458643,0.0 -51.50770210376902,-23.49143759137172,0.0 -51.440902059382495,-23.500362412994946,0.0 -51.40643171085475,-23.515387133709226,0.0 -51.35180746624155,-23.525464402360228,0.0 -51.330457033865,-23.54523556047269,0.0 -51.301318412314856,-23.547734083061414,0.0 -51.28982913700503,-23.563914458685304,0.0 -51.236420489813725,-23.554544978068236,0.0 -51.21973141177517,-23.58743216186474,0.0 -51.23973775699187,-23.62493025882435,0.0 -51.255666888116366,-23.6186399885446,0.0 -51.301703957071936,-23.633318262527723,0.0 -51.388413377275526,-23.628465312124433,0.0 -51.42902024888531,-23.699210980002704,0.0 -51.438459109500286,-23.709512659181826,0.0 -51.44725452857358,-23.730307708034275,0.0 -51.47485428239918,-23.725067862991466,0.0 -51.480702597946504,-23.69947718112695,0.0 -51.500071894901964,-23.650952908449938,0.0 -51.55949058362347,-23.599645542507744,0.0 -51.575844828775814,-23.5722756616924,0.0 -51.577039092480106,-23.542479177072323,0.0 -51.59964263569901,-23.521175816110997,0.0 -51.61146634549539,-23.483702714908304,0.0 -51.628598906214506,-23.44673024650365,0.0 -51.62598601953914,-23.426331498299987,0.0 -51.59068463089096,-23.4262361332909,0.0</coordinates>
                            </LinearRing>
                        </outerBoundaryIs>
                    </Polygon>
                </Placemark>
                <Placemark id="22053">
                    <name>ARAPONGAS / PR
POPULAÇÃO: 106.978</name>
                    <description>DISTRIBUIDOR: FILIAL LONDRINA
CONTATO DISTRIBUIDOR: (49) 2049-6300
RESPONSÁVEL: Luciano Lino
CONTATO RESPONSÁVEL: 19 98145-8668
ENDEREÇO: Em Branco</description>
                    <styleUrl>#22015</styleUrl>
                    <Polygon id="22052">
                        <tessellate>1</tessellate>
                        <outerBoundaryIs>
                            <LinearRing id="22056">
                                <coordinates>-51.31018619353796,-23.383417942983613,0.0 -51.31017498708593,-23.38353684774728,0.0 -51.32113617779231,-23.43305664205036,0.0 -51.30917350745136,-23.47143300792692,0.0 -51.301318412314856,-23.547734083061414,0.0 -51.330457033865,-23.54523556047269,0.0 -51.35180746624155,-23.525464402360228,0.0 -51.40643171085475,-23.515387133709226,0.0 -51.440902059382495,-23.500362412994946,0.0 -51.50770210376902,-23.49143759137172,0.0 -51.53209613962508,-23.457551424458643,0.0 -51.593422707691786,-23.437374960785746,0.0 -51.59068463089096,-23.4262361332909,0.0 -51.500407121691296,-23.342360492142973,0.0 -51.45462612029917,-23.382187020214758,0.0 -51.44233640520088,-23.36311164688493,0.0 -51.39638528445329,-23.36008493177411,0.0 -51.34964019723725,-23.389897114060545,0.0 -51.31018619353796,-23.383417942983613,0.0</coordinates>
                            </LinearRing>
                        </outerBoundaryIs>
                    </Polygon>
                </Placemark>
                <Placemark id="22059">
                    <name>ARAPOTI / PR
POPULAÇÃO: 26.153</name>
                    <description>DISTRIBUIDOR: FILIAL LONDRINA
CONTATO DISTRIBUIDOR: Em Branco
RESPONSÁVEL: Em Branco
CONTATO RESPONSÁVEL: Em Branco
ENDEREÇO: Em Branco</description>
                    <styleUrl>#22015</styleUrl>
                    <Polygon id="22058">
                        <tessellate>1</tessellate>
                        <outerBoundaryIs>
                            <LinearRing id="22062">
                                <coordinates>-49.79302714268846,-24.003827891044295,0.0 -49.75525448720475,-24.065588971953446,0.0 -49.759402132602304,-24.084097247190186,0.0 -49.76691977332882,-24.114497280325168,0.0 -49.75136809486162,-24.170054782002524,0.0 -49.73987262052498,-24.173638700865297,0.0 -49.78650100721569,-24.235313807486193,0.0 -49.91052850168899,-24.1936436395423,0.0 -49.93284730336035,-24.200368766205543,0.0 -49.9860737326166,-24.24541891375185,0.0 -50.04307634319866,-24.26430001553325,0.0 -50.12372129220381,-24.301353636061435,0.0 -50.18505160414816,-24.29059821023918,0.0 -50.20597049054567,-24.244293539015587,0.0 -50.184712631682544,-24.172760195426633,0.0 -50.12081883012485,-24.142992953162207,0.0 -50.096692579998546,-24.119686801104933,0.0 -50.1075326113409,-24.076920016045847,0.0 -50.13191509090865,-24.047650729297686,0.0 -50.18178064306221,-24.028865960195844,0.0 -50.22081698271751,-23.99745605765088,0.0 -50.16170358325371,-23.942085567295067,0.0 -50.11832408918531,-23.96210727113362,0.0 -50.08149158766662,-23.961079410786112,0.0 -50.064778563379946,-23.985972222340138,0.0 -50.04214870869589,-23.98965657299243,0.0 -49.993385127321744,-23.976202519130936,0.0 -49.9704235918752,-23.9563653714647,0.0 -49.973112741959426,-23.902144347783405,0.0 -49.96478378594293,-23.869694424258228,0.0 -49.92349945143849,-23.843793251457328,0.0 -49.87009510030862,-23.89765771283311,0.0 -49.85341495973256,-23.900839328072493,0.0 -49.830293358451684,-23.936271472750207,0.0 -49.82925062151895,-23.978858468943145,0.0 -49.79302714268846,-24.003827891044295,0.0</coordinates>
                            </LinearRing>
                        </outerBoundaryIs>
                    </Polygon>
                </Placemark>
                <Placemark id="22065">
                    <name>ARAPUÃ / PR
POPULAÇÃO: 3.469</name>
                    <description>DISTRIBUIDOR: FILIAL LONDRINA
CONTATO DISTRIBUIDOR: (49) 2049-6300
RESPONSÁVEL: Luciano Lino
CONTATO RESPONSÁVEL: 19 98145-8668
ENDEREÇO: Em Branco</description>
                    <styleUrl>#22015</styleUrl>
                    <Polygon id="22064">
                        <tessellate>1</tessellate>
                        <outerBoundaryIs>
                            <LinearRing id="22068">
                                <coordinates>-51.76516756982744,-24.24423690960566,0.0 -51.7710530984217,-24.323634173378366,0.0 -51.756562903255315,-24.348022100139758,0.0 -51.72693900932779,-24.351732175899144,0.0 -51.7389436735117,-24.405369797677963,0.0 -51.84573888144416,-24.419531509171748,0.0 -51.88873865836234,-24.40004125879699,0.0 -51.905079624125335,-24.3341989303363,0.0 -51.9160483043857,-24.325913946671278,0.0 -51.85427102578717,-24.303958985518705,0.0 -51.826441944839814,-24.306806752629484,0.0 -51.81278128882536,-24.242403413186935,0.0 -51.76516756982744,-24.24423690960566,0.0</coordinates>
                            </LinearRing>
                        </outerBoundaryIs>
                    </Polygon>
                </Placemark>
                <Placemark id="22071">
                    <name>ARARUNA / PR
POPULAÇÃO: 13.471</name>
                    <description>DISTRIBUIDOR: FILIAL LONDRINA
CONTATO DISTRIBUIDOR: Em Branco
RESPONSÁVEL: Em Branco
CONTATO RESPONSÁVEL: Em Branco
ENDEREÇO: Em Branco</description>
                    <styleUrl>#22015</styleUrl>
                    <Polygon id="22070">
                        <tessellate>1</tessellate>
                        <outerBoundaryIs>
                            <LinearRing id="22074">
                                <coordinates>-52.544940011372375,-23.747114386819476,0.0 -52.51884911759265,-23.77616074871952,0.0 -52.49622229812053,-23.831091337495195,0.0 -52.483001308063876,-23.83812183345583,0.0 -52.50707131908604,-23.85955980763896,0.0 -52.41801148294354,-23.932576168355467,0.0 -52.462060207512536,-23.95503897037213,0.0 -52.508279837044824,-23.98389626150322,0.0 -52.53355175151211,-24.017940263931962,0.0 -52.51577600196089,-24.043068038658987,0.0 -52.52347775099736,-24.085882456310287,0.0 -52.54294553450876,-24.104701851109496,0.0 -52.57947682069869,-24.078732828057525,0.0 -52.64342107242453,-24.048476386975608,0.0 -52.678476401164914,-24.05391025445465,0.0 -52.70061998882136,-24.03553201668916,0.0 -52.752169455855665,-24.02424056704848,0.0 -52.73857945687638,-23.994502968237327,0.0 -52.6954157074689,-23.95116738716513,0.0 -52.70561714461547,-23.92776674423982,0.0 -52.61971017598381,-23.953406124393098,0.0 -52.60091140084046,-23.925438511877758,0.0 -52.56202771120985,-23.840557345045397,0.0 -52.57035760342063,-23.810572291478024,0.0 -52.544940011372375,-23.747114386819476,0.0</coordinates>
                            </LinearRing>
                        </outerBoundaryIs>
                    </Polygon>
                </Placemark>
                <Placemark id="22077">
                    <name>ASSAÍ / PR
POPULAÇÃO: 16.099</name>
                    <description>DISTRIBUIDOR: FILIAL LONDRINA
CONTATO DISTRIBUIDOR: (49) 2049-6300
RESPONSÁVEL: Luciano Lino
CONTATO RESPONSÁVEL: 19 98145-8668
ENDEREÇO: Em Branco</description>
                    <styleUrl>#22015</styleUrl>
                    <Polygon id="22076">
                        <tessellate>1</tessellate>
                        <outerBoundaryIs>
                            <LinearRing id="22080">
                                <coordinates>-50.760839678008665,-23.28751614475425,0.0 -50.75813970548296,-23.338907636877877,0.0 -50.76727771949112,-23.347357271121098,0.0 -50.778730744028564,-23.38487635735794,0.0 -50.799679213624756,-23.388407817866437,0.0 -50.8059295755894,-23.426866529266874,0.0 -50.78357025496325,-23.45062296287938,0.0 -50.79600038480987,-23.492474957553213,0.0 -50.81123952728234,-23.488105046510668,0.0 -50.85435987720655,-23.529435521631967,0.0 -50.883041470487456,-23.543590680665318,0.0 -50.90492556506274,-23.552995863468254,0.0 -50.92383618709033,-23.521674181718083,0.0 -50.948413364485134,-23.5197407418417,0.0 -50.94670058496399,-23.458262432964887,0.0 -50.95348130591748,-23.41617323130953,0.0 -50.97848186254788,-23.418658139061847,0.0 -50.995693831605024,-23.394902360155754,0.0 -50.98095074617993,-23.342593150353537,0.0 -50.993221414536606,-23.31895343615213,0.0 -50.96340177147454,-23.303417356425825,0.0 -50.89764433451836,-23.349895089586653,0.0 -50.87392784429454,-23.332364032973715,0.0 -50.84562576851437,-23.282934956882684,0.0 -50.80204473727474,-23.30517152814349,0.0 -50.760839678008665,-23.28751614475425,0.0</coordinates>
                            </LinearRing>
                        </outerBoundaryIs>
                    </Polygon>
                </Placemark>
                <Placemark id="22083">
                    <name>ASTORGA / PR
POPULAÇÃO: 24.859</name>
                    <description>DISTRIBUIDOR: FILIAL LONDRINA
CONTATO DISTRIBUIDOR: (42) 3522-2230 
RESPONSÁVEL: Franzen
CONTATO RESPONSÁVEL: 51 9 9889-0857
ENDEREÇO: Em Branco</description>
                    <styleUrl>#22015</styleUrl>
                    <Polygon id="22082">
                        <tessellate>1</tessellate>
                        <outerBoundaryIs>
                            <LinearRing id="22086">
                                <coordinates>-51.59298483228412,-23.130586576409314,0.0 -51.60942636743289,-23.151793414034785,0.0 -51.61514400339303,-23.2194549414923,0.0 -51.62230743623917,-23.228874511649337,0.0 -51.59160437204412,-23.282981969842012,0.0 -51.67666399045078,-23.373938442005453,0.0 -51.690206165282234,-23.377693535128515,0.0 -51.727852313133724,-23.351827089648395,0.0 -51.77635222497514,-23.33547983312775,0.0 -51.81158706648989,-23.322497079776383,0.0 -51.84639979951112,-23.327923937039998,0.0 -51.842238671477446,-23.31140954871165,0.0 -51.868474360603216,-23.288011320466012,0.0 -51.818349684090606,-23.259076256863693,0.0 -51.78189817586008,-23.252285510268052,0.0 -51.762962951978636,-23.225644879807305,0.0 -51.73186699196805,-23.222481353531577,0.0 -51.72385319257074,-23.170185897960778,0.0 -51.6941500683709,-23.156918457021106,0.0 -51.679600500862364,-23.130062806753074,0.0 -51.67230236126494,-23.086875862031377,0.0 -51.594954493255216,-23.11617975738983,0.0 -51.59298483228412,-23.130586576409314,0.0</coordinates>
                            </LinearRing>
                        </outerBoundaryIs>
                    </Polygon>
                </Placemark>
                <Placemark id="22089">
                    <name>ATALAIA / PR
POPULAÇÃO: 3.898</name>
                    <description>DISTRIBUIDOR: FILIAL LONDRINA
CONTATO DISTRIBUIDOR: Em Branco
RESPONSÁVEL: Em Branco
CONTATO RESPONSÁVEL: Em Branco
ENDEREÇO: Em Branco</description>
                    <styleUrl>#22015</styleUrl>
                    <Polygon id="22088">
                        <tessellate>1</tessellate>
                        <outerBoundaryIs>
                            <LinearRing id="22092">
                                <coordinates>-52.011829559286696,-23.07708565607811,0.0 -52.013432682672146,-23.098233763477367,0.0 -51.99006832199541,-23.120729333192116,0.0 -51.973376534299575,-23.155601682271765,0.0 -52.02073894044969,-23.15588752279092,0.0 -52.04840236717547,-23.166198034211845,0.0 -52.070829350094414,-23.189670291051073,0.0 -52.108091313862985,-23.190154893433544,0.0 -52.153624250758526,-23.10399586551671,0.0 -52.1330495043311,-23.107020601219745,0.0 -52.08281178663458,-23.09051263944673,0.0 -52.02748113084948,-23.059634068957052,0.0 -52.011829559286696,-23.07708565607811,0.0</coordinates>
                            </LinearRing>
                        </outerBoundaryIs>
                    </Polygon>
                </Placemark>
                <Placemark id="22095">
                    <name>BANDEIRANTES / PR
POPULAÇÃO: 31.951</name>
                    <description>DISTRIBUIDOR: FILIAL LONDRINA
CONTATO DISTRIBUIDOR: Em Branco
RESPONSÁVEL: Em Branco
CONTATO RESPONSÁVEL: Em Branco
ENDEREÇO: Em Branco</description>
                    <styleUrl>#22015</styleUrl>
                    <Polygon id="22094">
                        <tessellate>1</tessellate>
                        <outerBoundaryIs>
                            <LinearRing id="22098">
                                <coordinates>-50.36998660239976,-23.059507026228232,0.0 -50.31113424105234,-23.07547421036645,0.0 -50.2614537190139,-23.10592509116998,0.0 -50.25011285252606,-23.101149265726008,0.0 -50.24062338616028,-23.135473954659233,0.0 -50.21505013315709,-23.163999220587527,0.0 -50.209445913398156,-23.187648698728424,0.0 -50.22493883645808,-23.22442889028099,0.0 -50.250486410219594,-23.24609926996527,0.0 -50.30416303019962,-23.259160126738436,0.0 -50.32999132733784,-23.27550632565635,0.0 -50.358410159401274,-23.247224763412078,0.0 -50.39334368486311,-23.24791403440514,0.0 -50.44960944222191,-23.209613090171956,0.0 -50.46846385122569,-23.208710427144467,0.0 -50.46515901717487,-23.194382939121283,0.0 -50.454292153659935,-23.14531823055188,0.0 -50.44780845359719,-23.031301147330055,0.0 -50.41357049887938,-23.0458497174904,0.0 -50.4032729637762,-23.069314765364084,0.0 -50.36998660239976,-23.059507026228232,0.0</coordinates>
                            </LinearRing>
                        </outerBoundaryIs>
                    </Polygon>
                </Placemark>
                <Placemark id="22101">
                    <name>BARRA DO JACARÉ / PR
POPULAÇÃO: 2.728</name>
                    <description>DISTRIBUIDOR: FILIAL LONDRINA
CONTATO DISTRIBUIDOR: (49) 2049-6300
RESPONSÁVEL: Luciano Lino
CONTATO RESPONSÁVEL: 19 98145-8668
ENDEREÇO: Em Branco</description>
                    <styleUrl>#22015</styleUrl>
                    <Polygon id="22100">
                        <tessellate>1</tessellate>
                        <outerBoundaryIs>
                            <LinearRing id="22104">
                                <coordinates>-50.06278584648959,-23.093232925858786,0.0 -50.05710929785579,-23.104010319420638,0.0 -50.09728235179904,-23.13490204879048,0.0 -50.13420010005456,-23.14483971388165,0.0 -50.1672556018645,-23.13467531891081,0.0 -50.24062338616028,-23.135473954659233,0.0 -50.25011285252606,-23.101149265726008,0.0 -50.249740551185425,-23.075787585428657,0.0 -50.17020537188034,-23.077386388470984,0.0 -50.10831387038877,-23.06916471438001,0.0 -50.08862814877,-23.089211440055863,0.0 -50.06278584648959,-23.093232925858786,0.0</coordinates>
                            </LinearRing>
                        </outerBoundaryIs>
                    </Polygon>
                </Placemark>
                <Placemark id="22107">
                    <name>BELA VISTA DO PARAÍSO / PR
POPULAÇÃO: 15.087</name>
                    <description>DISTRIBUIDOR: FILIAL LONDRINA
CONTATO DISTRIBUIDOR: (49) 2049-6300
RESPONSÁVEL: Luciano Lino
CONTATO RESPONSÁVEL: 19 98145-8668
ENDEREÇO: Em Branco</description>
                    <styleUrl>#22015</styleUrl>
                    <Polygon id="22106">
                        <tessellate>1</tessellate>
                        <outerBoundaryIs>
                            <LinearRing id="22110">
                                <coordinates>-51.17749480853854,-22.899981349859388,0.0 -51.16945347639677,-22.967145834612552,0.0 -51.17020399122117,-23.117857206145118,0.0 -51.23140599239258,-23.11806330018112,0.0 -51.23185273511558,-23.051819674438377,0.0 -51.282607532411646,-23.04452654946067,0.0 -51.32038286068041,-23.012812572642076,0.0 -51.344150362249366,-22.961675657905232,0.0 -51.32389854797958,-22.95311016580149,0.0 -51.31578587801579,-22.91567678495562,0.0 -51.27191718333131,-22.924853307034425,0.0 -51.22360674065851,-22.95666369927028,0.0 -51.203208815334506,-22.944780535293432,0.0 -51.19714630196023,-22.915605477710585,0.0 -51.17749480853854,-22.899981349859388,0.0</coordinates>
                            </LinearRing>
                        </outerBoundaryIs>
                    </Polygon>
                </Placemark>
                <Placemark id="22113">
                    <name>BOM SUCESSO / PR
POPULAÇÃO: 6.620</name>
                    <description>DISTRIBUIDOR: FILIAL LONDRINA
CONTATO DISTRIBUIDOR: (49) 2049-6300
RESPONSÁVEL: Luciano Lino
CONTATO RESPONSÁVEL: 19 98145-8668
ENDEREÇO: Em Branco</description>
                    <styleUrl>#22015</styleUrl>
                    <Polygon id="22112">
                        <tessellate>1</tessellate>
                        <outerBoundaryIs>
                            <LinearRing id="22116">
                                <coordinates>-51.694959736102874,-23.704259375569677,0.0 -51.75138247552081,-23.752540258426166,0.0 -51.766347367037326,-23.79417138500139,0.0 -51.79462715042263,-23.781600786447086,0.0 -51.88354338282085,-23.80665275012427,0.0 -51.91923529487292,-23.72597255129216,0.0 -51.96360358993371,-23.694528976331128,0.0 -51.93991355236852,-23.673035699238085,0.0 -51.88815191008257,-23.64508308741449,0.0 -51.835831352634784,-23.631976627819085,0.0 -51.795738241226786,-23.630854751445554,0.0 -51.76674108483314,-23.63467274764912,0.0 -51.7659286067198,-23.657638094422452,0.0 -51.695975605789556,-23.680359822947423,0.0 -51.694959736102874,-23.704259375569677,0.0</coordinates>
                            </LinearRing>
                        </outerBoundaryIs>
                    </Polygon>
                </Placemark>
                <Placemark id="22119">
                    <name>BORRAZÓPOLIS / PR
POPULAÇÃO: 7.641</name>
                    <description>DISTRIBUIDOR: FILIAL LONDRINA
CONTATO DISTRIBUIDOR: (49) 2049-6300
RESPONSÁVEL: Luciano Lino
CONTATO RESPONSÁVEL: 19 98145-8668
ENDEREÇO: Em Branco</description>
                    <styleUrl>#22015</styleUrl>
                    <Polygon id="22118">
                        <tessellate>1</tessellate>
                        <outerBoundaryIs>
                            <LinearRing id="22122">
                                <coordinates>-51.506530234982336,-23.8572882145794,0.0 -51.457330119089704,-23.880209962219908,0.0 -51.459321272059015,-23.883247414336665,0.0 -51.49060640086469,-23.931004418718885,0.0 -51.49437731486114,-23.95056263176002,0.0 -51.5217398005513,-23.96705106115752,0.0 -51.542570896929305,-24.015739597704226,0.0 -51.61903749948095,-24.02554874697705,0.0 -51.64092963579401,-24.046209874186275,0.0 -51.67531717924436,-24.002032354109815,0.0 -51.68375532914507,-23.97640718954011,0.0 -51.73100968355004,-23.938885520450356,0.0 -51.68845901906843,-23.929608589964403,0.0 -51.67927586089223,-23.88429361635724,0.0 -51.65326356426203,-23.867143298524354,0.0 -51.587039701121284,-23.86165565788224,0.0 -51.557742051554385,-23.86951903037891,0.0 -51.506530234982336,-23.8572882145794,0.0</coordinates>
                            </LinearRing>
                        </outerBoundaryIs>
                    </Polygon>
                </Placemark>
                <Placemark id="22125">
                    <name>CAFEARA / PR
POPULAÇÃO: 2.727</name>
                    <description>DISTRIBUIDOR: FILIAL LONDRINA
CONTATO DISTRIBUIDOR: Em Branco
RESPONSÁVEL: Em Branco
CONTATO RESPONSÁVEL: Em Branco
ENDEREÇO: Em Branco</description>
                    <styleUrl>#22015</styleUrl>
                    <Polygon id="22124">
                        <tessellate>1</tessellate>
                        <outerBoundaryIs>
                            <LinearRing id="22128">
                                <coordinates>-51.6403556506927,-22.83124818665442,0.0 -51.65253036138705,-22.861622724908784,0.0 -51.631572231273424,-22.888859867588792,0.0 -51.725337325756925,-22.89091314752369,0.0 -51.763720584937005,-22.84911496288521,0.0 -51.800213645443364,-22.83101554463161,0.0 -51.75916389909463,-22.83045999833024,0.0 -51.77042285443116,-22.77755214131821,0.0 -51.75945975356473,-22.739344669920513,0.0 -51.725093209284125,-22.701062197762155,0.0 -51.70405003568055,-22.71352866471608,0.0 -51.6887100243481,-22.74486273013082,0.0 -51.69692719193631,-22.788954521433993,0.0 -51.66099269315822,-22.796854869556512,0.0 -51.6403556506927,-22.83124818665442,0.0</coordinates>
                            </LinearRing>
                        </outerBoundaryIs>
                    </Polygon>
                </Placemark>
                <Placemark id="22131">
                    <name>CALIFÓRNIA / PR
POPULAÇÃO: 8.129</name>
                    <description>DISTRIBUIDOR: FILIAL LONDRINA
CONTATO DISTRIBUIDOR: Em Branco
RESPONSÁVEL: Em Branco
CONTATO RESPONSÁVEL: Em Branco
ENDEREÇO: Em Branco</description>
                    <styleUrl>#22015</styleUrl>
                    <Polygon id="22130">
                        <tessellate>1</tessellate>
                        <outerBoundaryIs>
                            <LinearRing id="22134">
                                <coordinates>-51.23973775699187,-23.62493025882435,0.0 -51.24902977180648,-23.66381570393156,0.0 -51.275656963697884,-23.6980003261541,0.0 -51.30150779694725,-23.71554166561532,0.0 -51.34628991324888,-23.705699813395654,0.0 -51.359947837122945,-23.715967113291583,0.0 -51.40390003116147,-23.711898458946678,0.0 -51.42902024888531,-23.699210980002704,0.0 -51.388413377275526,-23.628465312124433,0.0 -51.301703957071936,-23.633318262527723,0.0 -51.255666888116366,-23.6186399885446,0.0 -51.23973775699187,-23.62493025882435,0.0</coordinates>
                            </LinearRing>
                        </outerBoundaryIs>
                    </Polygon>
                </Placemark>
                <Placemark id="22137">
                    <name>CAMBARÁ / PR
POPULAÇÃO: 24.060</name>
                    <description>DISTRIBUIDOR: FILIAL LONDRINA
CONTATO DISTRIBUIDOR: Em Branco
RESPONSÁVEL: Em Branco
CONTATO RESPONSÁVEL: Em Branco
ENDEREÇO: Em Branco</description>
                    <styleUrl>#22015</styleUrl>
                    <Polygon id="22136">
                        <tessellate>1</tessellate>
                        <outerBoundaryIs>
                            <LinearRing id="22140">
                                <coordinates>-49.97419828752089,-22.95449678549818,0.0 -49.9712270264061,-23.017313985252144,0.0 -50.005952883118994,-23.038516409904332,0.0 -50.06278584648959,-23.093232925858786,0.0 -50.08862814877,-23.089211440055863,0.0 -50.10831387038877,-23.06916471438001,0.0 -50.17020537188034,-23.077386388470984,0.0 -50.210302377352775,-23.02601647378117,0.0 -50.19430128877343,-22.99117248572162,0.0 -50.20389170763616,-22.95278654836045,0.0 -50.15299307097342,-22.93561842574968,0.0 -50.11540977224314,-22.939791236876033,0.0 -50.09282580906381,-22.922504723913846,0.0 -50.07154978929128,-22.9281236511855,0.0 -50.05273936073286,-22.90526851542961,0.0 -50.01463398576976,-22.911250487320103,0.0 -49.9861649247714,-22.89750476353396,0.0 -49.96137770261885,-22.930862996929704,0.0 -49.97419828752089,-22.95449678549818,0.0</coordinates>
                            </LinearRing>
                        </outerBoundaryIs>
                    </Polygon>
                </Placemark>
                <Placemark id="22143">
                    <name>CAMBÉ / PR
POPULAÇÃO: 98.024</name>
                    <description>DISTRIBUIDOR: FILIAL LONDRINA
CONTATO DISTRIBUIDOR: (49) 2049-6300
RESPONSÁVEL: Luciano Lino
CONTATO RESPONSÁVEL: 19 98145-8668
ENDEREÇO: Em Branco</description>
                    <styleUrl>#22015</styleUrl>
                    <Polygon id="22142">
                        <tessellate>1</tessellate>
                        <outerBoundaryIs>
                            <LinearRing id="22146">
                                <coordinates>-51.32038286068041,-23.012812572642076,0.0 -51.282607532411646,-23.04452654946067,0.0 -51.23185273511558,-23.051819674438377,0.0 -51.23140599239258,-23.11806330018112,0.0 -51.17020399122117,-23.117857206145118,0.0 -51.1703573121402,-23.17150395424403,0.0 -51.20615321280047,-23.1714342091214,0.0 -51.20736792978607,-23.191539111041095,0.0 -51.185627929984946,-23.240366518200233,0.0 -51.2221639906756,-23.243333886149856,0.0 -51.24736902076364,-23.267901903050358,0.0 -51.21121787980127,-23.30699004005828,0.0 -51.2300693246396,-23.325440992507765,0.0 -51.26739701805792,-23.396378988499464,0.0 -51.31017498708593,-23.38353684774728,0.0 -51.31018619353796,-23.383417942983613,0.0 -51.29001038547085,-23.331455155630863,0.0 -51.32056753826123,-23.312907356089568,0.0 -51.33426680037252,-23.288935435022267,0.0 -51.32870078201546,-23.25651509289719,0.0 -51.310668079068535,-23.242891946705925,0.0 -51.2990951551173,-23.198048734961105,0.0 -51.306159656243096,-23.171874891313166,0.0 -51.41803943766985,-23.168750298487453,0.0 -51.396335910773644,-23.12948262442353,0.0 -51.39831462881705,-23.090320147656655,0.0 -51.38328171707752,-23.08232647059009,0.0 -51.3435966568602,-23.026841746549337,0.0 -51.32038286068041,-23.012812572642076,0.0</coordinates>
                            </LinearRing>
                        </outerBoundaryIs>
                    </Polygon>
                </Placemark>
                <Placemark id="22149">
                    <name>CAMBIRA / PR
POPULAÇÃO: 7.319</name>
                    <description>DISTRIBUIDOR: FILIAL LONDRINA
CONTATO DISTRIBUIDOR: (49) 2049-6300
RESPONSÁVEL: Luciano Lino
CONTATO RESPONSÁVEL: 19 98145-8668
ENDEREÇO: Em Branco</description>
                    <styleUrl>#22015</styleUrl>
                    <Polygon id="22148">
                        <tessellate>1</tessellate>
                        <outerBoundaryIs>
                            <LinearRing id="22152">
                                <coordinates>-51.61146634549539,-23.483702714908304,0.0 -51.59964263569901,-23.521175816110997,0.0 -51.577039092480106,-23.542479177072323,0.0 -51.575844828775814,-23.5722756616924,0.0 -51.55949058362347,-23.599645542507744,0.0 -51.500071894901964,-23.650952908449938,0.0 -51.480702597946504,-23.69947718112695,0.0 -51.54733561394738,-23.70580082165054,0.0 -51.56193590501795,-23.691371831644688,0.0 -51.59302873898508,-23.70457942989674,0.0 -51.610574235112836,-23.68746427645516,0.0 -51.60931727876937,-23.620282254022754,0.0 -51.60203028806728,-23.58156545877887,0.0 -51.62541159107201,-23.550253188433828,0.0 -51.62884978199179,-23.510212304254367,0.0 -51.61146634549539,-23.483702714908304,0.0</coordinates>
                            </LinearRing>
                        </outerBoundaryIs>
                    </Polygon>
                </Placemark>
                <Placemark id="22155">
                    <name>CAMPO MOURÃO / PR
POPULAÇÃO: 88.209</name>
                    <description>DISTRIBUIDOR: FILIAL LONDRINA
CONTATO DISTRIBUIDOR: (49) 2049-6300
RESPONSÁVEL: Luciano Lino
CONTATO RESPONSÁVEL: 19 98145-8668
ENDEREÇO: Em Branco</description>
                    <styleUrl>#22015</styleUrl>
                    <Polygon id="22154">
                        <tessellate>1</tessellate>
                        <outerBoundaryIs>
                            <LinearRing id="22158">
                                <coordinates>-52.18824906324363,-24.05318487118484,0.0 -52.20722222142831,-24.09589987867639,0.0 -52.19208660890985,-24.135041406635537,0.0 -52.22758042909351,-24.17840389362476,0.0 -52.222095351519215,-24.192958746448937,0.0 -52.33347378878426,-24.16505322222838,0.0 -52.35874850733768,-24.17846178298487,0.0 -52.39108110261077,-24.219144627522496,0.0 -52.419389990755406,-24.284235645258775,0.0 -52.44298893599057,-24.298060749503918,0.0 -52.473209239614675,-24.23471083453734,0.0 -52.50645162144514,-24.21225168196952,0.0 -52.52289631321423,-24.224009127918862,0.0 -52.50617269851119,-24.173838020308324,0.0 -52.52308480032326,-24.126400599008377,0.0 -52.54294553450876,-24.104701851109496,0.0 -52.52347775099736,-24.085882456310287,0.0 -52.51577600196089,-24.043068038658987,0.0 -52.53355175151211,-24.017940263931962,0.0 -52.508279837044824,-23.98389626150322,0.0 -52.462060207512536,-23.95503897037213,0.0 -52.4584709664619,-23.981152788770146,0.0 -52.4237420106852,-24.00732134080721,0.0 -52.37088977494312,-23.98980057783433,0.0 -52.2504966162258,-23.9951794994343,0.0 -52.23128033711782,-24.031688603845964,0.0 -52.18824906324363,-24.05318487118484,0.0</coordinates>
                            </LinearRing>
                        </outerBoundaryIs>
                    </Polygon>
                </Placemark>
                <Placemark id="22161">
                    <name>CÂNDIDO DE ABREU / PR
POPULAÇÃO: 16.332</name>
                    <description>DISTRIBUIDOR: FILIAL LONDRINA
CONTATO DISTRIBUIDOR: Em Branco
RESPONSÁVEL: Em Branco
CONTATO RESPONSÁVEL: Em Branco
ENDEREÇO: Em Branco</description>
                    <styleUrl>#22015</styleUrl>
                    <Polygon id="22160">
                        <tessellate>1</tessellate>
                        <outerBoundaryIs>
                            <LinearRing id="22164">
                                <coordinates>-51.4264348248073,-24.403764435879964,0.0 -51.38495827640327,-24.43829235630716,0.0 -51.348739428182,-24.43455802673151,0.0 -51.30074018061481,-24.414528366590787,0.0 -51.23859430138583,-24.435223616776454,0.0 -51.13901195124049,-24.46810730131085,0.0 -51.16609186005127,-24.488452892387045,0.0 -51.16823924954167,-24.53785580719972,0.0 -51.1592476010959,-24.568196711708822,0.0 -51.13147971721514,-24.58075634393009,0.0 -51.131927805323926,-24.61614337951329,0.0 -51.10042630682858,-24.62388310062454,0.0 -51.07951183790095,-24.644319221954504,0.0 -51.06399869088682,-24.69138826475654,0.0 -51.06685568234383,-24.81594689613229,0.0 -51.028795958766466,-24.85510442213132,0.0 -51.00179465250119,-24.862780583656956,0.0 -50.9629442827524,-24.93297259560876,0.0 -50.988041399590884,-24.963975216782785,0.0 -51.017594055521215,-24.969114385420482,0.0 -51.05689488848827,-24.938487726727146,0.0 -51.08662422882503,-24.93681541130212,0.0 -51.11878961854603,-24.900995927719862,0.0 -51.1168192210302,-24.86653594028138,0.0 -51.15643031650586,-24.80803584068144,0.0 -51.19426402156728,-24.798193560384448,0.0 -51.222706120890734,-24.772661606048246,0.0 -51.28242983986519,-24.774550202130058,0.0 -51.332849850140406,-24.759622541646934,0.0 -51.37418336407097,-24.773289938080154,0.0 -51.41012903602615,-24.756331131776278,0.0 -51.416738848918726,-24.722160521890544,0.0 -51.446376843316614,-24.68664026343737,0.0 -51.45128886388994,-24.658438730962644,0.0 -51.47192855935549,-24.647483291420713,0.0 -51.48910047530666,-24.625933499131634,0.0 -51.45487069812418,-24.581093498865812,0.0 -51.468432380150205,-24.555047432692845,0.0 -51.450489699340096,-24.529744901705783,0.0 -51.45290663453352,-24.48229110285206,0.0 -51.47337846164663,-24.46759262559914,0.0 -51.480383010367575,-24.42846848513244,0.0 -51.45720902177891,-24.440623892778376,0.0 -51.4264348248073,-24.403764435879964,0.0</coordinates>
                            </LinearRing>
                        </outerBoundaryIs>
                    </Polygon>
                </Placemark>
                <Placemark id="22167">
                    <name>CARAMBEÍ / PR
POPULAÇÃO: 19.813</name>
                    <description>DISTRIBUIDOR: FILIAL LONDRINA
CONTATO DISTRIBUIDOR: Em Branco
RESPONSÁVEL: Em Branco
CONTATO RESPONSÁVEL: Em Branco
ENDEREÇO: Em Branco</description>
                    <styleUrl>#22015</styleUrl>
                    <Polygon id="22166">
                        <tessellate>1</tessellate>
                        <outerBoundaryIs>
                            <LinearRing id="22170">
                                <coordinates>-49.978698419496425,-25.020954722882095,0.0 -50.00037438936653,-25.006425882948122,0.0 -50.056712605102575,-24.989619078257817,0.0 -50.12495631318325,-25.010781152128402,0.0 -50.15885910856099,-24.996236575857267,0.0 -50.17761831263499,-24.963445479225413,0.0 -50.206606446130536,-24.954030440752206,0.0 -50.246733021311854,-24.95578542635627,0.0 -50.26689188705092,-24.93383183127395,0.0 -50.301613004336616,-24.923700948639805,0.0 -50.32325760225649,-24.89237820299161,0.0 -50.35680137388425,-24.84490214142062,0.0 -50.32658282393811,-24.845365279683847,0.0 -50.295495666491775,-24.819497462737672,0.0 -50.304912903807406,-24.783558149888677,0.0 -50.24632846578601,-24.765234848109685,0.0 -50.19480499275619,-24.755912901159434,0.0 -50.14922210571558,-24.783243162342046,0.0 -50.14919635992402,-24.809893688942566,0.0 -50.13061246519305,-24.82136971543997,0.0 -50.10416817831873,-24.806332926723144,0.0 -50.07755710137906,-24.81932194744985,0.0 -50.0773316845096,-24.8468824000027,0.0 -50.033111483508094,-24.873424850576328,0.0 -50.00902262089721,-24.914086141961832,0.0 -49.939883571169844,-24.946167603352194,0.0 -49.95919465141202,-25.012671192521452,0.0 -49.978698419496425,-25.020954722882095,0.0</coordinates>
                            </LinearRing>
                        </outerBoundaryIs>
                    </Polygon>
                </Placemark>
                <Placemark id="22173">
                    <name>CARLÓPOLIS / PR
POPULAÇÃO: 13.767</name>
                    <description>DISTRIBUIDOR: FILIAL LONDRINA
CONTATO DISTRIBUIDOR: (47) 3368-2442
RESPONSÁVEL: Franzen
CONTATO RESPONSÁVEL: 51 9 9889-0857
ENDEREÇO: Em Branco</description>
                    <styleUrl>#22015</styleUrl>
                    <Polygon id="22172">
                        <tessellate>1</tessellate>
                        <outerBoundaryIs>
                            <LinearRing id="22176">
                                <coordinates>-49.624216892495554,-23.5233030445998,0.0 -49.65236791095026,-23.54670964013775,0.0 -49.674114811249524,-23.555391697868515,0.0 -49.73706148729775,-23.560315639854878,0.0 -49.8186772634449,-23.558893371032184,0.0 -49.826552215612196,-23.53129544732701,0.0 -49.813053622826374,-23.50047781310053,0.0 -49.86539517764527,-23.458463758795403,0.0 -49.84121794765014,-23.434620270808807,0.0 -49.820115581568814,-23.40712301631413,0.0 -49.79193558875636,-23.390282526617284,0.0 -49.748053473488994,-23.390569526362526,0.0 -49.6945170865942,-23.360798659830266,0.0 -49.643888454288685,-23.3634450777281,0.0 -49.637890105743736,-23.349532673593956,0.0 -49.59541211457736,-23.36709144731242,0.0 -49.602518703974965,-23.40847382680562,0.0 -49.581789975626805,-23.42895476584971,0.0 -49.603260771467376,-23.45252504069805,0.0 -49.60328941397523,-23.478423636041953,0.0 -49.621379339884584,-23.493325209890486,0.0 -49.624216892495554,-23.5233030445998,0.0</coordinates>
                            </LinearRing>
                        </outerBoundaryIs>
                    </Polygon>
                </Placemark>
                <Placemark id="22179">
                    <name>CASTRO / PR
POPULAÇÃO: 67.613</name>
                    <description>DISTRIBUIDOR: FILIAL LONDRINA
CONTATO DISTRIBUIDOR: (49) 2049-6300
RESPONSÁVEL: Luciano Lino
CONTATO RESPONSÁVEL: 19 98145-8668
ENDEREÇO: Em Branco</description>
                    <styleUrl>#22015</styleUrl>
                    <Polygon id="22178">
                        <tessellate>1</tessellate>
                        <outerBoundaryIs>
                            <LinearRing id="22182">
                                <coordinates>-49.641528399416075,-24.64198041806179,0.0 -49.64543495366013,-24.661062048874385,0.0 -49.62044480668243,-24.68269171445104,0.0 -49.57348138925465,-24.668022136912043,0.0 -49.555319810760636,-24.697449223203023,0.0 -49.529769846601084,-24.715578629350205,0.0 -49.567418586298686,-24.795487112740034,0.0 -49.53891085265366,-24.818797456537368,0.0 -49.52840764889385,-24.862123440044684,0.0 -49.49877655679262,-24.905280351906697,0.0 -49.53945424821495,-24.916515798964895,0.0 -49.54876181770368,-24.940540746758018,0.0 -49.574878115532556,-24.959410987427077,0.0 -49.60421237380194,-24.986461381387585,0.0 -49.640164387776224,-25.00752615221012,0.0 -49.66565930803063,-25.000637648408713,0.0 -49.704941696801825,-25.0290981280761,0.0 -49.76808232154184,-25.040898612880653,0.0 -49.77246055311201,-25.052033350258853,0.0 -49.83134377019877,-25.04978048018495,0.0 -49.87510056224113,-25.036113120623952,0.0 -49.938235906162106,-25.07238243250322,0.0 -49.97265919856312,-25.064649912263576,0.0 -49.978698419496425,-25.020954722882095,0.0 -49.95919465141202,-25.012671192521452,0.0 -49.939883571169844,-24.946167603352194,0.0 -50.00902262089721,-24.914086141961832,0.0 -50.033111483508094,-24.873424850576328,0.0 -50.0773316845096,-24.8468824000027,0.0 -50.07755710137906,-24.81932194744985,0.0 -50.10416817831873,-24.806332926723144,0.0 -50.13061246519305,-24.82136971543997,0.0 -50.14919635992402,-24.809893688942566,0.0 -50.14922210571558,-24.783243162342046,0.0 -50.19480499275619,-24.755912901159434,0.0 -50.24632846578601,-24.765234848109685,0.0 -50.1943005414368,-24.728665546677576,0.0 -50.158444960866234,-24.691412398063676,0.0 -50.18999931791416,-24.653341610127143,0.0 -50.15622039605438,-24.629890559301828,0.0 -50.167552697399,-24.61087704224167,0.0 -50.167219057913144,-24.552632662167582,0.0 -50.13481806739986,-24.541095738977106,0.0 -50.08339788330562,-24.60077440101776,0.0 -50.045908126658674,-24.625238457189027,0.0 -50.026233107871576,-24.62328771165852,0.0 -49.9927657651279,-24.645907644122417,0.0 -49.95876222679527,-24.610400072405355,0.0 -49.94138278238944,-24.626987754581137,0.0 -49.910849446344855,-24.584181310319195,0.0 -49.82108580976228,-24.59793689157425,0.0 -49.78142560320896,-24.597954917585355,0.0 -49.733232126361486,-24.61058264017663,0.0 -49.673712089441324,-24.60358921696877,0.0 -49.641528399416075,-24.64198041806179,0.0</coordinates>
                            </LinearRing>
                        </outerBoundaryIs>
                    </Polygon>
                </Placemark>
                <Placemark id="22185">
                    <name>CENTENÁRIO DO SUL / PR
POPULAÇÃO: 11.096</name>
                    <description>DISTRIBUIDOR: FILIAL LONDRINA
CONTATO DISTRIBUIDOR: (49) 2049-6300
RESPONSÁVEL: Luciano Lino
CONTATO RESPONSÁVEL: 19 98145-8668
ENDEREÇO: Em Branco</description>
                    <styleUrl>#22015</styleUrl>
                    <Polygon id="22184">
                        <tessellate>1</tessellate>
                        <outerBoundaryIs>
                            <LinearRing id="22188">
                                <coordinates>-51.517213696155125,-22.68996446029155,0.0 -51.512620652521036,-22.729046877611268,0.0 -51.482593849726356,-22.75879850494698,0.0 -51.484298991305366,-22.798088584720347,0.0 -51.47587061613598,-22.832564800425132,0.0 -51.48091052659947,-22.91718626913098,0.0 -51.53186686916064,-22.9310100666612,0.0 -51.54978581776123,-22.90088869655608,0.0 -51.57776191268209,-22.912969404714204,0.0 -51.6039718650095,-22.917532268899038,0.0 -51.631572231273424,-22.888859867588792,0.0 -51.65253036138705,-22.861622724908784,0.0 -51.6403556506927,-22.83124818665442,0.0 -51.62823773218554,-22.831438359092942,0.0 -51.63046105143633,-22.65785285722353,0.0 -51.589179724264795,-22.686462681907187,0.0 -51.55956915829,-22.69717934515063,0.0 -51.517213696155125,-22.68996446029155,0.0</coordinates>
                            </LinearRing>
                        </outerBoundaryIs>
                    </Polygon>
                </Placemark>
                <Placemark id="22191">
                    <name>COLORADO / PR
POPULAÇÃO: 22.555</name>
                    <description>DISTRIBUIDOR: FILIAL LONDRINA
CONTATO DISTRIBUIDOR: (49) 2049-6300
RESPONSÁVEL: Luciano Lino
CONTATO RESPONSÁVEL: 19 98145-8668
ENDEREÇO: Em Branco</description>
                    <styleUrl>#22015</styleUrl>
                    <Polygon id="22190">
                        <tessellate>1</tessellate>
                        <outerBoundaryIs>
                            <LinearRing id="22194">
                                <coordinates>-51.94011020532167,-22.792974048513486,0.0 -51.922604222706696,-22.828812720030953,0.0 -51.90581686315767,-22.836178322271735,0.0 -51.83993316138623,-22.829873702409373,0.0 -51.84431660632629,-22.89001853522717,0.0 -51.87343259733643,-22.95668063620235,0.0 -51.90550225872221,-22.949607674254707,0.0 -51.91915937590443,-22.955446403029043,0.0 -51.97109543630529,-22.930635907321232,0.0 -52.01723393439852,-22.89827131776707,0.0 -52.06618785908239,-22.876892323821664,0.0 -52.07765559383057,-22.866741164173334,0.0 -52.06924349279291,-22.809660112923837,0.0 -52.08862894966626,-22.769661441122537,0.0 -52.05379183152775,-22.75346071024353,0.0 -52.056040943334835,-22.729314318900663,0.0 -52.057881156789904,-22.69501702781355,0.0 -52.03340428168224,-22.67729636083834,0.0 -51.9977091374667,-22.714433382694438,0.0 -51.979183103317496,-22.74830229341609,0.0 -51.94011020532167,-22.792974048513486,0.0</coordinates>
                            </LinearRing>
                        </outerBoundaryIs>
                    </Polygon>
                </Placemark>
                <Placemark id="22197">
                    <name>CONGONHINHAS / PR
POPULAÇÃO: 8.344</name>
                    <description>DISTRIBUIDOR: FILIAL LONDRINA
CONTATO DISTRIBUIDOR: Em Branco
RESPONSÁVEL: Em Branco
CONTATO RESPONSÁVEL: Em Branco
ENDEREÇO: Em Branco</description>
                    <styleUrl>#22015</styleUrl>
                    <Polygon id="22196">
                        <tessellate>1</tessellate>
                        <outerBoundaryIs>
                            <LinearRing id="22200">
                                <coordinates>-50.427905818198894,-23.482461338419967,0.0 -50.401638917202206,-23.54076737151695,0.0 -50.398299868444155,-23.592177190924588,0.0 -50.38755217769079,-23.597919712025032,0.0 -50.424804349640965,-23.627564941468847,0.0 -50.44092471170603,-23.65908587791091,0.0 -50.42130727201294,-23.677650937240912,0.0 -50.4190235893671,-23.706410361449002,0.0 -50.44411505036925,-23.748326386953124,0.0 -50.47524419626262,-23.75025936727593,0.0 -50.519345112087194,-23.766145615127982,0.0 -50.55855261431168,-23.74805645544103,0.0 -50.580896980111504,-23.711987061054003,0.0 -50.56316924806231,-23.69526332314382,0.0 -50.58239575605927,-23.63880928012412,0.0 -50.62488973537296,-23.615350063454628,0.0 -50.60538685761736,-23.59209546593297,0.0 -50.60876746494648,-23.52804860965557,0.0 -50.599742229520245,-23.494170256951747,0.0 -50.565995375685986,-23.482657254828382,0.0 -50.427905818198894,-23.482461338419967,0.0</coordinates>
                            </LinearRing>
                        </outerBoundaryIs>
                    </Polygon>
                </Placemark>
                <Placemark id="22203">
                    <name>CONSELHEIRO MAIRINCK / PR
POPULAÇÃO: 3.663</name>
                    <description>DISTRIBUIDOR: FILIAL LONDRINA
CONTATO DISTRIBUIDOR: (49) 2049-6300
RESPONSÁVEL: Luciano Lino
CONTATO RESPONSÁVEL: 19 98145-8668
ENDEREÇO: Em Branco</description>
                    <styleUrl>#22015</styleUrl>
                    <Polygon id="22202">
                        <tessellate>1</tessellate>
                        <outerBoundaryIs>
                            <LinearRing id="22206">
                                <coordinates>-50.08277794194839,-23.53708966415661,0.0 -50.09430142567021,-23.562370677065076,0.0 -50.08723664845252,-23.60201433609268,0.0 -50.0491920649618,-23.651339089027715,0.0 -50.09210336567776,-23.68012169236215,0.0 -50.1686586431818,-23.678579927921305,0.0 -50.18614618789621,-23.661016844651613,0.0 -50.182159869182556,-23.615385541709315,0.0 -50.19093904739907,-23.570196906661863,0.0 -50.160422700447214,-23.51217387582369,0.0 -50.14060246633073,-23.489692177252152,0.0 -50.09445617381334,-23.50584417746677,0.0 -50.08277794194839,-23.53708966415661,0.0</coordinates>
                            </LinearRing>
                        </outerBoundaryIs>
                    </Polygon>
                </Placemark>
                <Placemark id="22209">
                    <name>CORNÉLIO PROCÓPIO / PR
POPULAÇÃO: 46.939</name>
                    <description>DISTRIBUIDOR: FILIAL LONDRINA
CONTATO DISTRIBUIDOR: (49) 2049-6300
RESPONSÁVEL: Luciano Lino
CONTATO RESPONSÁVEL: 19 98145-8668
ENDEREÇO: Em Branco</description>
                    <styleUrl>#22015</styleUrl>
                    <Polygon id="22208">
                        <tessellate>1</tessellate>
                        <outerBoundaryIs>
                            <LinearRing id="22212">
                                <coordinates>-50.46515901717487,-23.194382939121283,0.0 -50.46846385122569,-23.208710427144467,0.0 -50.46686505807594,-23.26018535746823,0.0 -50.468042219372876,-23.260327227319635,0.0 -50.48108655829799,-23.26141864095746,0.0 -50.49766387398853,-23.272492043672855,0.0 -50.47879860926838,-23.273771317592207,0.0 -50.48046727524451,-23.280988614432943,0.0 -50.47213573817373,-23.29108375081438,0.0 -50.484775236487906,-23.30530132189847,0.0 -50.48275255418696,-23.325625268091585,0.0 -50.49978185834607,-23.348714748286966,0.0 -50.533696445634405,-23.370149257382252,0.0 -50.580279114389555,-23.366492438575108,0.0 -50.58952494721848,-23.34743065669943,0.0 -50.64068440166375,-23.345240635746677,0.0 -50.690615614219155,-23.311712599556756,0.0 -50.70336100500634,-23.28973955393724,0.0 -50.73478267967687,-23.273402501124508,0.0 -50.735948161478404,-23.250899867235034,0.0 -50.78325633131459,-23.17182275041955,0.0 -50.80260537373897,-23.1656128489538,0.0 -50.80200999646411,-23.136729010735223,0.0 -50.77995683294142,-23.124269988369235,0.0 -50.7345060140413,-23.137489250828196,0.0 -50.67653266894746,-23.101369989933062,0.0 -50.63736278446487,-23.060917868264937,0.0 -50.62079814561787,-23.014571727503153,0.0 -50.60612282231034,-23.056409135173396,0.0 -50.62834137655324,-23.092340656296187,0.0 -50.59134042931731,-23.143486279168428,0.0 -50.54118426034529,-23.197667929631223,0.0 -50.51319567563985,-23.208182918107127,0.0 -50.46515901717487,-23.194382939121283,0.0</coordinates>
                            </LinearRing>
                        </outerBoundaryIs>
                    </Polygon>
                </Placemark>
                <Placemark id="22215">
                    <name>CORUMBATAÍ DO SUL / PR
POPULAÇÃO: 3.860</name>
                    <description>DISTRIBUIDOR: FILIAL LONDRINA
CONTATO DISTRIBUIDOR: (49) 2049-6300
RESPONSÁVEL: Luciano Lino
CONTATO RESPONSÁVEL: 19 98145-8668
ENDEREÇO: Em Branco</description>
                    <styleUrl>#22015</styleUrl>
                    <Polygon id="22214">
                        <tessellate>1</tessellate>
                        <outerBoundaryIs>
                            <LinearRing id="22218">
                                <coordinates>-52.22758042909351,-24.17840389362476,0.0 -52.19208660890985,-24.135041406635537,0.0 -52.20722222142831,-24.09589987867639,0.0 -52.18824906324363,-24.05318487118484,0.0 -52.1865098355604,-24.052262629916413,0.0 -52.16454264272875,-24.07355289315143,0.0 -52.120833706310464,-24.06696736195414,0.0 -52.100435812462706,-24.050176790926116,0.0 -52.050171193345875,-24.123580459070865,0.0 -52.0836364505617,-24.14716500166344,0.0 -52.11636778094828,-24.14953706967998,0.0 -52.12530923463345,-24.17462720328274,0.0 -52.151364133048276,-24.197019250238156,0.0 -52.210641748717705,-24.169593081755295,0.0 -52.22758042909351,-24.17840389362476,0.0</coordinates>
                            </LinearRing>
                        </outerBoundaryIs>
                    </Polygon>
                </Placemark>
                <Placemark id="22221">
                    <name>CRUZMALTINA / PR
POPULAÇÃO: 3.118</name>
                    <description>DISTRIBUIDOR: FILIAL LONDRINA
CONTATO DISTRIBUIDOR: (49) 2049-6300
RESPONSÁVEL: Luciano Lino
CONTATO RESPONSÁVEL: 19 98145-8668
ENDEREÇO: Em Branco</description>
                    <styleUrl>#22015</styleUrl>
                    <Polygon id="22220">
                        <tessellate>1</tessellate>
                        <outerBoundaryIs>
                            <LinearRing id="22224">
                                <coordinates>-51.453332459925036,-24.119604709189957,0.0 -51.464653928036284,-24.09582699851711,0.0 -51.49865705268081,-24.101520699021023,0.0 -51.550324958629915,-24.093585638866102,0.0 -51.61903749948095,-24.02554874697705,0.0 -51.542570896929305,-24.015739597704226,0.0 -51.5217398005513,-23.96705106115752,0.0 -51.49437731486114,-23.95056263176002,0.0 -51.49060640086469,-23.931004418718885,0.0 -51.459321272059015,-23.883247414336665,0.0 -51.43551003555967,-23.891971111577504,0.0 -51.42011772775089,-23.9374260484733,0.0 -51.39560031120533,-23.958982367142482,0.0 -51.39210979233303,-24.00820618916424,0.0 -51.41667775347548,-24.02431195253456,0.0 -51.38020856907019,-24.05893515253524,0.0 -51.39701681807168,-24.08757169158025,0.0 -51.453332459925036,-24.119604709189957,0.0</coordinates>
                            </LinearRing>
                        </outerBoundaryIs>
                    </Polygon>
                </Placemark>
                <Placemark id="22227">
                    <name>DIAMANTE DO NORTE / PR
POPULAÇÃO: 5.428</name>
                    <description>DISTRIBUIDOR: FILIAL LONDRINA
CONTATO DISTRIBUIDOR: (49) 2049-6300
RESPONSÁVEL: Luciano Lino
CONTATO RESPONSÁVEL: 19 98145-8668
ENDEREÇO: Em Branco</description>
                    <styleUrl>#22015</styleUrl>
                    <Polygon id="22226">
                        <tessellate>1</tessellate>
                        <outerBoundaryIs>
                            <LinearRing id="22230">
                                <coordinates>-52.782864229200754,-22.602061630739627,0.0 -52.78911232847116,-22.636818425030242,0.0 -52.778407509299086,-22.662290507001273,0.0 -52.800968810462166,-22.703265642895076,0.0 -52.81573600131537,-22.70936621827633,0.0 -52.840242447031244,-22.690027125051756,0.0 -52.908139844178436,-22.68953214809011,0.0 -52.913598932244895,-22.678374170431596,0.0 -52.96813361337553,-22.67857227938714,0.0 -53.008027395447925,-22.615269961039814,0.0 -53.01167299161523,-22.59879496391642,0.0 -52.972424980328526,-22.570484747473074,0.0 -52.924742618776804,-22.565623982860473,0.0 -52.85836280330068,-22.608001008939368,0.0 -52.81543966480865,-22.59704316640898,0.0 -52.782864229200754,-22.602061630739627,0.0</coordinates>
                            </LinearRing>
                        </outerBoundaryIs>
                    </Polygon>
                </Placemark>
                <Placemark id="22233">
                    <name>DOUTOR CAMARGO / PR
POPULAÇÃO: 5.836</name>
                    <description>DISTRIBUIDOR: FILIAL LONDRINA
CONTATO DISTRIBUIDOR: Em Branco
RESPONSÁVEL: Em Branco
CONTATO RESPONSÁVEL: Em Branco
ENDEREÇO: Em Branco</description>
                    <styleUrl>#22015</styleUrl>
                    <Polygon id="22232">
                        <tessellate>1</tessellate>
                        <outerBoundaryIs>
                            <LinearRing id="22236">
                                <coordinates>-52.10025958041524,-23.519553935565625,0.0 -52.10027074100185,-23.51966328413323,0.0 -52.125966483466414,-23.550714989405208,0.0 -52.14307036930205,-23.54193650006937,0.0 -52.16290945141003,-23.570626431864298,0.0 -52.19646193117313,-23.574944648077008,0.0 -52.2422129527655,-23.613063828532802,0.0 -52.26977368141024,-23.62532689761821,0.0 -52.29424616512836,-23.61852106759312,0.0 -52.304826572987906,-23.57297757445548,0.0 -52.26641175389926,-23.555277576598826,0.0 -52.224216992520155,-23.522964326642295,0.0 -52.205660566681786,-23.51154831999895,0.0 -52.10025958041524,-23.519553935565625,0.0</coordinates>
                            </LinearRing>
                        </outerBoundaryIs>
                    </Polygon>
                </Placemark>
                <Placemark id="22239">
                    <name>ENGENHEIRO BELTRÃO / PR
POPULAÇÃO: 13.880</name>
                    <description>DISTRIBUIDOR: FILIAL LONDRINA
CONTATO DISTRIBUIDOR: (49) 2049-6300
RESPONSÁVEL: Luciano Lino
CONTATO RESPONSÁVEL: 19 98145-8668
ENDEREÇO: Em Branco</description>
                    <styleUrl>#22015</styleUrl>
                    <Polygon id="22238">
                        <tessellate>1</tessellate>
                        <outerBoundaryIs>
                            <LinearRing id="22242">
                                <coordinates>-52.19083326154572,-23.644573947029983,0.0 -52.16338269265708,-23.64782656464422,0.0 -52.15714322148244,-23.681346900838776,0.0 -52.11609501207511,-23.672794218678177,0.0 -52.1115408866026,-23.705522842105438,0.0 -52.16915861907495,-23.760713865552418,0.0 -52.18729761199518,-23.799052018335942,0.0 -52.25274564889253,-23.85589174101102,0.0 -52.26488302603076,-23.889126418349463,0.0 -52.351693467079826,-23.843111258677595,0.0 -52.393416882083386,-23.851646695438603,0.0 -52.44448525319183,-23.8070294311633,0.0 -52.28228105672537,-23.676058306245807,0.0 -52.26410447664023,-23.64284227185334,0.0 -52.24229617332969,-23.634731293514335,0.0 -52.20568523508547,-23.655054203688508,0.0 -52.19083326154572,-23.644573947029983,0.0</coordinates>
                            </LinearRing>
                        </outerBoundaryIs>
                    </Polygon>
                </Placemark>
                <Placemark id="22245">
                    <name>FARTURA / SP
POPULAÇÃO: 15.367</name>
                    <description>DISTRIBUIDOR: FILIAL LONDRINA
CONTATO DISTRIBUIDOR: Em Branco
RESPONSÁVEL: Em Branco
CONTATO RESPONSÁVEL: Em Branco
ENDEREÇO: Em Branco</description>
                    <styleUrl>#22015</styleUrl>
                    <Polygon id="22244">
                        <tessellate>1</tessellate>
                        <outerBoundaryIs>
                            <LinearRing id="22248">
                                <coordinates>-49.540356794330535,-23.280607051873915,0.0 -49.53384489602507,-23.269253674917138,0.0 -49.525294166292724,-23.27187696944651,0.0 -49.51827300529493,-23.284019613913983,0.0 -49.52522071686258,-23.29512645432237,0.0 -49.521065966820856,-23.306036927761966,0.0 -49.51448488726771,-23.309603854833995,0.0 -49.499691044106385,-23.309340344481257,0.0 -49.49259101526309,-23.316200843394142,0.0 -49.48026029018018,-23.320877822553427,0.0 -49.472314347329245,-23.31119387149994,0.0 -49.461717346078615,-23.31478677099267,0.0 -49.44885359821495,-23.332214482912036,0.0 -49.44189087966032,-23.335768697167623,0.0 -49.43273518677938,-23.336014386554666,0.0 -49.42975632189672,-23.331274221028423,0.0 -49.418312358928176,-23.336737498136984,0.0 -49.41017833815971,-23.3462292676665,0.0 -49.3984058906193,-23.35173256910275,0.0 -49.39507647090238,-23.357724324717765,0.0 -49.39390340062141,-23.385902596227766,0.0 -49.39501011802247,-23.39551382810066,0.0 -49.40461079725043,-23.40459964815517,0.0 -49.4080291257435,-23.40289349034225,0.0 -49.427289350223305,-23.412275426569636,0.0 -49.432159274430944,-23.417398063869484,0.0 -49.44299851257125,-23.41581102126156,0.0 -49.44839414807143,-23.4212674923009,0.0 -49.43875171961611,-23.437665621671044,0.0 -49.448652276881035,-23.4422812832546,0.0 -49.450109149817365,-23.455519376617872,0.0 -49.45575771064978,-23.46144268483198,0.0 -49.447512804372366,-23.465992438700027,0.0 -49.452072294300876,-23.473635697629277,0.0 -49.439968828798385,-23.488868899180318,0.0 -49.445420204278946,-23.49613028528438,0.0 -49.45227964648848,-23.495788676006555,0.0 -49.45416301571055,-23.505083943669035,0.0 -49.463609008848664,-23.511448437695208,0.0 -49.46079356067423,-23.51684007660822,0.0 -49.46246654609416,-23.525718378100635,0.0 -49.474171108309974,-23.53078223031565,0.0 -49.47640791739144,-23.540875196632953,0.0 -49.48603547825468,-23.526896654556936,0.0 -49.500911291922534,-23.518274697619177,0.0 -49.513618822150875,-23.50772815463057,0.0 -49.52833155455755,-23.51083987725849,0.0 -49.54851965995431,-23.495660080148525,0.0 -49.566674400003535,-23.494164405063202,0.0 -49.57752008718222,-23.49184614168604,0.0 -49.582628973848045,-23.4805162622157,0.0 -49.59445681423057,-23.474065846061876,0.0 -49.59177169131044,-23.463204003461954,0.0 -49.598068623767915,-23.45823257367431,0.0 -49.60318609805995,-23.45129293082408,0.0 -49.595640017173025,-23.44038228021799,0.0 -49.58877564488006,-23.435782998886225,0.0 -49.57791076886684,-23.43773803238423,0.0 -49.581789975626805,-23.42895476584971,0.0 -49.578501525425,-23.422462376537396,0.0 -49.57960019569242,-23.41507293956448,0.0 -49.59046278472971,-23.41574957688141,0.0 -49.592601127040325,-23.40750524706948,0.0 -49.602518703974965,-23.40847382680562,0.0 -49.604742963017316,-23.402840799063597,0.0 -49.59851646366383,-23.398186568255483,0.0 -49.60715129439666,-23.393378191850047,0.0 -49.6210117042267,-23.397419327839657,0.0 -49.62060686541446,-23.388718473378788,0.0 -49.60506429797891,-23.38441587659139,0.0 -49.59107147736677,-23.38787770349319,0.0 -49.590989410632744,-23.3813496299814,0.0 -49.5959894919215,-23.376019586534653,0.0 -49.59541211457736,-23.36709144731242,0.0 -49.61180665115597,-23.354653409727007,0.0 -49.620930587176815,-23.35677362080594,0.0 -49.633436734018005,-23.356421146818434,0.0 -49.63817807046155,-23.34877620885493,0.0 -49.63790145698658,-23.342552001873344,0.0 -49.627669991476864,-23.342048774531293,0.0 -49.62169446952413,-23.33188959023238,0.0 -49.62412901074521,-23.316573820125654,0.0 -49.62873646691435,-23.311185809977076,0.0 -49.63088028969355,-23.299475698045,0.0 -49.62580288739332,-23.286650121006232,0.0 -49.627145766763704,-23.281772685660883,0.0 -49.60829249450296,-23.279352270091124,0.0 -49.59752290166057,-23.26959222380202,0.0 -49.58824467255357,-23.266180264307707,0.0 -49.57047302750817,-23.264750159692085,0.0 -49.56050121605824,-23.258961746187595,0.0 -49.540356794330535,-23.280607051873915,0.0</coordinates>
                            </LinearRing>
                        </outerBoundaryIs>
                    </Polygon>
                </Placemark>
                <Placemark id="22251">
                    <name>FAXINAL / PR
POPULAÇÃO: 16.421</name>
                    <description>DISTRIBUIDOR: FILIAL LONDRINA
CONTATO DISTRIBUIDOR: Em Branco
RESPONSÁVEL: Em Branco
CONTATO RESPONSÁVEL: Em Branco
ENDEREÇO: Em Branco</description>
                    <styleUrl>#22015</styleUrl>
                    <Polygon id="22250">
                        <tessellate>1</tessellate>
                        <outerBoundaryIs>
                            <LinearRing id="22254">
                                <coordinates>-51.27512123215911,-23.888962068144906,0.0 -51.23331754007239,-23.915960214192467,0.0 -51.198401824784355,-23.910928700698946,0.0 -51.17486074642625,-23.9251544753987,0.0 -51.16464694000422,-23.96341707973437,0.0 -51.11479717814723,-23.99299812636241,0.0 -51.09552759891949,-23.988009758743317,0.0 -51.09603623478438,-24.032877413162055,0.0 -51.085441224632746,-24.0744181686635,0.0 -51.114270120569586,-24.08527416746881,0.0 -51.13317480167569,-24.069577431952894,0.0 -51.178007204468884,-24.10042557028379,0.0 -51.2110627548422,-24.105749009109445,0.0 -51.23439732817411,-24.08650669822549,0.0 -51.262683914031356,-24.110732229009102,0.0 -51.28047602944514,-24.098171123698364,0.0 -51.31286800155698,-24.12947834255141,0.0 -51.37253526109339,-24.142583781416363,0.0 -51.447758801827206,-24.138738756088685,0.0 -51.453332459925036,-24.119604709189957,0.0 -51.39701681807168,-24.08757169158025,0.0 -51.38020856907019,-24.05893515253524,0.0 -51.41667775347548,-24.02431195253456,0.0 -51.39210979233303,-24.00820618916424,0.0 -51.39560031120533,-23.958982367142482,0.0 -51.42011772775089,-23.9374260484733,0.0 -51.43551003555967,-23.891971111577504,0.0 -51.459321272059015,-23.883247414336665,0.0 -51.457330119089704,-23.880209962219908,0.0 -51.42329030210573,-23.86312381910892,0.0 -51.36503005349414,-23.85770516725961,0.0 -51.33382517659061,-23.864596601052256,0.0 -51.29420185033507,-23.8992037445571,0.0 -51.27512123215911,-23.888962068144906,0.0</coordinates>
                            </LinearRing>
                        </outerBoundaryIs>
                    </Polygon>
                </Placemark>
                <Placemark id="22257">
                    <name>FÊNIX / PR
POPULAÇÃO: 4.781</name>
                    <description>DISTRIBUIDOR: FILIAL LONDRINA
CONTATO DISTRIBUIDOR: Em Branco
RESPONSÁVEL: Em Branco
CONTATO RESPONSÁVEL: Em Branco
ENDEREÇO: Em Branco</description>
                    <styleUrl>#22015</styleUrl>
                    <Polygon id="22256">
                        <tessellate>1</tessellate>
                        <outerBoundaryIs>
                            <LinearRing id="22260">
                                <coordinates>-51.99626708355902,-23.790602447944593,0.0 -52.00510286420575,-23.822576666979558,0.0 -51.95868061471856,-23.857313924398056,0.0 -51.93945841537351,-23.908169513212442,0.0 -51.96800957368282,-23.949342812021087,0.0 -51.995037516967784,-23.965582766831176,0.0 -52.07086659641624,-23.996161388237454,0.0 -52.09055043305602,-23.978480657456316,0.0 -52.04182175706842,-23.920435980835805,0.0 -52.080816425737396,-23.931109051241663,0.0 -52.11796713527502,-23.956286363324978,0.0 -52.14594247476538,-23.941614384596107,0.0 -52.092680008775346,-23.874379475732155,0.0 -52.04999769343874,-23.831291549065668,0.0 -52.04382188257375,-23.810970453723428,0.0 -51.99626708355902,-23.790602447944593,0.0</coordinates>
                            </LinearRing>
                        </outerBoundaryIs>
                    </Polygon>
                </Placemark>
                <Placemark id="22263">
                    <name>FERNANDES PINHEIRO / PR
POPULAÇÃO: 5.867</name>
                    <description>DISTRIBUIDOR: FILIAL LONDRINA
CONTATO DISTRIBUIDOR: Em Branco
RESPONSÁVEL: Em Branco
CONTATO RESPONSÁVEL: Em Branco
ENDEREÇO: Em Branco</description>
                    <styleUrl>#22015</styleUrl>
                    <Polygon id="22262">
                        <tessellate>1</tessellate>
                        <outerBoundaryIs>
                            <LinearRing id="22266">
                                <coordinates>-50.358398520375374,-25.527673909423356,0.0 -50.3584511900703,-25.5277752864003,0.0 -50.424334627441056,-25.591914003928082,0.0 -50.42518159095761,-25.632121096311494,0.0 -50.475101546698966,-25.65558372950545,0.0 -50.51354345606558,-25.62924149859623,0.0 -50.52520350094079,-25.594456410734722,0.0 -50.548277439951846,-25.577368647045375,0.0 -50.5859531745993,-25.57528764460909,0.0 -50.62187038840767,-25.5843228166446,0.0 -50.579684284801885,-25.451941181540235,0.0 -50.601920359636836,-25.410676191453035,0.0 -50.599369653886356,-25.3690494175965,0.0 -50.564098657826776,-25.309109610420137,0.0 -50.54693516852319,-25.334206392710826,0.0 -50.55317290220762,-25.376681792031036,0.0 -50.54119457646851,-25.411206753688703,0.0 -50.50934836783284,-25.435762067665223,0.0 -50.531148422561614,-25.46562804919506,0.0 -50.42960397654224,-25.476291141622823,0.0 -50.43111258028131,-25.502383430251086,0.0 -50.408527680008376,-25.525753956679694,0.0 -50.358398520375374,-25.527673909423356,0.0</coordinates>
                            </LinearRing>
                        </outerBoundaryIs>
                    </Polygon>
                </Placemark>
                <Placemark id="22269">
                    <name>FIGUEIRA / PR
POPULAÇÃO: 8.181</name>
                    <description>DISTRIBUIDOR: FILIAL LONDRINA
CONTATO DISTRIBUIDOR: (49) 2049-6300
RESPONSÁVEL: Luciano Lino
CONTATO RESPONSÁVEL: 19 98145-8668
ENDEREÇO: Em Branco</description>
                    <styleUrl>#22015</styleUrl>
                    <Polygon id="22268">
                        <tessellate>1</tessellate>
                        <outerBoundaryIs>
                            <LinearRing id="22272">
                                <coordinates>-50.38361854845721,-23.859249648552407,0.0 -50.40297110003621,-23.899550080671645,0.0 -50.39843684778225,-23.920784053541183,0.0 -50.42607606385923,-23.957758217167964,0.0 -50.48325275081373,-23.95153729361118,0.0 -50.479325707315525,-23.87987827696088,0.0 -50.468631608062196,-23.854997647623293,0.0 -50.43227967726523,-23.844085576088446,0.0 -50.41868650367917,-23.784381515394557,0.0 -50.44979193804744,-23.756107789842588,0.0 -50.41582969028792,-23.762267062175113,0.0 -50.391887324540335,-23.789286622879274,0.0 -50.399967778090456,-23.81921069611667,0.0 -50.38361854845721,-23.859249648552407,0.0</coordinates>
                            </LinearRing>
                        </outerBoundaryIs>
                    </Polygon>
                </Placemark>
                <Placemark id="22275">
                    <name>FLORAÍ / PR
POPULAÇÃO: 5.015</name>
                    <description>DISTRIBUIDOR: FILIAL LONDRINA
CONTATO DISTRIBUIDOR: 0
RESPONSÁVEL: Franzen
CONTATO RESPONSÁVEL: 51 9 9889-0857
ENDEREÇO: Em Branco</description>
                    <styleUrl>#22015</styleUrl>
                    <Polygon id="22274">
                        <tessellate>1</tessellate>
                        <outerBoundaryIs>
                            <LinearRing id="22278">
                                <coordinates>-52.2440297703576,-23.268232127810393,0.0 -52.218900575601026,-23.288658636286982,0.0 -52.23850358567188,-23.31434194562422,0.0 -52.27424168150833,-23.321493976865497,0.0 -52.29955170204937,-23.344165818197894,0.0 -52.31176597032322,-23.378970448327493,0.0 -52.35833282629886,-23.404760944262136,0.0 -52.421195514661235,-23.413285398502296,0.0 -52.42124061925915,-23.266074059770006,0.0 -52.42076010339599,-23.250781726895127,0.0 -52.398817882039566,-23.278801814851818,0.0 -52.343909355432345,-23.300112455825115,0.0 -52.2440297703576,-23.268232127810393,0.0</coordinates>
                            </LinearRing>
                        </outerBoundaryIs>
                    </Polygon>
                </Placemark>
                <Placemark id="22281">
                    <name>FLORESTA / PR
POPULAÇÃO: 6.054</name>
                    <description>DISTRIBUIDOR: FILIAL LONDRINA
CONTATO DISTRIBUIDOR: (49) 2049-6300
RESPONSÁVEL: Luciano Lino
CONTATO RESPONSÁVEL: 19 98145-8668
ENDEREÇO: Em Branco</description>
                    <styleUrl>#22015</styleUrl>
                    <Polygon id="22280">
                        <tessellate>1</tessellate>
                        <outerBoundaryIs>
                            <LinearRing id="22284">
                                <coordinates>-52.061525308646026,-23.65079761531763,0.0 -52.11609501207511,-23.672794218678177,0.0 -52.15714322148244,-23.681346900838776,0.0 -52.16338269265708,-23.64782656464422,0.0 -52.19083326154572,-23.644573947029983,0.0 -52.15580422538466,-23.6247025342945,0.0 -52.097420934228694,-23.560714855206356,0.0 -52.10027074100185,-23.51966328413323,0.0 -51.99975011377671,-23.55657086645226,0.0 -52.029455788453845,-23.590775773782866,0.0 -52.03466196917452,-23.6226800678308,0.0 -52.061525308646026,-23.65079761531763,0.0</coordinates>
                            </LinearRing>
                        </outerBoundaryIs>
                    </Polygon>
                </Placemark>
                <Placemark id="22287">
                    <name>FLORESTÓPOLIS / PR
POPULAÇÃO: 11.076</name>
                    <description>DISTRIBUIDOR: FILIAL LONDRINA
CONTATO DISTRIBUIDOR: Em Branco
RESPONSÁVEL: Em Branco
CONTATO RESPONSÁVEL: Em Branco
ENDEREÇO: Em Branco</description>
                    <styleUrl>#22015</styleUrl>
                    <Polygon id="22286">
                        <tessellate>1</tessellate>
                        <outerBoundaryIs>
                            <LinearRing id="22290">
                                <coordinates>-51.317782404434354,-22.830127008154875,0.0 -51.33490716173611,-22.835890323379658,0.0 -51.34243657638683,-22.891808984696866,0.0 -51.31578587801579,-22.91567678495562,0.0 -51.32389854797958,-22.95311016580149,0.0 -51.344150362249366,-22.961675657905232,0.0 -51.40332511975845,-22.977248267193715,0.0 -51.42801462427548,-22.994413406753267,0.0 -51.45586452722608,-22.97753648372168,0.0 -51.436950556123236,-22.916645977130088,0.0 -51.48091052659947,-22.91718626913098,0.0 -51.47587061613598,-22.832564800425132,0.0 -51.484298991305366,-22.798088584720347,0.0 -51.45591263735827,-22.800041670286816,0.0 -51.44747667191086,-22.82821264559709,0.0 -51.4084497436607,-22.819094653195634,0.0 -51.37895463714676,-22.828837088061107,0.0 -51.362264705651626,-22.807287598843573,0.0 -51.317782404434354,-22.830127008154875,0.0</coordinates>
                            </LinearRing>
                        </outerBoundaryIs>
                    </Polygon>
                </Placemark>
                <Placemark id="22293">
                    <name>GRANDES RIOS / PR
POPULAÇÃO: 6.438</name>
                    <description>DISTRIBUIDOR: FILIAL LONDRINA
CONTATO DISTRIBUIDOR: (49) 2049-6300
RESPONSÁVEL: Luciano Lino
CONTATO RESPONSÁVEL: 19 98145-8668
ENDEREÇO: Em Branco</description>
                    <styleUrl>#22015</styleUrl>
                    <Polygon id="22292">
                        <tessellate>1</tessellate>
                        <outerBoundaryIs>
                            <LinearRing id="22296">
                                <coordinates>-51.453332459925036,-24.119604709189957,0.0 -51.447758801827206,-24.138738756088685,0.0 -51.37253526109339,-24.142583781416363,0.0 -51.333816754439624,-24.15889773154504,0.0 -51.350014494173536,-24.227490626591077,0.0 -51.333136292305994,-24.25074414672497,0.0 -51.397972703877144,-24.272830070751127,0.0 -51.43461326758819,-24.27026618453675,0.0 -51.48623835141876,-24.301630389830564,0.0 -51.50050297773021,-24.263192846672496,0.0 -51.495512629803954,-24.242061923518918,0.0 -51.516150148910185,-24.214861596385504,0.0 -51.51233970521321,-24.190278320687923,0.0 -51.54640255383475,-24.17870503880647,0.0 -51.55879716315849,-24.157166542002244,0.0 -51.54910271611743,-24.12780386425686,0.0 -51.58015186911342,-24.125450946403987,0.0 -51.550324958629915,-24.093585638866102,0.0 -51.49865705268081,-24.101520699021023,0.0 -51.464653928036284,-24.09582699851711,0.0 -51.453332459925036,-24.119604709189957,0.0</coordinates>
                            </LinearRing>
                        </outerBoundaryIs>
                    </Polygon>
                </Placemark>
                <Placemark id="22299">
                    <name>GUAIRAÇÁ / PR
POPULAÇÃO: 6.243</name>
                    <description>DISTRIBUIDOR: FILIAL LONDRINA
CONTATO DISTRIBUIDOR: Em Branco
RESPONSÁVEL: Em Branco
CONTATO RESPONSÁVEL: Em Branco
ENDEREÇO: Em Branco</description>
                    <styleUrl>#22015</styleUrl>
                    <Polygon id="22298">
                        <tessellate>1</tessellate>
                        <outerBoundaryIs>
                            <LinearRing id="22302">
                                <coordinates>-52.594826613057705,-22.872748003217737,0.0 -52.602613441557025,-22.90840434708292,0.0 -52.5944135688311,-22.955820263794067,0.0 -52.621085512786124,-22.976260863747825,0.0 -52.64662699094282,-23.020461200523926,0.0 -52.68892762860713,-23.016088194014912,0.0 -52.69457045266421,-23.04391899086869,0.0 -52.71518934321358,-23.058692700907386,0.0 -52.726798788633175,-23.032154241525006,0.0 -52.7611242437888,-23.00591947060701,0.0 -52.78888439439925,-23.005464253572427,0.0 -52.81590907944042,-22.96783554897138,0.0 -52.83535814895936,-22.983908648964928,0.0 -52.8863228327325,-22.94081896142586,0.0 -52.87677418378149,-22.903035157946135,0.0 -52.855812035497024,-22.88032292985929,0.0 -52.8577257415497,-22.821000680836732,0.0 -52.84929011514663,-22.78242955238187,0.0 -52.81196218790461,-22.802593424646773,0.0 -52.78035437155694,-22.845346312482263,0.0 -52.760299069946086,-22.82769415945785,0.0 -52.737215470417595,-22.85776641668673,0.0 -52.713777670203285,-22.86441507399644,0.0 -52.65858612155222,-22.858842268455874,0.0 -52.594826613057705,-22.872748003217737,0.0</coordinates>
                            </LinearRing>
                        </outerBoundaryIs>
                    </Polygon>
                </Placemark>
                <Placemark id="22305">
                    <name>GUAMIRANGA / PR
POPULAÇÃO: 8.016</name>
                    <description>DISTRIBUIDOR: FILIAL LONDRINA
CONTATO DISTRIBUIDOR: (48) 3433-4735
RESPONSÁVEL: Franzen
CONTATO RESPONSÁVEL: 51 9 9889-0857
ENDEREÇO: Em Branco</description>
                    <styleUrl>#22015</styleUrl>
                    <Polygon id="22304">
                        <tessellate>1</tessellate>
                        <outerBoundaryIs>
                            <LinearRing id="22308">
                                <coordinates>-50.76883450261016,-25.159180005153075,0.0 -50.728650375314544,-25.181381669228585,0.0 -50.75120972135153,-25.236679997983458,0.0 -50.75188513289254,-25.258901398580633,0.0 -50.80452388846663,-25.273729263994312,0.0 -50.81910672369628,-25.263472725385896,0.0 -50.8148416043565,-25.23106757281022,0.0 -50.89019826903484,-25.20196949809383,0.0 -50.9433985280196,-25.14756807310806,0.0 -50.927424865165335,-25.10335159709848,0.0 -50.93815212152316,-25.072842540051113,0.0 -50.88604154947791,-25.07369967849735,0.0 -50.847064718861645,-25.096128609347772,0.0 -50.79563658206257,-25.159823087865163,0.0 -50.76883450261016,-25.159180005153075,0.0</coordinates>
                            </LinearRing>
                        </outerBoundaryIs>
                    </Polygon>
                </Placemark>
                <Placemark id="22311">
                    <name>GUARACI / PR
POPULAÇÃO: 5.181</name>
                    <description>DISTRIBUIDOR: FILIAL LONDRINA
CONTATO DISTRIBUIDOR: Em Branco
RESPONSÁVEL: Em Branco
CONTATO RESPONSÁVEL: Em Branco
ENDEREÇO: Em Branco</description>
                    <styleUrl>#22015</styleUrl>
                    <Polygon id="22310">
                        <tessellate>1</tessellate>
                        <outerBoundaryIs>
                            <LinearRing id="22314">
                                <coordinates>-51.57776191268209,-22.912969404714204,0.0 -51.59017484839052,-22.949680370052988,0.0 -51.59140631974583,-22.990458149723793,0.0 -51.623444031816575,-23.00561889829345,0.0 -51.66920730667181,-22.994849078821858,0.0 -51.7503800165245,-23.028118185805567,0.0 -51.794653766757904,-23.00575308253866,0.0 -51.74820013452853,-22.944317391634286,0.0 -51.71728209099564,-22.930803398857734,0.0 -51.725337325756925,-22.89091314752369,0.0 -51.631572231273424,-22.888859867588792,0.0 -51.6039718650095,-22.917532268899038,0.0 -51.57776191268209,-22.912969404714204,0.0</coordinates>
                            </LinearRing>
                        </outerBoundaryIs>
                    </Polygon>
                </Placemark>
                <Placemark id="22317">
                    <name>GUARAPUAVA / PR
POPULAÇÃO: 169.252</name>
                    <description>DISTRIBUIDOR: FILIAL LONDRINA
CONTATO DISTRIBUIDOR: (49) 2049-6300
RESPONSÁVEL: Luciano Lino
CONTATO RESPONSÁVEL: 19 98145-8668
ENDEREÇO: Em Branco</description>
                    <styleUrl>#22015</styleUrl>
                    <Polygon id="22316">
                        <tessellate>1</tessellate>
                        <outerBoundaryIs>
                            <LinearRing id="22320">
                                <coordinates>-51.11881298563077,-25.511894100832023,0.0 -51.133115674848455,-25.500805817034802,0.0 -51.17414272500673,-25.472028735537663,0.0 -51.32293043319288,-25.473939181547962,0.0 -51.340179044227455,-25.491032023708897,0.0 -51.341538980139774,-25.52475891888895,0.0 -51.28734830408092,-25.554672390918086,0.0 -51.27082417969211,-25.59166005876466,0.0 -51.298290568554876,-25.636480483487503,0.0 -51.324845241814444,-25.6238060626996,0.0 -51.39342666330981,-25.625793214585144,0.0 -51.40481845210985,-25.64389322998852,0.0 -51.42265572877881,-25.656989713404528,0.0 -51.46568176140414,-25.66005448692499,0.0 -51.494320365292594,-25.644274161223507,0.0 -51.51704141393009,-25.61342814439331,0.0 -51.548822696010575,-25.61944924488671,0.0 -51.59023611830219,-25.648268871511164,0.0 -51.607932455918046,-25.612861454592405,0.0 -51.699323744894855,-25.59308577019209,0.0 -51.70949403941836,-25.605280908986742,0.0 -51.76102248120253,-25.614270935055572,0.0 -51.79725329130633,-25.595860247052713,0.0 -51.812220914963234,-25.557975963220088,0.0 -51.776949655402234,-25.518054404687007,0.0 -51.750766698924,-25.463846957171313,0.0 -51.771323391461294,-25.44384866538354,0.0 -51.758385177034256,-25.38284690096367,0.0 -51.76596135103546,-25.359826175737396,0.0 -51.73732530122163,-25.305850014966154,0.0 -51.7589673054967,-25.29990414456057,0.0 -51.797770387093635,-25.325671097143356,0.0 -51.856960710967996,-25.312279610015935,0.0 -51.881581011754236,-25.32895001453153,0.0 -51.93547451403754,-25.331223264142295,0.0 -51.96940941970894,-25.35300256881345,0.0 -52.0091071073071,-25.364519748287705,0.0 -52.01525119908354,-25.317202563647356,0.0 -52.00320392232311,-25.309752479093618,0.0 -51.94501508887521,-25.31351012629125,0.0 -51.911377200497384,-25.306315292716533,0.0 -51.86218431335533,-25.266751710223218,0.0 -51.8797496161518,-25.24500452214096,0.0 -51.873110455682934,-25.222311397452984,0.0 -51.787324435074595,-25.232964796088424,0.0 -51.745635170027015,-25.202057408622466,0.0 -51.71082919720965,-25.229570725008898,0.0 -51.65287448427,-25.220704451049528,0.0 -51.647400255217576,-25.185119040311406,0.0 -51.65354892993912,-25.14035444909848,0.0 -51.671021952401134,-25.094001515757327,0.0 -51.650960313267774,-25.09269204440227,0.0 -51.60627138471659,-25.12489417142882,0.0 -51.62129867479399,-25.159051677293007,0.0 -51.559039886581445,-25.17698627769454,0.0 -51.453645421299086,-25.14214146315794,0.0 -51.41977507615877,-25.15066749840628,0.0 -51.38638837112637,-25.113289286471343,0.0 -51.29435620097786,-25.10771304192332,0.0 -51.297720353411535,-25.06545199331481,0.0 -51.25681323144545,-25.04846289154915,0.0 -51.225599078934295,-25.082355486816198,0.0 -51.24537834443498,-25.104092075488836,0.0 -51.20156996008552,-25.171783748221344,0.0 -51.18967638285875,-25.243011737801396,0.0 -51.209817052614824,-25.305131753427645,0.0 -51.13939751848068,-25.339658562292755,0.0 -51.13490821973852,-25.36828250093663,0.0 -51.15476456972908,-25.39958943470458,0.0 -51.134432110553405,-25.42246068361362,0.0 -51.095925101961825,-25.430371549307495,0.0 -51.115482023576476,-25.475829509724065,0.0 -51.11881298563077,-25.511894100832023,0.0</coordinates>
                            </LinearRing>
                        </outerBoundaryIs>
                    </Polygon>
                </Placemark>
                <Placemark id="22323">
                    <name>IBAITI / PR
POPULAÇÃO: 29.099</name>
                    <description>DISTRIBUIDOR: FILIAL LONDRINA
CONTATO DISTRIBUIDOR: (49) 2049-6300
RESPONSÁVEL: Luciano Lino
CONTATO RESPONSÁVEL: 19 98145-8668
ENDEREÇO: Em Branco</description>
                    <styleUrl>#22015</styleUrl>
                    <Polygon id="22322">
                        <tessellate>1</tessellate>
                        <outerBoundaryIs>
                            <LinearRing id="22326">
                                <coordinates>-50.12030344125077,-23.85586808884119,0.0 -50.11534779006843,-23.884011111423604,0.0 -50.163878269866245,-23.93083215358098,0.0 -50.16170358325371,-23.942085567295067,0.0 -50.22081698271751,-23.99745605765088,0.0 -50.23249554373433,-23.97133550243143,0.0 -50.268485730332145,-23.954907535354437,0.0 -50.29032016884065,-23.95899256815244,0.0 -50.32188808586642,-23.94438551597875,0.0 -50.35633035216398,-23.87828954182885,0.0 -50.38361854845721,-23.859249648552407,0.0 -50.399967778090456,-23.81921069611667,0.0 -50.391887324540335,-23.789286622879274,0.0 -50.41582969028792,-23.762267062175113,0.0 -50.44979193804744,-23.756107789842588,0.0 -50.47524419626262,-23.75025936727593,0.0 -50.44411505036925,-23.748326386953124,0.0 -50.4190235893671,-23.706410361449002,0.0 -50.42130727201294,-23.677650937240912,0.0 -50.44092471170603,-23.65908587791091,0.0 -50.424804349640965,-23.627564941468847,0.0 -50.38755217769079,-23.597919712025032,0.0 -50.29811831171065,-23.588334409405434,0.0 -50.241048305035235,-23.582189626949685,0.0 -50.22411762322969,-23.605251421515845,0.0 -50.236409920281574,-23.63475344021907,0.0 -50.20131344216156,-23.673772461629767,0.0 -50.20864989287821,-23.72141979818508,0.0 -50.17192616795825,-23.816356217365467,0.0 -50.12030344125077,-23.85586808884119,0.0</coordinates>
                            </LinearRing>
                        </outerBoundaryIs>
                    </Polygon>
                </Placemark>
                <Placemark id="22329">
                    <name>IBIPORÃ / PR
POPULAÇÃO: 49.111</name>
                    <description>DISTRIBUIDOR: FILIAL LONDRINA
CONTATO DISTRIBUIDOR: (49) 2049-6300
RESPONSÁVEL: Luciano Lino
CONTATO RESPONSÁVEL: 19 98145-8668
ENDEREÇO: Em Branco</description>
                    <styleUrl>#22015</styleUrl>
                    <Polygon id="22328">
                        <tessellate>1</tessellate>
                        <outerBoundaryIs>
                            <LinearRing id="22332">
                                <coordinates>-50.959550144223726,-23.14789153446668,0.0 -50.95075751214944,-23.172403586556243,0.0 -50.96900022837781,-23.196840151351864,0.0 -50.96700822285118,-23.237305279015345,0.0 -50.98816389624676,-23.2540269637733,0.0 -50.96340177147454,-23.303417356425825,0.0 -50.993221414536606,-23.31895343615213,0.0 -50.98095074617993,-23.342593150353537,0.0 -51.046536625764645,-23.345991378998917,0.0 -51.072306298796605,-23.337369628905208,0.0 -51.09495900435451,-23.293212017120823,0.0 -51.10848661736344,-23.23982021153347,0.0 -51.13243004970701,-23.223559833119737,0.0 -51.17110266215809,-23.220365010436865,0.0 -51.17052797648489,-23.196211009030776,0.0 -51.131672620894676,-23.19799734140412,0.0 -51.07674020379733,-23.179062661612477,0.0 -51.0369274839162,-23.1577579678559,0.0 -51.00069671248326,-23.124625272738115,0.0 -50.94835880171729,-23.106380144527975,0.0 -50.97090842158633,-23.12871324901721,0.0 -50.959550144223726,-23.14789153446668,0.0</coordinates>
                            </LinearRing>
                        </outerBoundaryIs>
                    </Polygon>
                </Placemark>
                <Placemark id="22335">
                    <name>IGUARAÇU / PR
POPULAÇÃO: 4.040</name>
                    <description>DISTRIBUIDOR: FILIAL LONDRINA
CONTATO DISTRIBUIDOR: Em Branco
RESPONSÁVEL: Em Branco
CONTATO RESPONSÁVEL: Em Branco
ENDEREÇO: Em Branco</description>
                    <styleUrl>#22015</styleUrl>
                    <Polygon id="22334">
                        <tessellate>1</tessellate>
                        <outerBoundaryIs>
                            <LinearRing id="22338">
                                <coordinates>-51.795701625329684,-23.17439399668558,0.0 -51.77905678584193,-23.20932400939546,0.0 -51.73186699196805,-23.222481353531577,0.0 -51.762962951978636,-23.225644879807305,0.0 -51.78189817586008,-23.252285510268052,0.0 -51.818349684090606,-23.259076256863693,0.0 -51.868474360603216,-23.288011320466012,0.0 -51.89232470771907,-23.3048767033971,0.0 -51.92379375148039,-23.286889042994915,0.0 -51.93937449603612,-23.263947611892718,0.0 -51.91295030451289,-23.220430247258037,0.0 -51.8650022445579,-23.21509553003466,0.0 -51.86571314154821,-23.13285324298272,0.0 -51.795701625329684,-23.17439399668558,0.0</coordinates>
                            </LinearRing>
                        </outerBoundaryIs>
                    </Polygon>
                </Placemark>
                <Placemark id="22341">
                    <name>IMBAÚ / PR
POPULAÇÃO: 11.546</name>
                    <description>DISTRIBUIDOR: FILIAL LONDRINA
CONTATO DISTRIBUIDOR: (49) 2049-6300
RESPONSÁVEL: Luciano Lino
CONTATO RESPONSÁVEL: 19 98145-8668
ENDEREÇO: Em Branco</description>
                    <styleUrl>#22015</styleUrl>
                    <Polygon id="22340">
                        <tessellate>1</tessellate>
                        <outerBoundaryIs>
                            <LinearRing id="22344">
                                <coordinates>-50.604905476606405,-24.394678303760656,0.0 -50.61674993286306,-24.41603644512577,0.0 -50.655949424826076,-24.427431287124136,0.0 -50.655063275149985,-24.453103043770398,0.0 -50.682437268565025,-24.513360174032755,0.0 -50.7199189807763,-24.559856051915233,0.0 -50.79797939513293,-24.513304978142173,0.0 -50.81231655806266,-24.47071167410445,0.0 -50.88484029444402,-24.41157539948506,0.0 -50.857121020718466,-24.394802977675226,0.0 -50.82906435193826,-24.399657386778927,0.0 -50.78039786137214,-24.37877070600325,0.0 -50.75820271198552,-24.34248411005359,0.0 -50.72334655609865,-24.313862809121304,0.0 -50.68278974704913,-24.38766409272364,0.0 -50.66817126988815,-24.382757112850413,0.0 -50.604905476606405,-24.394678303760656,0.0</coordinates>
                            </LinearRing>
                        </outerBoundaryIs>
                    </Polygon>
                </Placemark>
                <Placemark id="22347">
                    <name>IMBITUVA / PR
POPULAÇÃO: 29.053</name>
                    <description>DISTRIBUIDOR: FILIAL LONDRINA
CONTATO DISTRIBUIDOR: Em Branco
RESPONSÁVEL: Em Branco
CONTATO RESPONSÁVEL: Em Branco
ENDEREÇO: Em Branco</description>
                    <styleUrl>#22015</styleUrl>
                    <Polygon id="22346">
                        <tessellate>1</tessellate>
                        <outerBoundaryIs>
                            <LinearRing id="22350">
                                <coordinates>-50.69956036212096,-25.03829461150707,0.0 -50.69597718699754,-25.06341603881907,0.0 -50.666920682543434,-25.087952548870987,0.0 -50.62101082718789,-25.077659267561103,0.0 -50.56376366665984,-25.10565164920422,0.0 -50.49823271856508,-25.155170406588923,0.0 -50.4693638090925,-25.170232836775938,0.0 -50.44848743274878,-25.21502212966749,0.0 -50.49188893682492,-25.20723356008068,0.0 -50.54314005466972,-25.214722709385512,0.0 -50.57549059951151,-25.243568514375397,0.0 -50.564098657826776,-25.309109610420137,0.0 -50.599369653886356,-25.3690494175965,0.0 -50.601920359636836,-25.410676191453035,0.0 -50.67071654283416,-25.36769559977205,0.0 -50.72702524371999,-25.35486415375766,0.0 -50.77141327800035,-25.36678621611094,0.0 -50.78672695178733,-25.3816687405199,0.0 -50.81292608527059,-25.3525529203809,0.0 -50.81686518328155,-25.326528577331942,0.0 -50.80452388846663,-25.273729263994312,0.0 -50.75188513289254,-25.258901398580633,0.0 -50.75120972135153,-25.236679997983458,0.0 -50.728650375314544,-25.181381669228585,0.0 -50.76883450261016,-25.159180005153075,0.0 -50.77921813161146,-25.127276140081733,0.0 -50.73974929449429,-25.075640462237516,0.0 -50.69956036212096,-25.03829461150707,0.0</coordinates>
                            </LinearRing>
                        </outerBoundaryIs>
                    </Polygon>
                </Placemark>
                <Placemark id="22353">
                    <name>INÁCIO MARTINS / PR
POPULAÇÃO: 10.940</name>
                    <description>DISTRIBUIDOR: FILIAL LONDRINA
CONTATO DISTRIBUIDOR: (47) 3368-2442
RESPONSÁVEL: Franzen
CONTATO RESPONSÁVEL: 51 9 9889-0857
ENDEREÇO: Em Branco</description>
                    <styleUrl>#22015</styleUrl>
                    <Polygon id="22352">
                        <tessellate>1</tessellate>
                        <outerBoundaryIs>
                            <LinearRing id="22356">
                                <coordinates>-51.133115674848455,-25.500805817034802,0.0 -51.09854977874926,-25.546135155512957,0.0 -51.03132131712505,-25.568357065126406,0.0 -50.99770637854647,-25.58845353590192,0.0 -50.98180477117319,-25.6193733205223,0.0 -50.9895413824288,-25.64491269966129,0.0 -50.96335958157937,-25.682564497953194,0.0 -50.979148268277925,-25.666952167408567,0.0 -51.0096525346367,-25.674578384185054,0.0 -51.02006671630585,-25.705773163500623,0.0 -51.053209417280755,-25.699077507620814,0.0 -51.116483880026976,-25.720275073235996,0.0 -51.13212779835919,-25.763204133763736,0.0 -51.17142756113299,-25.74577793000742,0.0 -51.25784459465228,-25.806648655111303,0.0 -51.28168518592253,-25.791642652886082,0.0 -51.30301838189274,-25.833093237862613,0.0 -51.32340650370713,-25.786535388597258,0.0 -51.34912564922928,-25.773510415673115,0.0 -51.36682078085431,-25.73432848387239,0.0 -51.3458143202746,-25.68687756374851,0.0 -51.38309858273334,-25.650526832647188,0.0 -51.40481845210985,-25.64389322998852,0.0 -51.39342666330981,-25.625793214585144,0.0 -51.324845241814444,-25.6238060626996,0.0 -51.298290568554876,-25.636480483487503,0.0 -51.27082417969211,-25.59166005876466,0.0 -51.28734830408092,-25.554672390918086,0.0 -51.341538980139774,-25.52475891888895,0.0 -51.340179044227455,-25.491032023708897,0.0 -51.32293043319288,-25.473939181547962,0.0 -51.17414272500673,-25.472028735537663,0.0 -51.133115674848455,-25.500805817034802,0.0</coordinates>
                            </LinearRing>
                        </outerBoundaryIs>
                    </Polygon>
                </Placemark>
                <Placemark id="22359">
                    <name>INDIANÓPOLIS / PR
POPULAÇÃO: 4.313</name>
                    <description>DISTRIBUIDOR: FILIAL LONDRINA
CONTATO DISTRIBUIDOR: (49) 2049-6300
RESPONSÁVEL: Luciano Lino
CONTATO RESPONSÁVEL: 19 98145-8668
ENDEREÇO: Em Branco</description>
                    <styleUrl>#22015</styleUrl>
                    <Polygon id="22358">
                        <tessellate>1</tessellate>
                        <outerBoundaryIs>
                            <LinearRing id="22362">
                                <coordinates>-52.616299512412525,-23.414808751122905,0.0 -52.59534883588003,-23.465351669044253,0.0 -52.60056035947298,-23.476837176194692,0.0 -52.653594774479245,-23.50557115048815,0.0 -52.670889937120876,-23.537465093339335,0.0 -52.696017413272955,-23.566740183412662,0.0 -52.747883670095234,-23.555175875865928,0.0 -52.66926477405002,-23.39802045807761,0.0 -52.65065400307975,-23.44026734326326,0.0 -52.616299512412525,-23.414808751122905,0.0</coordinates>
                            </LinearRing>
                        </outerBoundaryIs>
                    </Polygon>
                </Placemark>
                <Placemark id="22365">
                    <name>IPIRANGA / PR
POPULAÇÃO: 14.278</name>
                    <description>DISTRIBUIDOR: FILIAL LONDRINA
CONTATO DISTRIBUIDOR: (49) 2049-6300
RESPONSÁVEL: Luciano Lino
CONTATO RESPONSÁVEL: 19 98145-8668
ENDEREÇO: Em Branco</description>
                    <styleUrl>#22015</styleUrl>
                    <Polygon id="22364">
                        <tessellate>1</tessellate>
                        <outerBoundaryIs>
                            <LinearRing id="22368">
                                <coordinates>-50.43027521073236,-25.00433110559601,0.0 -50.39403089011347,-25.07971092152178,0.0 -50.37061340738279,-25.0970109827706,0.0 -50.39405736075855,-25.118976492970717,0.0 -50.38716505552287,-25.150951987244355,0.0 -50.41003158209179,-25.16895479222984,0.0 -50.43097527718726,-25.2142899358318,0.0 -50.44848743274878,-25.21502212966749,0.0 -50.4693638090925,-25.170232836775938,0.0 -50.49823271856508,-25.155170406588923,0.0 -50.56376366665984,-25.10565164920422,0.0 -50.62101082718789,-25.077659267561103,0.0 -50.666920682543434,-25.087952548870987,0.0 -50.69597718699754,-25.06341603881907,0.0 -50.69956036212096,-25.03829461150707,0.0 -50.69936182239013,-25.001060306388013,0.0 -50.77083664439556,-24.96151942727971,0.0 -50.80589086067465,-24.92743440767174,0.0 -50.81112035991663,-24.901663109564822,0.0 -50.84978572383204,-24.856418524095545,0.0 -50.82061665213672,-24.845911465841425,0.0 -50.77831155203643,-24.853140128314237,0.0 -50.74972093417375,-24.831426194463234,0.0 -50.71406292656275,-24.85498905350198,0.0 -50.651617886955876,-24.850302917445617,0.0 -50.61728485321339,-24.884872514255107,0.0 -50.489319460424724,-24.809864291903523,0.0 -50.43803956067717,-24.804196106065376,0.0 -50.527184611180814,-24.937899017025984,0.0 -50.49785792430373,-24.974285481789536,0.0 -50.46936876615558,-24.994597395053688,0.0 -50.43027521073236,-25.00433110559601,0.0</coordinates>
                            </LinearRing>
                        </outerBoundaryIs>
                    </Polygon>
                </Placemark>
                <Placemark id="22371">
                    <name>IRATI / PR
POPULAÇÃO: 56.790</name>
                    <description>DISTRIBUIDOR: FILIAL LONDRINA
CONTATO DISTRIBUIDOR: Em Branco
RESPONSÁVEL: Em Branco
CONTATO RESPONSÁVEL: Em Branco
ENDEREÇO: Em Branco</description>
                    <styleUrl>#22015</styleUrl>
                    <Polygon id="22370">
                        <tessellate>1</tessellate>
                        <outerBoundaryIs>
                            <LinearRing id="22374">
                                <coordinates>-50.601920359636836,-25.410676191453035,0.0 -50.579684284801885,-25.451941181540235,0.0 -50.62187038840767,-25.5843228166446,0.0 -50.719424239437046,-25.553737535758614,0.0 -50.761041987697524,-25.566817938397094,0.0 -50.78757615191785,-25.59993110383732,0.0 -50.82816749583321,-25.61595474741364,0.0 -50.8454432259241,-25.597456897118036,0.0 -50.901416467096226,-25.595715905864324,0.0 -50.944484296612984,-25.60556580791564,0.0 -50.99770637854647,-25.58845353590192,0.0 -51.03132131712505,-25.568357065126406,0.0 -51.09854977874926,-25.546135155512957,0.0 -51.133115674848455,-25.500805817034802,0.0 -51.11881298563077,-25.511894100832023,0.0 -51.08093397812053,-25.500580956845624,0.0 -51.06953772508592,-25.48286435570543,0.0 -51.02235805757823,-25.464153876899843,0.0 -51.01619641103548,-25.44472968712529,0.0 -50.98421406662584,-25.43419138912128,0.0 -50.92212704982347,-25.39046314066138,0.0 -50.89020060817148,-25.37803939150467,0.0 -50.832894877496585,-25.37883950124194,0.0 -50.815697869561006,-25.391140161988858,0.0 -50.78672695178733,-25.3816687405199,0.0 -50.77141327800035,-25.36678621611094,0.0 -50.72702524371999,-25.35486415375766,0.0 -50.67071654283416,-25.36769559977205,0.0 -50.601920359636836,-25.410676191453035,0.0</coordinates>
                            </LinearRing>
                        </outerBoundaryIs>
                    </Polygon>
                </Placemark>
                <Placemark id="22377">
                    <name>ITAGUAJÉ / PR
POPULAÇÃO: 4.538</name>
                    <description>DISTRIBUIDOR: FILIAL LONDRINA
CONTATO DISTRIBUIDOR: Em Branco
RESPONSÁVEL: Em Branco
CONTATO RESPONSÁVEL: Em Branco
ENDEREÇO: Em Branco</description>
                    <styleUrl>#22015</styleUrl>
                    <Polygon id="22376">
                        <tessellate>1</tessellate>
                        <outerBoundaryIs>
                            <LinearRing id="22380">
                                <coordinates>-51.90152851972539,-22.60192429976655,0.0 -51.959008257525,-22.645053277786474,0.0 -51.92025241012061,-22.684923381608712,0.0 -51.92673445633005,-22.732664637063294,0.0 -51.91230359483501,-22.750506136948616,0.0 -51.94011020532167,-22.792974048513486,0.0 -51.979183103317496,-22.74830229341609,0.0 -51.9977091374667,-22.714433382694438,0.0 -52.03340428168224,-22.67729636083834,0.0 -52.01062974586603,-22.648825858226758,0.0 -52.003980682062775,-22.61513355007321,0.0 -52.003709097596754,-22.58116291343765,0.0 -52.02835207388904,-22.539512891206925,0.0 -51.94051262675629,-22.567342750967157,0.0 -51.90152851972539,-22.60192429976655,0.0</coordinates>
                            </LinearRing>
                        </outerBoundaryIs>
                    </Polygon>
                </Placemark>
                <Placemark id="22383">
                    <name>ITAMBARACÁ / PR
POPULAÇÃO: 6.710</name>
                    <description>DISTRIBUIDOR: FILIAL LONDRINA
CONTATO DISTRIBUIDOR: Em Branco
RESPONSÁVEL: Em Branco
CONTATO RESPONSÁVEL: Em Branco
ENDEREÇO: Em Branco</description>
                    <styleUrl>#22015</styleUrl>
                    <Polygon id="22382">
                        <tessellate>1</tessellate>
                        <outerBoundaryIs>
                            <LinearRing id="22386">
                                <coordinates>-50.34018659693385,-22.948072768943064,0.0 -50.33569087973029,-22.978511433355948,0.0 -50.347909315462516,-23.03909339424473,0.0 -50.36998660239976,-23.059507026228232,0.0 -50.4032729637762,-23.069314765364084,0.0 -50.41357049887938,-23.0458497174904,0.0 -50.44780845359719,-23.031301147330055,0.0 -50.49954505066353,-22.977419794887567,0.0 -50.52837908982309,-22.961130212789044,0.0 -50.52677285568268,-22.93482212643994,0.0 -50.425712601954956,-22.944185550122995,0.0 -50.416426447122774,-22.91277165638678,0.0 -50.379074598813645,-22.90540557121011,0.0 -50.35924948947235,-22.91605881516216,0.0 -50.34018659693385,-22.948072768943064,0.0</coordinates>
                            </LinearRing>
                        </outerBoundaryIs>
                    </Polygon>
                </Placemark>
                <Placemark id="22389">
                    <name>ITAMBÉ / PR
POPULAÇÃO: 5.983</name>
                    <description>DISTRIBUIDOR: FILIAL LONDRINA
CONTATO DISTRIBUIDOR: Em Branco
RESPONSÁVEL: Em Branco
CONTATO RESPONSÁVEL: Em Branco
ENDEREÇO: Em Branco</description>
                    <styleUrl>#22015</styleUrl>
                    <Polygon id="22388">
                        <tessellate>1</tessellate>
                        <outerBoundaryIs>
                            <LinearRing id="22392">
                                <coordinates>-51.93991355236852,-23.673035699238085,0.0 -51.96360358993371,-23.694528976331128,0.0 -51.91923529487292,-23.72597255129216,0.0 -51.94848664644155,-23.773962037617878,0.0 -51.97624063399803,-23.79700272239768,0.0 -51.99626708355902,-23.790602447944593,0.0 -52.04382188257375,-23.810970453723428,0.0 -52.03385369629103,-23.77240858378906,0.0 -52.06110405900506,-23.730975026576175,0.0 -52.1115408866026,-23.705522842105438,0.0 -52.11609501207511,-23.672794218678177,0.0 -52.061525308646026,-23.65079761531763,0.0 -52.052611321155496,-23.661957028294182,0.0 -52.00422007979279,-23.619240250936798,0.0 -51.963599216530554,-23.61600797598726,0.0 -51.93517593642031,-23.65158053631268,0.0 -51.93991355236852,-23.673035699238085,0.0</coordinates>
                            </LinearRing>
                        </outerBoundaryIs>
                    </Polygon>
                </Placemark>
                <Placemark id="22395">
                    <name>ITAÚNA DO SUL / PR
POPULAÇÃO: 3.453</name>
                    <description>DISTRIBUIDOR: FILIAL LONDRINA
CONTATO DISTRIBUIDOR: Em Branco
RESPONSÁVEL: Em Branco
CONTATO RESPONSÁVEL: Em Branco
ENDEREÇO: Em Branco</description>
                    <styleUrl>#22015</styleUrl>
                    <Polygon id="22394">
                        <tessellate>1</tessellate>
                        <outerBoundaryIs>
                            <LinearRing id="22398">
                                <coordinates>-52.81573600131537,-22.70936621827633,0.0 -52.843747874864505,-22.751436046736103,0.0 -52.84929011514663,-22.78242955238187,0.0 -52.918835708800884,-22.779018043447877,0.0 -52.94985297993105,-22.77095184055497,0.0 -52.964475076863266,-22.73132482528041,0.0 -52.96813361337553,-22.67857227938714,0.0 -52.913598932244895,-22.678374170431596,0.0 -52.908139844178436,-22.68953214809011,0.0 -52.840242447031244,-22.690027125051756,0.0 -52.81573600131537,-22.70936621827633,0.0</coordinates>
                            </LinearRing>
                        </outerBoundaryIs>
                    </Polygon>
                </Placemark>
                <Placemark id="22401">
                    <name>IVAIPORÃ / PR
POPULAÇÃO: 31.748</name>
                    <description>DISTRIBUIDOR: FILIAL LONDRINA
CONTATO DISTRIBUIDOR: Em Branco
RESPONSÁVEL: Em Branco
CONTATO RESPONSÁVEL: Em Branco
ENDEREÇO: Em Branco</description>
                    <styleUrl>#22015</styleUrl>
                    <Polygon id="22400">
                        <tessellate>1</tessellate>
                        <outerBoundaryIs>
                            <LinearRing id="22404">
                                <coordinates>-51.48623835141876,-24.301630389830564,0.0 -51.48779705908697,-24.32926961220278,0.0 -51.52335269686944,-24.3215644088703,0.0 -51.56723382378192,-24.337648429331523,0.0 -51.62236946787658,-24.31770637484925,0.0 -51.67479431970207,-24.342005533128827,0.0 -51.64058819468937,-24.37536338701068,0.0 -51.65951907304674,-24.394120940828714,0.0 -51.7389436735117,-24.405369797677963,0.0 -51.72693900932779,-24.351732175899144,0.0 -51.756562903255315,-24.348022100139758,0.0 -51.7710530984217,-24.323634173378366,0.0 -51.76516756982744,-24.24423690960566,0.0 -51.71763031298849,-24.255431205485706,0.0 -51.6882798264528,-24.209344729575548,0.0 -51.62292399074954,-24.211006867372987,0.0 -51.58654090653755,-24.192526136571928,0.0 -51.55879716315849,-24.157166542002244,0.0 -51.54640255383475,-24.17870503880647,0.0 -51.51233970521321,-24.190278320687923,0.0 -51.516150148910185,-24.214861596385504,0.0 -51.495512629803954,-24.242061923518918,0.0 -51.50050297773021,-24.263192846672496,0.0 -51.48623835141876,-24.301630389830564,0.0</coordinates>
                            </LinearRing>
                        </outerBoundaryIs>
                    </Polygon>
                </Placemark>
                <Placemark id="22407">
                    <name>IVAÍ / PR
POPULAÇÃO: 12.954</name>
                    <description>DISTRIBUIDOR: FILIAL LONDRINA
CONTATO DISTRIBUIDOR: Em Branco
RESPONSÁVEL: Em Branco
CONTATO RESPONSÁVEL: Em Branco
ENDEREÇO: Em Branco</description>
                    <styleUrl>#22015</styleUrl>
                    <Polygon id="22406">
                        <tessellate>1</tessellate>
                        <outerBoundaryIs>
                            <LinearRing id="22410">
                                <coordinates>-50.84978572383204,-24.856418524095545,0.0 -50.81112035991663,-24.901663109564822,0.0 -50.80589086067465,-24.92743440767174,0.0 -50.77083664439556,-24.96151942727971,0.0 -50.69936182239013,-25.001060306388013,0.0 -50.69956036212096,-25.03829461150707,0.0 -50.73974929449429,-25.075640462237516,0.0 -50.77921813161146,-25.127276140081733,0.0 -50.76883450261016,-25.159180005153075,0.0 -50.79563658206257,-25.159823087865163,0.0 -50.847064718861645,-25.096128609347772,0.0 -50.88604154947791,-25.07369967849735,0.0 -50.93815212152316,-25.072842540051113,0.0 -50.95283648931252,-25.071467716761674,0.0 -50.97053944773728,-25.005542425842236,0.0 -51.000486393432254,-25.003804590309528,0.0 -51.017594055521215,-24.969114385420482,0.0 -50.988041399590884,-24.963975216782785,0.0 -50.9629442827524,-24.93297259560876,0.0 -51.00179465250119,-24.862780583656956,0.0 -50.94531598424521,-24.84274373163788,0.0 -50.87589322719066,-24.831921496080156,0.0 -50.84978572383204,-24.856418524095545,0.0</coordinates>
                            </LinearRing>
                        </outerBoundaryIs>
                    </Polygon>
                </Placemark>
                <Placemark id="22413">
                    <name>JABOTI / PR
POPULAÇÃO: 4.950</name>
                    <description>DISTRIBUIDOR: FILIAL LONDRINA
CONTATO DISTRIBUIDOR: Em Branco
RESPONSÁVEL: Em Branco
CONTATO RESPONSÁVEL: Em Branco
ENDEREÇO: Em Branco</description>
                    <styleUrl>#22015</styleUrl>
                    <Polygon id="22412">
                        <tessellate>1</tessellate>
                        <outerBoundaryIs>
                            <LinearRing id="22416">
                                <coordinates>-50.0491920649618,-23.651339089027715,0.0 -50.03816440446366,-23.692643230200872,0.0 -50.00690929143059,-23.719526816109635,0.0 -50.01998716067891,-23.73809621826581,0.0 -50.033950842357456,-23.7719469518903,0.0 -50.09404294342704,-23.791547523899055,0.0 -50.13334606606804,-23.716310898928782,0.0 -50.156186560861045,-23.7093333613455,0.0 -50.1686586431818,-23.678579927921305,0.0 -50.09210336567776,-23.68012169236215,0.0 -50.0491920649618,-23.651339089027715,0.0</coordinates>
                            </LinearRing>
                        </outerBoundaryIs>
                    </Polygon>
                </Placemark>
                <Placemark id="22419">
                    <name>JACAREZINHO / PR
POPULAÇÃO: 39.045</name>
                    <description>DISTRIBUIDOR: FILIAL LONDRINA
CONTATO DISTRIBUIDOR: Em Branco
RESPONSÁVEL: Em Branco
CONTATO RESPONSÁVEL: Em Branco
ENDEREÇO: Em Branco</description>
                    <styleUrl>#22015</styleUrl>
                    <Polygon id="22418">
                        <tessellate>1</tessellate>
                        <outerBoundaryIs>
                            <LinearRing id="22422">
                                <coordinates>-49.809468582509055,-23.089206854412737,0.0 -49.80897553459323,-23.115470962115182,0.0 -49.862405224121744,-23.17359643832492,0.0 -49.860653563311246,-23.216215755252847,0.0 -49.8914683269017,-23.245426525813457,0.0 -49.879174673672196,-23.27158380934526,0.0 -49.84496733997071,-23.28625849413413,0.0 -49.834538868074276,-23.327026875889544,0.0 -49.89149665734482,-23.33502564311891,0.0 -49.93290375830179,-23.306105441712702,0.0 -49.932783475776716,-23.29444660552639,0.0 -49.97063386236283,-23.237882040323882,0.0 -50.037827455472666,-23.205725864157273,0.0 -50.049690168866164,-23.18882445618368,0.0 -50.117969329121195,-23.169296610550077,0.0 -50.13420010005456,-23.14483971388165,0.0 -50.09728235179904,-23.13490204879048,0.0 -50.05710929785579,-23.104010319420638,0.0 -50.06278584648959,-23.093232925858786,0.0 -50.005952883118994,-23.038516409904332,0.0 -49.9712270264061,-23.017313985252144,0.0 -49.97419828752089,-22.95449678549818,0.0 -49.95450191613048,-22.97842048941402,0.0 -49.90167016964256,-22.99931180259756,0.0 -49.91160219868249,-23.05111864211159,0.0 -49.867415280690636,-23.07169185429558,0.0 -49.83365890303588,-23.065942950706585,0.0 -49.809468582509055,-23.089206854412737,0.0</coordinates>
                            </LinearRing>
                        </outerBoundaryIs>
                    </Polygon>
                </Placemark>
                <Placemark id="22425">
                    <name>JAGUAPITÃ / PR
POPULAÇÃO: 12.421</name>
                    <description>DISTRIBUIDOR: FILIAL LONDRINA
CONTATO DISTRIBUIDOR: Em Branco
RESPONSÁVEL: Em Branco
CONTATO RESPONSÁVEL: Em Branco
ENDEREÇO: Em Branco</description>
                    <styleUrl>#22015</styleUrl>
                    <Polygon id="22424">
                        <tessellate>1</tessellate>
                        <outerBoundaryIs>
                            <LinearRing id="22428">
                                <coordinates>-51.53186686916064,-22.9310100666612,0.0 -51.49207876372395,-23.066725654964955,0.0 -51.39831462881705,-23.090320147656655,0.0 -51.396335910773644,-23.12948262442353,0.0 -51.41803943766985,-23.168750298487453,0.0 -51.47361167563827,-23.167178356395993,0.0 -51.48379476211852,-23.19049214279812,0.0 -51.520287902664506,-23.19618646833078,0.0 -51.55217976358517,-23.158172293616417,0.0 -51.55471013296625,-23.137201998373484,0.0 -51.59298483228412,-23.130586576409314,0.0 -51.594954493255216,-23.11617975738983,0.0 -51.67230236126494,-23.086875862031377,0.0 -51.74937699545194,-23.039158573509326,0.0 -51.7503800165245,-23.028118185805567,0.0 -51.66920730667181,-22.994849078821858,0.0 -51.623444031816575,-23.00561889829345,0.0 -51.59140631974583,-22.990458149723793,0.0 -51.59017484839052,-22.949680370052988,0.0 -51.57776191268209,-22.912969404714204,0.0 -51.54978581776123,-22.90088869655608,0.0 -51.53186686916064,-22.9310100666612,0.0</coordinates>
                            </LinearRing>
                        </outerBoundaryIs>
                    </Polygon>
                </Placemark>
                <Placemark id="22431">
                    <name>JAGUARIAÍVA / PR
POPULAÇÃO: 32.882</name>
                    <description>DISTRIBUIDOR: FILIAL LONDRINA
CONTATO DISTRIBUIDOR: Em Branco
RESPONSÁVEL: Em Branco
CONTATO RESPONSÁVEL: Em Branco
ENDEREÇO: Em Branco</description>
                    <styleUrl>#22015</styleUrl>
                    <Polygon id="22430">
                        <tessellate>1</tessellate>
                        <outerBoundaryIs>
                            <LinearRing id="22434">
                                <coordinates>-49.63441020606609,-24.070696405314834,0.0 -49.61359124873712,-24.08627669751155,0.0 -49.632318591629655,-24.11412749348898,0.0 -49.62985182590103,-24.146872302015083,0.0 -49.58016694394928,-24.245894081346705,0.0 -49.60150005178593,-24.36735799447581,0.0 -49.46266094624565,-24.367367627114277,0.0 -49.457314501862754,-24.385373606706537,0.0 -49.48740663051154,-24.47213192664708,0.0 -49.5169057920686,-24.494328039207574,0.0 -49.52742768104258,-24.531421535675292,0.0 -49.50713128827829,-24.564940614617626,0.0 -49.51069865152152,-24.614212130385454,0.0 -49.53921264175,-24.572011187965927,0.0 -49.573595681395545,-24.613681047442356,0.0 -49.592705169607825,-24.598568031289574,0.0 -49.620164412457655,-24.604762397866295,0.0 -49.63525570368773,-24.49660725761879,0.0 -49.739024642573156,-24.445205002408898,0.0 -49.79812530314018,-24.460789775927367,0.0 -49.819060334167034,-24.44540298186206,0.0 -49.84774992421961,-24.389071540718987,0.0 -49.879081726040795,-24.38057107409577,0.0 -49.89364551362951,-24.361713286339068,0.0 -49.94968059398417,-24.37022644239636,0.0 -49.965697636536675,-24.335450000617016,0.0 -49.96077642309342,-24.311514952652885,0.0 -49.9860737326166,-24.24541891375185,0.0 -49.93284730336035,-24.200368766205543,0.0 -49.91052850168899,-24.1936436395423,0.0 -49.78650100721569,-24.235313807486193,0.0 -49.73987262052498,-24.173638700865297,0.0 -49.75136809486162,-24.170054782002524,0.0 -49.76691977332882,-24.114497280325168,0.0 -49.759402132602304,-24.084097247190186,0.0 -49.697522846602055,-24.065440729506008,0.0 -49.680375377821406,-24.07821800036038,0.0 -49.63441020606609,-24.070696405314834,0.0</coordinates>
                            </LinearRing>
                        </outerBoundaryIs>
                    </Polygon>
                </Placemark>
                <Placemark id="22437">
                    <name>JANDAIA DO SUL / PR
POPULAÇÃO: 20.359</name>
                    <description>DISTRIBUIDOR: FILIAL LONDRINA
CONTATO DISTRIBUIDOR: Em Branco
RESPONSÁVEL: Em Branco
CONTATO RESPONSÁVEL: Em Branco
ENDEREÇO: Em Branco</description>
                    <styleUrl>#22015</styleUrl>
                    <Polygon id="22436">
                        <tessellate>1</tessellate>
                        <outerBoundaryIs>
                            <LinearRing id="22440">
                                <coordinates>-51.610574235112836,-23.68746427645516,0.0 -51.63391330235697,-23.666860092519187,0.0 -51.694959736102874,-23.704259375569677,0.0 -51.695975605789556,-23.680359822947423,0.0 -51.7659286067198,-23.657638094422452,0.0 -51.76674108483314,-23.63467274764912,0.0 -51.795738241226786,-23.630854751445554,0.0 -51.79357243901683,-23.60697029754118,0.0 -51.75609736200363,-23.600053278036285,0.0 -51.70668372997011,-23.572836788287077,0.0 -51.64480274874779,-23.575897032821786,0.0 -51.62541159107201,-23.550253188433828,0.0 -51.60203028806728,-23.58156545877887,0.0 -51.60931727876937,-23.620282254022754,0.0 -51.610574235112836,-23.68746427645516,0.0</coordinates>
                            </LinearRing>
                        </outerBoundaryIs>
                    </Polygon>
                </Placemark>
                <Placemark id="22443">
                    <name>JAPIRA / PR
POPULAÇÃO: 4.904</name>
                    <description>DISTRIBUIDOR: FILIAL LONDRINA
CONTATO DISTRIBUIDOR: Em Branco
RESPONSÁVEL: Em Branco
CONTATO RESPONSÁVEL: Em Branco
ENDEREÇO: Em Branco</description>
                    <styleUrl>#22015</styleUrl>
                    <Polygon id="22442">
                        <tessellate>1</tessellate>
                        <outerBoundaryIs>
                            <LinearRing id="22446">
                                <coordinates>-50.19093904739907,-23.570196906661863,0.0 -50.182159869182556,-23.615385541709315,0.0 -50.18614618789621,-23.661016844651613,0.0 -50.1686586431818,-23.678579927921305,0.0 -50.156186560861045,-23.7093333613455,0.0 -50.13334606606804,-23.716310898928782,0.0 -50.09404294342704,-23.791547523899055,0.0 -50.077145399840276,-23.821261726847183,0.0 -50.12030344125077,-23.85586808884119,0.0 -50.17192616795825,-23.816356217365467,0.0 -50.20864989287821,-23.72141979818508,0.0 -50.20131344216156,-23.673772461629767,0.0 -50.236409920281574,-23.63475344021907,0.0 -50.22411762322969,-23.605251421515845,0.0 -50.241048305035235,-23.582189626949685,0.0 -50.216301715151985,-23.56685470847799,0.0 -50.19093904739907,-23.570196906661863,0.0</coordinates>
                            </LinearRing>
                        </outerBoundaryIs>
                    </Polygon>
                </Placemark>
                <Placemark id="22449">
                    <name>JAPURÁ / PR
POPULAÇÃO: 8.669</name>
                    <description>DISTRIBUIDOR: FILIAL LONDRINA
CONTATO DISTRIBUIDOR: Em Branco
RESPONSÁVEL: Em Branco
CONTATO RESPONSÁVEL: Em Branco
ENDEREÇO: Em Branco</description>
                    <styleUrl>#22015</styleUrl>
                    <Polygon id="22448">
                        <tessellate>1</tessellate>
                        <outerBoundaryIs>
                            <LinearRing id="22452">
                                <coordinates>-52.464522544080125,-23.45462340994237,0.0 -52.51901363956779,-23.505139980425724,0.0 -52.569448440992744,-23.508497226066083,0.0 -52.60056035947298,-23.476837176194692,0.0 -52.59534883588003,-23.465351669044253,0.0 -52.616299512412525,-23.414808751122905,0.0 -52.53984599589597,-23.366595758987046,0.0 -52.52491432083917,-23.36649727962572,0.0 -52.4746377578262,-23.407145967912072,0.0 -52.464522544080125,-23.45462340994237,0.0</coordinates>
                            </LinearRing>
                        </outerBoundaryIs>
                    </Polygon>
                </Placemark>
                <Placemark id="22455">
                    <name>JARDIM ALEGRE / PR
POPULAÇÃO: 12.121</name>
                    <description>DISTRIBUIDOR: FILIAL LONDRINA
CONTATO DISTRIBUIDOR: Em Branco
RESPONSÁVEL: Em Branco
CONTATO RESPONSÁVEL: Em Branco
ENDEREÇO: Em Branco</description>
                    <styleUrl>#22015</styleUrl>
                    <Polygon id="22454">
                        <tessellate>1</tessellate>
                        <outerBoundaryIs>
                            <LinearRing id="22458">
                                <coordinates>-51.711762042384294,-24.09443601620916,0.0 -51.70590519766671,-24.134395429005792,0.0 -51.661413582171065,-24.153189960248426,0.0 -51.64351265778288,-24.140816201706286,0.0 -51.58015186911342,-24.125450946403987,0.0 -51.54910271611743,-24.12780386425686,0.0 -51.55879716315849,-24.157166542002244,0.0 -51.58654090653755,-24.192526136571928,0.0 -51.62292399074954,-24.211006867372987,0.0 -51.6882798264528,-24.209344729575548,0.0 -51.71763031298849,-24.255431205485706,0.0 -51.76516756982744,-24.24423690960566,0.0 -51.81278128882536,-24.242403413186935,0.0 -51.826441944839814,-24.306806752629484,0.0 -51.85427102578717,-24.303958985518705,0.0 -51.9160483043857,-24.325913946671278,0.0 -51.934061191670594,-24.30178244000757,0.0 -51.93288841726661,-24.264150874663073,0.0 -51.953847251549405,-24.246807445407228,0.0 -51.958069229511295,-24.240933190714145,0.0 -51.84157273969015,-24.175265797478517,0.0 -51.734254291802074,-24.114748639937716,0.0 -51.711762042384294,-24.09443601620916,0.0</coordinates>
                            </LinearRing>
                        </outerBoundaryIs>
                    </Polygon>
                </Placemark>
                <Placemark id="22461">
                    <name>JARDIM OLINDA / PR
POPULAÇÃO: 1.392</name>
                    <description>DISTRIBUIDOR: FILIAL LONDRINA
CONTATO DISTRIBUIDOR: Em Branco
RESPONSÁVEL: Em Branco
CONTATO RESPONSÁVEL: Em Branco
ENDEREÇO: Em Branco</description>
                    <styleUrl>#22015</styleUrl>
                    <Polygon id="22460">
                        <tessellate>1</tessellate>
                        <outerBoundaryIs>
                            <LinearRing id="22464">
                                <coordinates>-52.02835207388904,-22.539512891206925,0.0 -52.003709097596754,-22.58116291343765,0.0 -52.003980682062775,-22.61513355007321,0.0 -52.06952881979913,-22.61424615303747,0.0 -52.080159525841395,-22.641789404257565,0.0 -52.12994713015587,-22.59741387684892,0.0 -52.1523362111472,-22.56923344606662,0.0 -52.12760224414819,-22.51992303192236,0.0 -52.0896173666481,-22.52124990785694,0.0 -52.051877844886576,-22.539326482431193,0.0 -52.02835207388904,-22.539512891206925,0.0</coordinates>
                            </LinearRing>
                        </outerBoundaryIs>
                    </Polygon>
                </Placemark>
                <Placemark id="22467">
                    <name>JATAIZINHO / PR
POPULAÇÃO: 11.958</name>
                    <description>DISTRIBUIDOR: FILIAL LONDRINA
CONTATO DISTRIBUIDOR: Em Branco
RESPONSÁVEL: Em Branco
CONTATO RESPONSÁVEL: Em Branco
ENDEREÇO: Em Branco</description>
                    <styleUrl>#22015</styleUrl>
                    <Polygon id="22466">
                        <tessellate>1</tessellate>
                        <outerBoundaryIs>
                            <LinearRing id="22470">
                                <coordinates>-50.84562576851437,-23.282934956882684,0.0 -50.87392784429454,-23.332364032973715,0.0 -50.89764433451836,-23.349895089586653,0.0 -50.96340177147454,-23.303417356425825,0.0 -50.98816389624676,-23.2540269637733,0.0 -50.96700822285118,-23.237305279015345,0.0 -50.96900022837781,-23.196840151351864,0.0 -50.95075751214944,-23.172403586556243,0.0 -50.959550144223726,-23.14789153446668,0.0 -50.90328187955504,-23.14733128291232,0.0 -50.90029389914412,-23.282529439082282,0.0 -50.84562576851437,-23.282934956882684,0.0</coordinates>
                            </LinearRing>
                        </outerBoundaryIs>
                    </Polygon>
                </Placemark>
                <Placemark id="22473">
                    <name>JOAQUIM TÁVORA / PR
POPULAÇÃO: 10.899</name>
                    <description>DISTRIBUIDOR: FILIAL LONDRINA
CONTATO DISTRIBUIDOR: Em Branco
RESPONSÁVEL: Em Branco
CONTATO RESPONSÁVEL: Em Branco
ENDEREÇO: Em Branco</description>
                    <styleUrl>#22015</styleUrl>
                    <Polygon id="22472">
                        <tessellate>1</tessellate>
                        <outerBoundaryIs>
                            <LinearRing id="22476">
                                <coordinates>-49.89149665734482,-23.33502564311891,0.0 -49.86475908626278,-23.35242471702702,0.0 -49.84121794765014,-23.434620270808807,0.0 -49.86539517764527,-23.458463758795403,0.0 -49.813053622826374,-23.50047781310053,0.0 -49.826552215612196,-23.53129544732701,0.0 -49.8186772634449,-23.558893371032184,0.0 -49.850290637602825,-23.571405869784996,0.0 -49.86506643316932,-23.521685019448057,0.0 -49.8815659053422,-23.50520811126529,0.0 -49.92350707499145,-23.556351724152705,0.0 -49.97312533786402,-23.53303937756516,0.0 -50.00405159850243,-23.533681801973557,0.0 -49.98731240934018,-23.506725290939357,0.0 -50.01858701427926,-23.48015347570231,0.0 -50.027539174393326,-23.455829799205844,0.0 -50.00430090226479,-23.445191120673655,0.0 -49.949244367033884,-23.43183666942673,0.0 -49.92515917725416,-23.39075516981518,0.0 -49.93590344518782,-23.37316901084114,0.0 -49.93290375830179,-23.306105441712702,0.0 -49.89149665734482,-23.33502564311891,0.0</coordinates>
                            </LinearRing>
                        </outerBoundaryIs>
                    </Polygon>
                </Placemark>
                <Placemark id="22479">
                    <name>JURANDA / PR
POPULAÇÃO: 7.567</name>
                    <description>DISTRIBUIDOR: FILIAL LONDRINA
CONTATO DISTRIBUIDOR: Em Branco
RESPONSÁVEL: Em Branco
CONTATO RESPONSÁVEL: Em Branco
ENDEREÇO: Em Branco</description>
                    <styleUrl>#22015</styleUrl>
                    <Polygon id="22478">
                        <tessellate>1</tessellate>
                        <outerBoundaryIs>
                            <LinearRing id="22482">
                                <coordinates>-52.767111733919364,-24.494697584126186,0.0 -52.86054465031532,-24.49927409462373,0.0 -52.87302224458091,-24.51119299136343,0.0 -52.88525768289571,-24.42317227597971,0.0 -52.975162389832406,-24.412638303714687,0.0 -52.97500881890181,-24.346836612019956,0.0 -52.94579017567605,-24.32867215479604,0.0 -52.869376881337985,-24.316312990452104,0.0 -52.86928622158183,-24.385432759614105,0.0 -52.79990141411895,-24.346771245696402,0.0 -52.76347039064598,-24.314259953334158,0.0 -52.701538823457895,-24.29876408859178,0.0 -52.71642993279511,-24.336229934064136,0.0 -52.71285013282733,-24.35892355967451,0.0 -52.737273786056335,-24.387505442422196,0.0 -52.7334382665627,-24.420988794896914,0.0 -52.76878177945554,-24.466243615550354,0.0 -52.767111733919364,-24.494697584126186,0.0</coordinates>
                            </LinearRing>
                        </outerBoundaryIs>
                    </Polygon>
                </Placemark>
                <Placemark id="22485">
                    <name>KALORÉ / PR
POPULAÇÃO: 4.425</name>
                    <description>DISTRIBUIDOR: FILIAL LONDRINA
CONTATO DISTRIBUIDOR: Em Branco
RESPONSÁVEL: Em Branco
CONTATO RESPONSÁVEL: Em Branco
ENDEREÇO: Em Branco</description>
                    <styleUrl>#22015</styleUrl>
                    <Polygon id="22484">
                        <tessellate>1</tessellate>
                        <outerBoundaryIs>
                            <LinearRing id="22488">
                                <coordinates>-51.590103958430916,-23.834653121344445,0.0 -51.587039701121284,-23.86165565788224,0.0 -51.65326356426203,-23.867143298524354,0.0 -51.67927586089223,-23.88429361635724,0.0 -51.68845901906843,-23.929608589964403,0.0 -51.73100968355004,-23.938885520450356,0.0 -51.75802205597307,-23.938373141607144,0.0 -51.795897569617125,-23.920062915970732,0.0 -51.76345814207957,-23.890504423440348,0.0 -51.73453038816683,-23.84162589431952,0.0 -51.76644985917363,-23.83886811876863,0.0 -51.73205240339564,-23.81369602455186,0.0 -51.674494592751216,-23.790245536702116,0.0 -51.62910801512277,-23.779962441113696,0.0 -51.61834942098892,-23.806551121337122,0.0 -51.590103958430916,-23.834653121344445,0.0</coordinates>
                            </LinearRing>
                        </outerBoundaryIs>
                    </Polygon>
                </Placemark>
                <Placemark id="22491">
                    <name>LEÓPOLIS / PR
POPULAÇÃO: 4.101</name>
                    <description>DISTRIBUIDOR: FILIAL LONDRINA
CONTATO DISTRIBUIDOR: Em Branco
RESPONSÁVEL: Em Branco
CONTATO RESPONSÁVEL: Em Branco
ENDEREÇO: Em Branco</description>
                    <styleUrl>#22015</styleUrl>
                    <Polygon id="22490">
                        <tessellate>1</tessellate>
                        <outerBoundaryIs>
                            <LinearRing id="22494">
                                <coordinates>-50.62079814561787,-23.014571727503153,0.0 -50.63736278446487,-23.060917868264937,0.0 -50.67653266894746,-23.101369989933062,0.0 -50.7345060140413,-23.137489250828196,0.0 -50.77995683294142,-23.124269988369235,0.0 -50.80200999646411,-23.136729010735223,0.0 -50.842670464969956,-23.110331890604243,0.0 -50.797222924997925,-23.079714620833045,0.0 -50.77482435436042,-23.0434815570282,0.0 -50.77081891785872,-23.008740460403885,0.0 -50.795935031076795,-22.951179367233976,0.0 -50.75866298590802,-22.947654255939142,0.0 -50.7295267790376,-22.96249857085229,0.0 -50.70983876954352,-22.953442198198843,0.0 -50.682082881719566,-22.906197149079105,0.0 -50.637296698683656,-22.90693715262745,0.0 -50.630970694741734,-22.938700783714125,0.0 -50.609660192264016,-22.972794240761573,0.0 -50.62079814561787,-23.014571727503153,0.0</coordinates>
                            </LinearRing>
                        </outerBoundaryIs>
                    </Polygon>
                </Placemark>
                <Placemark id="22497">
                    <name>LIDIANÓPOLIS / PR
POPULAÇÃO: 3.851</name>
                    <description>DISTRIBUIDOR: FILIAL LONDRINA
CONTATO DISTRIBUIDOR: Em Branco
RESPONSÁVEL: Em Branco
CONTATO RESPONSÁVEL: Em Branco
ENDEREÇO: Em Branco</description>
                    <styleUrl>#22015</styleUrl>
                    <Polygon id="22496">
                        <tessellate>1</tessellate>
                        <outerBoundaryIs>
                            <LinearRing id="22500">
                                <coordinates>-51.61903749948095,-24.02554874697705,0.0 -51.550324958629915,-24.093585638866102,0.0 -51.58015186911342,-24.125450946403987,0.0 -51.64351265778288,-24.140816201706286,0.0 -51.661413582171065,-24.153189960248426,0.0 -51.70590519766671,-24.134395429005792,0.0 -51.711762042384294,-24.09443601620916,0.0 -51.683801161294525,-24.06423453539543,0.0 -51.67531717924436,-24.002032354109815,0.0 -51.64092963579401,-24.046209874186275,0.0 -51.61903749948095,-24.02554874697705,0.0</coordinates>
                            </LinearRing>
                        </outerBoundaryIs>
                    </Polygon>
                </Placemark>
                <Placemark id="22503">
                    <name>LOANDA / PR
POPULAÇÃO: 21.451</name>
                    <description>DISTRIBUIDOR: FILIAL LONDRINA
CONTATO DISTRIBUIDOR: Em Branco
RESPONSÁVEL: Em Branco
CONTATO RESPONSÁVEL: Em Branco
ENDEREÇO: Em Branco</description>
                    <styleUrl>#22015</styleUrl>
                    <Polygon id="22502">
                        <tessellate>1</tessellate>
                        <outerBoundaryIs>
                            <LinearRing id="22506">
                                <coordinates>-53.0342415242269,-22.85516041971755,0.0 -52.99728766369469,-22.85602085058173,0.0 -52.95191853381323,-22.88150348609696,0.0 -52.91692623765573,-22.851052191605334,0.0 -52.87677418378149,-22.903035157946135,0.0 -52.8863228327325,-22.94081896142586,0.0 -52.896056026164615,-22.959714535097646,0.0 -52.9461352626322,-22.988977977151876,0.0 -52.96818338275688,-23.014313442211517,0.0 -52.97621767590499,-23.055266007819966,0.0 -53.03279361933005,-23.10587314093266,0.0 -53.129797814617405,-23.042857124456702,0.0 -53.22932121690059,-22.973120294465957,0.0 -53.28470912262787,-22.935179184271874,0.0 -53.25581251673424,-22.8995238116745,0.0 -53.22471420139925,-22.862434124735046,0.0 -53.09905093904956,-22.83614291596274,0.0 -53.08077936807331,-22.854068023120703,0.0 -53.0342415242269,-22.85516041971755,0.0</coordinates>
                            </LinearRing>
                        </outerBoundaryIs>
                    </Polygon>
                </Placemark>
                <Placemark id="22509">
                    <name>LOBATO / PR
POPULAÇÃO: 4.452</name>
                    <description>DISTRIBUIDOR: FILIAL LONDRINA
CONTATO DISTRIBUIDOR: Em Branco
RESPONSÁVEL: Em Branco
CONTATO RESPONSÁVEL: Em Branco
ENDEREÇO: Em Branco</description>
                    <styleUrl>#22015</styleUrl>
                    <Polygon id="22508">
                        <tessellate>1</tessellate>
                        <outerBoundaryIs>
                            <LinearRing id="22512">
                                <coordinates>-51.90550225872221,-22.949607674254707,0.0 -51.893017423115566,-23.007468872990046,0.0 -51.91503333941705,-23.048705784444337,0.0 -51.98761355232352,-23.081177507535926,0.0 -52.011829559286696,-23.07708565607811,0.0 -52.02748113084948,-23.059634068957052,0.0 -52.03688896575312,-23.02206901027654,0.0 -52.02373803198452,-23.002202426001134,0.0 -52.042489517177444,-22.949305308693,0.0 -52.058498163659294,-22.95380473290203,0.0 -52.07518440523609,-22.917569549395125,0.0 -52.10104850708291,-22.910479040775044,0.0 -52.06618785908239,-22.876892323821664,0.0 -52.01723393439852,-22.89827131776707,0.0 -51.97109543630529,-22.930635907321232,0.0 -51.91915937590443,-22.955446403029043,0.0 -51.90550225872221,-22.949607674254707,0.0</coordinates>
                            </LinearRing>
                        </outerBoundaryIs>
                    </Polygon>
                </Placemark>
                <Placemark id="22515">
                    <name>LONDRINA / PR
POPULAÇÃO: 515.707</name>
                    <description>DISTRIBUIDOR: FILIAL LONDRINA
CONTATO DISTRIBUIDOR: Em Branco
RESPONSÁVEL: Em Branco
CONTATO RESPONSÁVEL: Em Branco
ENDEREÇO: Em Branco</description>
                    <styleUrl>#22015</styleUrl>
                    <Polygon id="22514">
                        <tessellate>1</tessellate>
                        <outerBoundaryIs>
                            <LinearRing id="22518">
                                <coordinates>-51.17052797648489,-23.196211009030776,0.0 -51.17110266215809,-23.220365010436865,0.0 -51.13243004970701,-23.223559833119737,0.0 -51.10848661736344,-23.23982021153347,0.0 -51.09495900435451,-23.293212017120823,0.0 -51.072306298796605,-23.337369628905208,0.0 -51.046536625764645,-23.345991378998917,0.0 -50.98095074617993,-23.342593150353537,0.0 -50.995693831605024,-23.394902360155754,0.0 -50.97848186254788,-23.418658139061847,0.0 -50.95348130591748,-23.41617323130953,0.0 -50.94670058496399,-23.458262432964887,0.0 -50.948413364485134,-23.5197407418417,0.0 -50.952924213681456,-23.54053459189788,0.0 -50.93037285991949,-23.56531174254286,0.0 -50.93335259804394,-23.607848958562556,0.0 -50.92028377597546,-23.664607241331055,0.0 -50.886048507532564,-23.675418035713733,0.0 -50.87625031559952,-23.694503752146375,0.0 -50.91539800571337,-23.714369838197456,0.0 -50.89410532959727,-23.743657050232628,0.0 -50.90252933765879,-23.75143065689923,0.0 -50.95770192230583,-23.745976693169837,0.0 -51.00306610681531,-23.75850033092547,0.0 -51.11633307900837,-23.703059590028033,0.0 -51.14586938616321,-23.766373604957835,0.0 -51.16734781454994,-23.779116257309397,0.0 -51.24207242939906,-23.73597656296795,0.0 -51.208349920212584,-23.64477202360996,0.0 -51.21973141177517,-23.58743216186474,0.0 -51.236420489813725,-23.554544978068236,0.0 -51.28982913700503,-23.563914458685304,0.0 -51.301318412314856,-23.547734083061414,0.0 -51.30917350745136,-23.47143300792692,0.0 -51.32113617779231,-23.43305664205036,0.0 -51.31017498708593,-23.38353684774728,0.0 -51.26739701805792,-23.396378988499464,0.0 -51.2300693246396,-23.325440992507765,0.0 -51.21121787980127,-23.30699004005828,0.0 -51.24736902076364,-23.267901903050358,0.0 -51.2221639906756,-23.243333886149856,0.0 -51.185627929984946,-23.240366518200233,0.0 -51.20736792978607,-23.191539111041095,0.0 -51.20615321280047,-23.1714342091214,0.0 -51.1703573121402,-23.17150395424403,0.0 -51.17052797648489,-23.196211009030776,0.0</coordinates>
                            </LinearRing>
                        </outerBoundaryIs>
                    </Polygon>
                </Placemark>
                <Placemark id="22521">
                    <name>LUIZIANA / PR
POPULAÇÃO: 7.282</name>
                    <description>DISTRIBUIDOR: FILIAL LONDRINA
CONTATO DISTRIBUIDOR: Em Branco
RESPONSÁVEL: Em Branco
CONTATO RESPONSÁVEL: Em Branco
ENDEREÇO: Em Branco</description>
                    <styleUrl>#22015</styleUrl>
                    <Polygon id="22520">
                        <tessellate>1</tessellate>
                        <outerBoundaryIs>
                            <LinearRing id="22524">
                                <coordinates>-52.222095351519215,-24.192958746448937,0.0 -52.148784993432685,-24.201454571671093,0.0 -52.144492418690106,-24.21406753998491,0.0 -52.08323547523696,-24.222867747048838,0.0 -52.124289916946054,-24.23331458939674,0.0 -52.13239027249301,-24.253843559432653,0.0 -52.17890080123095,-24.26442893514718,0.0 -52.24151746475917,-24.314230913325957,0.0 -52.16801711679648,-24.358891771338108,0.0 -52.19159260411533,-24.388036488493128,0.0 -52.215873365863104,-24.3984668948313,0.0 -52.277692804679134,-24.4557466485889,0.0 -52.31394674624528,-24.50222322162432,0.0 -52.32797591475662,-24.495739092584984,0.0 -52.393307614454784,-24.5350420875223,0.0 -52.50861481652055,-24.522966733028284,0.0 -52.516349450166956,-24.459602169004825,0.0 -52.483517708675265,-24.426733033702476,0.0 -52.42610768452198,-24.331587367462987,0.0 -52.44298893599057,-24.298060749503918,0.0 -52.419389990755406,-24.284235645258775,0.0 -52.39108110261077,-24.219144627522496,0.0 -52.35874850733768,-24.17846178298487,0.0 -52.33347378878426,-24.16505322222838,0.0 -52.222095351519215,-24.192958746448937,0.0</coordinates>
                            </LinearRing>
                        </outerBoundaryIs>
                    </Polygon>
                </Placemark>
                <Placemark id="22527">
                    <name>LUNARDELLI / PR
POPULAÇÃO: 5.084</name>
                    <description>DISTRIBUIDOR: FILIAL LONDRINA
CONTATO DISTRIBUIDOR: Em Branco
RESPONSÁVEL: Em Branco
CONTATO RESPONSÁVEL: Em Branco
ENDEREÇO: Em Branco</description>
                    <styleUrl>#22015</styleUrl>
                    <Polygon id="22526">
                        <tessellate>1</tessellate>
                        <outerBoundaryIs>
                            <LinearRing id="22530">
                                <coordinates>-51.67531717924436,-24.002032354109815,0.0 -51.683801161294525,-24.06423453539543,0.0 -51.711762042384294,-24.09443601620916,0.0 -51.734254291802074,-24.114748639937716,0.0 -51.84157273969015,-24.175265797478517,0.0 -51.83822725088686,-24.156629527130917,0.0 -51.89600602136073,-24.141987835769953,0.0 -51.817401741996775,-24.095363446565784,0.0 -51.8489330035552,-24.072794527245605,0.0 -51.68375532914507,-23.97640718954011,0.0 -51.67531717924436,-24.002032354109815,0.0</coordinates>
                            </LinearRing>
                        </outerBoundaryIs>
                    </Polygon>
                </Placemark>
                <Placemark id="22533">
                    <name>LUPIONÓPOLIS / PR
POPULAÇÃO: 4.633</name>
                    <description>DISTRIBUIDOR: FILIAL LONDRINA
CONTATO DISTRIBUIDOR: Em Branco
RESPONSÁVEL: Em Branco
CONTATO RESPONSÁVEL: Em Branco
ENDEREÇO: Em Branco</description>
                    <styleUrl>#22015</styleUrl>
                    <Polygon id="22532">
                        <tessellate>1</tessellate>
                        <outerBoundaryIs>
                            <LinearRing id="22536">
                                <coordinates>-51.6403556506927,-22.83124818665442,0.0 -51.66099269315822,-22.796854869556512,0.0 -51.69692719193631,-22.788954521433993,0.0 -51.6887100243481,-22.74486273013082,0.0 -51.70405003568055,-22.71352866471608,0.0 -51.725093209284125,-22.701062197762155,0.0 -51.71817363660398,-22.669021088952036,0.0 -51.63046105143633,-22.65785285722353,0.0 -51.62823773218554,-22.831438359092942,0.0 -51.6403556506927,-22.83124818665442,0.0</coordinates>
                            </LinearRing>
                        </outerBoundaryIs>
                    </Polygon>
                </Placemark>
                <Placemark id="22539">
                    <name>MALLET / PR
POPULAÇÃO: 13.030</name>
                    <description>DISTRIBUIDOR: FILIAL LONDRINA
CONTATO DISTRIBUIDOR: Em Branco
RESPONSÁVEL: Em Branco
CONTATO RESPONSÁVEL: Em Branco
ENDEREÇO: Em Branco</description>
                    <styleUrl>#22015</styleUrl>
                    <Polygon id="22538">
                        <tessellate>1</tessellate>
                        <outerBoundaryIs>
                            <LinearRing id="22542">
                                <coordinates>-50.67698883566618,-25.873617686606906,0.0 -50.67398022300887,-25.904305564849892,0.0 -50.65700719032952,-25.91733273751578,0.0 -50.670632148654704,-25.96884455982854,0.0 -50.68786583454062,-25.957905161493954,0.0 -50.72269400352542,-26.000146636358124,0.0 -50.735978395786276,-25.99083259175069,0.0 -50.85425289835251,-25.99494427955483,0.0 -50.88706332860971,-26.007818634922046,0.0 -50.89745391476629,-26.05719084058478,0.0 -50.93020789637728,-26.027415888432472,0.0 -50.95284456162716,-25.976586432118097,0.0 -50.937474694601406,-25.940608486192616,0.0 -50.97218923604436,-25.932941276518648,0.0 -51.006375937499456,-25.907532828776993,0.0 -51.00591446388137,-25.86650258422685,0.0 -51.03410738264955,-25.83342320901386,0.0 -51.03986723908179,-25.807474899147223,0.0 -50.982406740478666,-25.784399298189044,0.0 -50.975859669687964,-25.7566059482059,0.0 -50.943992560808,-25.741679353419386,0.0 -50.791791575620664,-25.794326122852226,0.0 -50.764478263960655,-25.831913557564576,0.0 -50.747815707828636,-25.827564406472163,0.0 -50.71614752628727,-25.858712591912536,0.0 -50.67698883566618,-25.873617686606906,0.0</coordinates>
                            </LinearRing>
                        </outerBoundaryIs>
                    </Polygon>
                </Placemark>
                <Placemark id="22545">
                    <name>MANDAGUAÇU / PR
POPULAÇÃO: 20.227</name>
                    <description>DISTRIBUIDOR: FILIAL LONDRINA
CONTATO DISTRIBUIDOR: Em Branco
RESPONSÁVEL: Em Branco
CONTATO RESPONSÁVEL: Em Branco
ENDEREÇO: Em Branco</description>
                    <styleUrl>#22015</styleUrl>
                    <Polygon id="22544">
                        <tessellate>1</tessellate>
                        <outerBoundaryIs>
                            <LinearRing id="22548">
                                <coordinates>-51.96253882860401,-23.161619313180722,0.0 -51.96571807502909,-23.25386460107046,0.0 -51.96581382494804,-23.270411561044682,0.0 -51.99234507986148,-23.308307869712394,0.0 -52.06512811057382,-23.339126324120514,0.0 -52.072450064219026,-23.368213186988953,0.0 -52.094986329155745,-23.400338042466615,0.0 -52.14863638945775,-23.41424902926923,0.0 -52.150243291794425,-23.370567988022174,0.0 -52.17839511604171,-23.349354240905427,0.0 -52.149353958518304,-23.316199956662615,0.0 -52.104534646256866,-23.28407422884254,0.0 -52.08225570073995,-23.255666801081986,0.0 -52.058737680099796,-23.20388839273511,0.0 -52.070829350094414,-23.189670291051073,0.0 -52.04840236717547,-23.166198034211845,0.0 -52.02073894044969,-23.15588752279092,0.0 -51.973376534299575,-23.155601682271765,0.0 -51.96253882860401,-23.161619313180722,0.0</coordinates>
                            </LinearRing>
                        </outerBoundaryIs>
                    </Polygon>
                </Placemark>
                <Placemark id="22551">
                    <name>MANDAGUARI / PR
POPULAÇÃO: 32.849</name>
                    <description>DISTRIBUIDOR: FILIAL LONDRINA
CONTATO DISTRIBUIDOR: Em Branco
RESPONSÁVEL: Em Branco
CONTATO RESPONSÁVEL: Em Branco
ENDEREÇO: Em Branco</description>
                    <styleUrl>#22015</styleUrl>
                    <Polygon id="22550">
                        <tessellate>1</tessellate>
                        <outerBoundaryIs>
                            <LinearRing id="22554">
                                <coordinates>-51.690206165282234,-23.377693535128515,0.0 -51.627624317208415,-23.40866657490244,0.0 -51.62598601953914,-23.426331498299987,0.0 -51.628598906214506,-23.44673024650365,0.0 -51.61146634549539,-23.483702714908304,0.0 -51.62884978199179,-23.510212304254367,0.0 -51.62541159107201,-23.550253188433828,0.0 -51.64480274874779,-23.575897032821786,0.0 -51.70668372997011,-23.572836788287077,0.0 -51.75609736200363,-23.600053278036285,0.0 -51.79357243901683,-23.60697029754118,0.0 -51.795738241226786,-23.630854751445554,0.0 -51.835831352634784,-23.631976627819085,0.0 -51.80288876520433,-23.60344556935752,0.0 -51.76878525283712,-23.551134649944117,0.0 -51.70985814523715,-23.50356180513313,0.0 -51.753868218743264,-23.49371572789846,0.0 -51.76740738804051,-23.460688899173306,0.0 -51.772263757666224,-23.413984489192785,0.0 -51.769143271145026,-23.358383188733114,0.0 -51.77635222497514,-23.33547983312775,0.0 -51.727852313133724,-23.351827089648395,0.0 -51.690206165282234,-23.377693535128515,0.0</coordinates>
                            </LinearRing>
                        </outerBoundaryIs>
                    </Polygon>
                </Placemark>
                <Placemark id="22557">
                    <name>MANOEL RIBAS / PR
POPULAÇÃO: 13.185</name>
                    <description>DISTRIBUIDOR: FILIAL LONDRINA
CONTATO DISTRIBUIDOR: Em Branco
RESPONSÁVEL: Em Branco
CONTATO RESPONSÁVEL: Em Branco
ENDEREÇO: Em Branco</description>
                    <styleUrl>#22015</styleUrl>
                    <Polygon id="22556">
                        <tessellate>1</tessellate>
                        <outerBoundaryIs>
                            <LinearRing id="22560">
                                <coordinates>-51.480383010367575,-24.42846848513244,0.0 -51.47337846164663,-24.46759262559914,0.0 -51.45290663453352,-24.48229110285206,0.0 -51.450489699340096,-24.529744901705783,0.0 -51.468432380150205,-24.555047432692845,0.0 -51.50219692724636,-24.574796338879878,0.0 -51.533691251849746,-24.554024479945724,0.0 -51.560196224975755,-24.574960293382787,0.0 -51.576153663160994,-24.55677083230802,0.0 -51.60456605967585,-24.555889364502548,0.0 -51.66210562487464,-24.58457507937635,0.0 -51.690744428412586,-24.581657330621283,0.0 -51.72489610846861,-24.596122253039482,0.0 -51.746995846980724,-24.567651736038727,0.0 -51.75708942933363,-24.529447989632956,0.0 -51.79084471251343,-24.493387427487733,0.0 -51.79165399713423,-24.473715021231214,0.0 -51.8245026108068,-24.44975743265934,0.0 -51.84573888144416,-24.419531509171748,0.0 -51.7389436735117,-24.405369797677963,0.0 -51.65951907304674,-24.394120940828714,0.0 -51.61108289076276,-24.387163788178214,0.0 -51.60102517157435,-24.448194033227992,0.0 -51.480383010367575,-24.42846848513244,0.0</coordinates>
                            </LinearRing>
                        </outerBoundaryIs>
                    </Polygon>
                </Placemark>
                <Placemark id="22563">
                    <name>MARIALVA / PR
POPULAÇÃO: 32.451</name>
                    <description>DISTRIBUIDOR: FILIAL LONDRINA
CONTATO DISTRIBUIDOR: Em Branco
RESPONSÁVEL: Em Branco
CONTATO RESPONSÁVEL: Em Branco
ENDEREÇO: Em Branco</description>
                    <styleUrl>#22015</styleUrl>
                    <Polygon id="22562">
                        <tessellate>1</tessellate>
                        <outerBoundaryIs>
                            <LinearRing id="22566">
                                <coordinates>-51.77635222497514,-23.33547983312775,0.0 -51.769143271145026,-23.358383188733114,0.0 -51.772263757666224,-23.413984489192785,0.0 -51.76740738804051,-23.460688899173306,0.0 -51.753868218743264,-23.49371572789846,0.0 -51.70985814523715,-23.50356180513313,0.0 -51.76878525283712,-23.551134649944117,0.0 -51.80288876520433,-23.60344556935752,0.0 -51.835831352634784,-23.631976627819085,0.0 -51.88815191008257,-23.64508308741449,0.0 -51.93991355236852,-23.673035699238085,0.0 -51.93517593642031,-23.65158053631268,0.0 -51.963599216530554,-23.61600797598726,0.0 -52.00422007979279,-23.619240250936798,0.0 -52.052611321155496,-23.661957028294182,0.0 -52.061525308646026,-23.65079761531763,0.0 -52.03466196917452,-23.6226800678308,0.0 -52.029455788453845,-23.590775773782866,0.0 -51.99975011377671,-23.55657086645226,0.0 -51.98116032578838,-23.51620755463489,0.0 -51.948615061535804,-23.485142476444082,0.0 -51.91153944628837,-23.47706675872388,0.0 -51.909438906080595,-23.509914295008684,0.0 -51.928031455886924,-23.533417814980112,0.0 -51.90247503729307,-23.5576888037952,0.0 -51.876292865023686,-23.522579408712716,0.0 -51.852960531902966,-23.510818702720883,0.0 -51.85349402233123,-23.457930588525812,0.0 -51.80647630473766,-23.44508037635825,0.0 -51.80047748584724,-23.41244277331532,0.0 -51.81697323033029,-23.393829182970364,0.0 -51.84301712194258,-23.39366341543422,0.0 -51.84639979951112,-23.327923937039998,0.0 -51.81158706648989,-23.322497079776383,0.0 -51.77635222497514,-23.33547983312775,0.0</coordinates>
                            </LinearRing>
                        </outerBoundaryIs>
                    </Polygon>
                </Placemark>
                <Placemark id="22569">
                    <name>MARILÂNDIA DO SUL / PR
POPULAÇÃO: 8.832</name>
                    <description>DISTRIBUIDOR: FILIAL LONDRINA
CONTATO DISTRIBUIDOR: Em Branco
RESPONSÁVEL: Em Branco
CONTATO RESPONSÁVEL: Em Branco
ENDEREÇO: Em Branco</description>
                    <styleUrl>#22015</styleUrl>
                    <Polygon id="22568">
                        <tessellate>1</tessellate>
                        <outerBoundaryIs>
                            <LinearRing id="22572">
                                <coordinates>-51.21973141177517,-23.58743216186474,0.0 -51.208349920212584,-23.64477202360996,0.0 -51.24207242939906,-23.73597656296795,0.0 -51.16734781454994,-23.779116257309397,0.0 -51.14586938616321,-23.766373604957835,0.0 -51.157188072671374,-23.79197734228046,0.0 -51.186007326976494,-23.81518417950622,0.0 -51.17845913538076,-23.839533350883414,0.0 -51.21290146912747,-23.859255586775873,0.0 -51.256262257297294,-23.846451094342513,0.0 -51.27512123215911,-23.888962068144906,0.0 -51.29420185033507,-23.8992037445571,0.0 -51.33382517659061,-23.864596601052256,0.0 -51.36503005349414,-23.85770516725961,0.0 -51.42329030210573,-23.86312381910892,0.0 -51.394542625741565,-23.836189147211314,0.0 -51.358309123966876,-23.820076046272447,0.0 -51.3731468531447,-23.742613192744614,0.0 -51.420592467268534,-23.725372307785733,0.0 -51.438459109500286,-23.709512659181826,0.0 -51.42902024888531,-23.699210980002704,0.0 -51.40390003116147,-23.711898458946678,0.0 -51.359947837122945,-23.715967113291583,0.0 -51.34628991324888,-23.705699813395654,0.0 -51.30150779694725,-23.71554166561532,0.0 -51.275656963697884,-23.6980003261541,0.0 -51.24902977180648,-23.66381570393156,0.0 -51.23973775699187,-23.62493025882435,0.0 -51.21973141177517,-23.58743216186474,0.0</coordinates>
                            </LinearRing>
                        </outerBoundaryIs>
                    </Polygon>
                </Placemark>
                <Placemark id="22575">
                    <name>MARILENA / PR
POPULAÇÃO: 6.874</name>
                    <description>DISTRIBUIDOR: FILIAL LONDRINA
CONTATO DISTRIBUIDOR: Em Branco
RESPONSÁVEL: Em Branco
CONTATO RESPONSÁVEL: Em Branco
ENDEREÇO: Em Branco</description>
                    <styleUrl>#22015</styleUrl>
                    <Polygon id="22574">
                        <tessellate>1</tessellate>
                        <outerBoundaryIs>
                            <LinearRing id="22578">
                                <coordinates>-53.0342415242269,-22.85516041971755,0.0 -53.08077936807331,-22.854068023120703,0.0 -53.09905093904956,-22.83614291596274,0.0 -53.11534756463834,-22.78206029074977,0.0 -53.10972344468121,-22.715199168007132,0.0 -53.1278795337135,-22.652349445170728,0.0 -53.09150397412907,-22.644848926636598,0.0 -53.038525382740204,-22.618413569130894,0.0 -53.02455284004151,-22.633805528901974,0.0 -52.994727415238,-22.708571178916714,0.0 -53.01715392691216,-22.749474671219048,0.0 -53.03887478464355,-22.808676687179343,0.0 -53.0342415242269,-22.85516041971755,0.0</coordinates>
                            </LinearRing>
                        </outerBoundaryIs>
                    </Polygon>
                </Placemark>
                <Placemark id="22581">
                    <name>MARINGÁ / PR
POPULAÇÃO: 367.410</name>
                    <description>DISTRIBUIDOR: FILIAL LONDRINA
CONTATO DISTRIBUIDOR: Em Branco
RESPONSÁVEL: Em Branco
CONTATO RESPONSÁVEL: Em Branco
ENDEREÇO: Em Branco</description>
                    <styleUrl>#22015</styleUrl>
                    <Polygon id="22580">
                        <tessellate>1</tessellate>
                        <outerBoundaryIs>
                            <LinearRing id="22584">
                                <coordinates>-51.93937449603612,-23.263947611892718,0.0 -51.92379375148039,-23.286889042994915,0.0 -51.89232470771907,-23.3048767033971,0.0 -51.868474360603216,-23.288011320466012,0.0 -51.842238671477446,-23.31140954871165,0.0 -51.84639979951112,-23.327923937039998,0.0 -51.84301712194258,-23.39366341543422,0.0 -51.87791853711076,-23.41593429313309,0.0 -51.91153944628837,-23.47706675872388,0.0 -51.948615061535804,-23.485142476444082,0.0 -51.98116032578838,-23.51620755463489,0.0 -51.99975011377671,-23.55657086645226,0.0 -52.10027074100185,-23.51966328413323,0.0 -52.10025958041524,-23.519553935565625,0.0 -52.07048724888739,-23.484235798842974,0.0 -52.006470840057204,-23.45490801029638,0.0 -52.04503938026312,-23.43941137483506,0.0 -52.0478787468067,-23.42267346720672,0.0 -52.094986329155745,-23.400338042466615,0.0 -52.072450064219026,-23.368213186988953,0.0 -52.06512811057382,-23.339126324120514,0.0 -51.99234507986148,-23.308307869712394,0.0 -51.96581382494804,-23.270411561044682,0.0 -51.96571807502909,-23.25386460107046,0.0 -51.93937449603612,-23.263947611892718,0.0</coordinates>
                            </LinearRing>
                        </outerBoundaryIs>
                    </Polygon>
                </Placemark>
                <Placemark id="22587">
                    <name>MARUMBI / PR
POPULAÇÃO: 4.602</name>
                    <description>DISTRIBUIDOR: FILIAL LONDRINA
CONTATO DISTRIBUIDOR: Em Branco
RESPONSÁVEL: Em Branco
CONTATO RESPONSÁVEL: Em Branco
ENDEREÇO: Em Branco</description>
                    <styleUrl>#22015</styleUrl>
                    <Polygon id="22586">
                        <tessellate>1</tessellate>
                        <outerBoundaryIs>
                            <LinearRing id="22590">
                                <coordinates>-51.610574235112836,-23.68746427645516,0.0 -51.59302873898508,-23.70457942989674,0.0 -51.57460569699526,-23.741018558959297,0.0 -51.5651851996372,-23.79119775597161,0.0 -51.581288788446784,-23.796676258602417,0.0 -51.590103958430916,-23.834653121344445,0.0 -51.61834942098892,-23.806551121337122,0.0 -51.62910801512277,-23.779962441113696,0.0 -51.674494592751216,-23.790245536702116,0.0 -51.73205240339564,-23.81369602455186,0.0 -51.76644985917363,-23.83886811876863,0.0 -51.766347367037326,-23.79417138500139,0.0 -51.75138247552081,-23.752540258426166,0.0 -51.694959736102874,-23.704259375569677,0.0 -51.63391330235697,-23.666860092519187,0.0 -51.610574235112836,-23.68746427645516,0.0</coordinates>
                            </LinearRing>
                        </outerBoundaryIs>
                    </Polygon>
                </Placemark>
                <Placemark id="22593">
                    <name>MAUÁ DA SERRA / PR
POPULAÇÃO: 8.870</name>
                    <description>DISTRIBUIDOR: FILIAL LONDRINA
CONTATO DISTRIBUIDOR: (49) 2049-6300
RESPONSÁVEL: Luciano Lino
CONTATO RESPONSÁVEL: 19 98145-8668
ENDEREÇO: Em Branco</description>
                    <styleUrl>#22015</styleUrl>
                    <Polygon id="22592">
                        <tessellate>1</tessellate>
                        <outerBoundaryIs>
                            <LinearRing id="22596">
                                <coordinates>-51.08190051729497,-23.90595671423091,0.0 -51.08922637399792,-23.929612910307526,0.0 -51.11256371004714,-23.942674056662327,0.0 -51.09552759891949,-23.988009758743317,0.0 -51.11479717814723,-23.99299812636241,0.0 -51.16464694000422,-23.96341707973437,0.0 -51.17486074642625,-23.9251544753987,0.0 -51.198401824784355,-23.910928700698946,0.0 -51.23331754007239,-23.915960214192467,0.0 -51.27512123215911,-23.888962068144906,0.0 -51.256262257297294,-23.846451094342513,0.0 -51.21290146912747,-23.859255586775873,0.0 -51.17845913538076,-23.839533350883414,0.0 -51.18397863540565,-23.8714005910644,0.0 -51.16909823969195,-23.893551442545004,0.0 -51.17384441179013,-23.924005432304796,0.0 -51.1238681953609,-23.926448628601293,0.0 -51.08190051729497,-23.90595671423091,0.0</coordinates>
                            </LinearRing>
                        </outerBoundaryIs>
                    </Polygon>
                </Placemark>
                <Placemark id="22599">
                    <name>MIRASELVA / PR
POPULAÇÃO: 1.848</name>
                    <description>DISTRIBUIDOR: FILIAL LONDRINA
CONTATO DISTRIBUIDOR: Em Branco
RESPONSÁVEL: Em Branco
CONTATO RESPONSÁVEL: Em Branco
ENDEREÇO: Em Branco</description>
                    <styleUrl>#22015</styleUrl>
                    <Polygon id="22598">
                        <tessellate>1</tessellate>
                        <outerBoundaryIs>
                            <LinearRing id="22602">
                                <coordinates>-51.45586452722608,-22.97753648372168,0.0 -51.47107047752047,-23.04878782869531,0.0 -51.49207876372395,-23.066725654964955,0.0 -51.53186686916064,-22.9310100666612,0.0 -51.48091052659947,-22.91718626913098,0.0 -51.436950556123236,-22.916645977130088,0.0 -51.45586452722608,-22.97753648372168,0.0</coordinates>
                            </LinearRing>
                        </outerBoundaryIs>
                    </Polygon>
                </Placemark>
                <Placemark id="22605">
                    <name>NOSSA SENHORA DAS GRAÇAS / PR
POPULAÇÃO: 3.930</name>
                    <description>DISTRIBUIDOR: FILIAL LONDRINA
CONTATO DISTRIBUIDOR: (18) 3652-0577 
RESPONSÁVEL: Celso Chaves
CONTATO RESPONSÁVEL: 14 9 8808-5285
ENDEREÇO: Em Branco</description>
                    <styleUrl>#22015</styleUrl>
                    <Polygon id="22604">
                        <tessellate>1</tessellate>
                        <outerBoundaryIs>
                            <LinearRing id="22608">
                                <coordinates>-51.725337325756925,-22.89091314752369,0.0 -51.71728209099564,-22.930803398857734,0.0 -51.74820013452853,-22.944317391634286,0.0 -51.794653766757904,-23.00575308253866,0.0 -51.87343259733643,-22.95668063620235,0.0 -51.84431660632629,-22.89001853522717,0.0 -51.83993316138623,-22.829873702409373,0.0 -51.800213645443364,-22.83101554463161,0.0 -51.763720584937005,-22.84911496288521,0.0 -51.725337325756925,-22.89091314752369,0.0</coordinates>
                            </LinearRing>
                        </outerBoundaryIs>
                    </Polygon>
                </Placemark>
                <Placemark id="22611">
                    <name>NOVA AMÉRICA DA COLINA / PR
POPULAÇÃO: 3.462</name>
                    <description>DISTRIBUIDOR: FILIAL LONDRINA
CONTATO DISTRIBUIDOR: (19) 3681-2323
RESPONSÁVEL: Wanessa Fabrina
CONTATO RESPONSÁVEL: 11 9 8991-3766
ENDEREÇO: Em Branco</description>
                    <styleUrl>#22015</styleUrl>
                    <Polygon id="22610">
                        <tessellate>1</tessellate>
                        <outerBoundaryIs>
                            <LinearRing id="22614">
                                <coordinates>-50.735948161478404,-23.250899867235034,0.0 -50.73478267967687,-23.273402501124508,0.0 -50.70336100500634,-23.28973955393724,0.0 -50.690615614219155,-23.311712599556756,0.0 -50.64068440166375,-23.345240635746677,0.0 -50.65708582974719,-23.3635900664284,0.0 -50.63772415274741,-23.41885535139329,0.0 -50.66297031782585,-23.392320581929255,0.0 -50.72057050452514,-23.415589776347076,0.0 -50.73980940967647,-23.372251862433473,0.0 -50.76727771949112,-23.347357271121098,0.0 -50.75813970548296,-23.338907636877877,0.0 -50.760839678008665,-23.28751614475425,0.0 -50.735948161478404,-23.250899867235034,0.0</coordinates>
                            </LinearRing>
                        </outerBoundaryIs>
                    </Polygon>
                </Placemark>
                <Placemark id="22617">
                    <name>NOVA ESPERANÇA / PR
POPULAÇÃO: 26.749</name>
                    <description>DISTRIBUIDOR: FILIAL LONDRINA
CONTATO DISTRIBUIDOR: (19) 3208-1334
RESPONSÁVEL: Wanessa Fabrina
CONTATO RESPONSÁVEL: 11 9 8991-3766
ENDEREÇO: Em Branco</description>
                    <styleUrl>#22015</styleUrl>
                    <Polygon id="22616">
                        <tessellate>1</tessellate>
                        <outerBoundaryIs>
                            <LinearRing id="22620">
                                <coordinates>-52.18238703123649,-23.04253988950427,0.0 -52.18618537905195,-23.10724910006587,0.0 -52.153624250758526,-23.10399586551671,0.0 -52.108091313862985,-23.190154893433544,0.0 -52.144433497807654,-23.212058265876237,0.0 -52.188171575857496,-23.262313583305172,0.0 -52.218742597992446,-23.24798069485314,0.0 -52.2440297703576,-23.268232127810393,0.0 -52.343909355432345,-23.300112455825115,0.0 -52.398817882039566,-23.278801814851818,0.0 -52.42076010339599,-23.250781726895127,0.0 -52.42051961478836,-23.234107913049684,0.0 -52.38283332210011,-23.19927016718441,0.0 -52.30410589676967,-23.191536062339367,0.0 -52.255430417479715,-23.167894920913852,0.0 -52.23299008682301,-23.139543026289573,0.0 -52.25179576156512,-23.061886584698073,0.0 -52.24775675696873,-23.02634474251579,0.0 -52.18238703123649,-23.04253988950427,0.0</coordinates>
                            </LinearRing>
                        </outerBoundaryIs>
                    </Polygon>
                </Placemark>
                <Placemark id="22623">
                    <name>NOVA FÁTIMA / PR
POPULAÇÃO: 8.124</name>
                    <description>DISTRIBUIDOR: FILIAL LONDRINA
CONTATO DISTRIBUIDOR: (14) 3227-1132
RESPONSÁVEL: Celso Chaves
CONTATO RESPONSÁVEL: 14 9 8808-5285
ENDEREÇO: Em Branco</description>
                    <styleUrl>#22015</styleUrl>
                    <Polygon id="22622">
                        <tessellate>1</tessellate>
                        <outerBoundaryIs>
                            <LinearRing id="22626">
                                <coordinates>-50.48275255418696,-23.325625268091585,0.0 -50.449242535914266,-23.375354924590056,0.0 -50.450587211230754,-23.426525161007305,0.0 -50.44094426476596,-23.447769143331243,0.0 -50.41211010689585,-23.46380154360628,0.0 -50.427905818198894,-23.482461338419967,0.0 -50.565995375685986,-23.482657254828382,0.0 -50.599742229520245,-23.494170256951747,0.0 -50.6295889655583,-23.45533814793714,0.0 -50.63772415274741,-23.41885535139329,0.0 -50.65708582974719,-23.3635900664284,0.0 -50.64068440166375,-23.345240635746677,0.0 -50.58952494721848,-23.34743065669943,0.0 -50.580279114389555,-23.366492438575108,0.0 -50.533696445634405,-23.370149257382252,0.0 -50.49978185834607,-23.348714748286966,0.0 -50.48275255418696,-23.325625268091585,0.0</coordinates>
                            </LinearRing>
                        </outerBoundaryIs>
                    </Polygon>
                </Placemark>
                <Placemark id="22629">
                    <name>NOVA LONDRINA / PR
POPULAÇÃO: 13.052</name>
                    <description>DISTRIBUIDOR: FILIAL LONDRINA
CONTATO DISTRIBUIDOR: Em Branco
RESPONSÁVEL: Em Branco
CONTATO RESPONSÁVEL: Em Branco
ENDEREÇO: Em Branco</description>
                    <styleUrl>#22015</styleUrl>
                    <Polygon id="22628">
                        <tessellate>1</tessellate>
                        <outerBoundaryIs>
                            <LinearRing id="22632">
                                <coordinates>-52.84929011514663,-22.78242955238187,0.0 -52.8577257415497,-22.821000680836732,0.0 -52.855812035497024,-22.88032292985929,0.0 -52.87677418378149,-22.903035157946135,0.0 -52.91692623765573,-22.851052191605334,0.0 -52.95191853381323,-22.88150348609696,0.0 -52.99728766369469,-22.85602085058173,0.0 -53.0342415242269,-22.85516041971755,0.0 -53.03887478464355,-22.808676687179343,0.0 -53.01715392691216,-22.749474671219048,0.0 -52.994727415238,-22.708571178916714,0.0 -53.02455284004151,-22.633805528901974,0.0 -53.038525382740204,-22.618413569130894,0.0 -53.01167299161523,-22.59879496391642,0.0 -53.008027395447925,-22.615269961039814,0.0 -52.96813361337553,-22.67857227938714,0.0 -52.964475076863266,-22.73132482528041,0.0 -52.94985297993105,-22.77095184055497,0.0 -52.918835708800884,-22.779018043447877,0.0 -52.84929011514663,-22.78242955238187,0.0</coordinates>
                            </LinearRing>
                        </outerBoundaryIs>
                    </Polygon>
                </Placemark>
                <Placemark id="22635">
                    <name>NOVA SANTA BÁRBARA / PR
POPULAÇÃO: 3.953</name>
                    <description>DISTRIBUIDOR: FILIAL LONDRINA
CONTATO DISTRIBUIDOR: (49) 2049-6300
RESPONSÁVEL: Luciano Lino
CONTATO RESPONSÁVEL: 19 98145-8668
ENDEREÇO: Em Branco</description>
                    <styleUrl>#22015</styleUrl>
                    <Polygon id="22634">
                        <tessellate>1</tessellate>
                        <outerBoundaryIs>
                            <LinearRing id="22638">
                                <coordinates>-50.687236540234096,-23.564246070199943,0.0 -50.66569521236414,-23.591605306639565,0.0 -50.657997835831395,-23.622564347566538,0.0 -50.750996737609285,-23.60649034465365,0.0 -50.819096110796806,-23.611002445706276,0.0 -50.84791184785348,-23.598848161313526,0.0 -50.80487758643142,-23.58554715048058,0.0 -50.775699041277676,-23.565765339898462,0.0 -50.748390786505524,-23.57816603133722,0.0 -50.687236540234096,-23.564246070199943,0.0</coordinates>
                            </LinearRing>
                        </outerBoundaryIs>
                    </Polygon>
                </Placemark>
                <Placemark id="22641">
                    <name>NOVO ITACOLOMI / PR
POPULAÇÃO: 2.822</name>
                    <description>DISTRIBUIDOR: FILIAL LONDRINA
CONTATO DISTRIBUIDOR: (18) 3908-4008
RESPONSÁVEL: Celso Chaves
CONTATO RESPONSÁVEL: 14 9 8808-5285
ENDEREÇO: Em Branco</description>
                    <styleUrl>#22015</styleUrl>
                    <Polygon id="22640">
                        <tessellate>1</tessellate>
                        <outerBoundaryIs>
                            <LinearRing id="22644">
                                <coordinates>-51.480702597946504,-23.69947718112695,0.0 -51.47485428239918,-23.725067862991466,0.0 -51.506530234982336,-23.8572882145794,0.0 -51.557742051554385,-23.86951903037891,0.0 -51.587039701121284,-23.86165565788224,0.0 -51.590103958430916,-23.834653121344445,0.0 -51.581288788446784,-23.796676258602417,0.0 -51.5651851996372,-23.79119775597161,0.0 -51.57460569699526,-23.741018558959297,0.0 -51.59302873898508,-23.70457942989674,0.0 -51.56193590501795,-23.691371831644688,0.0 -51.54733561394738,-23.70580082165054,0.0 -51.480702597946504,-23.69947718112695,0.0</coordinates>
                            </LinearRing>
                        </outerBoundaryIs>
                    </Polygon>
                </Placemark>
                <Placemark id="22647">
                    <name>ORTIGUEIRA / PR
POPULAÇÃO: 23.103</name>
                    <description>DISTRIBUIDOR: FILIAL LONDRINA
CONTATO DISTRIBUIDOR: Em Branco
RESPONSÁVEL: Em Branco
CONTATO RESPONSÁVEL: Em Branco
ENDEREÇO: Em Branco</description>
                    <styleUrl>#22015</styleUrl>
                    <Polygon id="22646">
                        <tessellate>1</tessellate>
                        <outerBoundaryIs>
                            <LinearRing id="22650">
                                <coordinates>-50.80492156238017,-23.876409837344056,0.0 -50.78713959221835,-23.90557085561045,0.0 -50.732034828144776,-23.94765748430541,0.0 -50.754483406483985,-23.977265963853085,0.0 -50.72180561453746,-24.027856258059842,0.0 -50.70283344920426,-24.024894650267868,0.0 -50.69291949294018,-24.036635309471933,0.0 -50.71981419446945,-24.11024337193402,0.0 -50.71032445650843,-24.133468046313226,0.0 -50.74040293524723,-24.140782567061763,0.0 -50.6788709638239,-24.229949674337945,0.0 -50.708060862918444,-24.261191500787106,0.0 -50.72334655609865,-24.313862809121304,0.0 -50.75820271198552,-24.34248411005359,0.0 -50.78039786137214,-24.37877070600325,0.0 -50.82906435193826,-24.399657386778927,0.0 -50.857121020718466,-24.394802977675226,0.0 -50.88484029444402,-24.41157539948506,0.0 -50.94976018198679,-24.39029980149462,0.0 -50.96825283420088,-24.354977272483097,0.0 -50.997256616799405,-24.34272632895687,0.0 -51.055285673994604,-24.343762496342094,0.0 -51.09800789764631,-24.32583204181526,0.0 -51.09833973489083,-24.29957758923433,0.0 -51.13156376785355,-24.268109219964458,0.0 -51.20387611409137,-24.24589149759447,0.0 -51.20729055481519,-24.223029358817826,0.0 -51.259784462882635,-24.21242565491997,0.0 -51.333816754439624,-24.15889773154504,0.0 -51.37253526109339,-24.142583781416363,0.0 -51.31286800155698,-24.12947834255141,0.0 -51.28047602944514,-24.098171123698364,0.0 -51.262683914031356,-24.110732229009102,0.0 -51.23439732817411,-24.08650669822549,0.0 -51.2110627548422,-24.105749009109445,0.0 -51.178007204468884,-24.10042557028379,0.0 -51.13317480167569,-24.069577431952894,0.0 -51.114270120569586,-24.08527416746881,0.0 -51.085441224632746,-24.0744181686635,0.0 -51.09603623478438,-24.032877413162055,0.0 -51.09552759891949,-23.988009758743317,0.0 -51.11256371004714,-23.942674056662327,0.0 -51.08922637399792,-23.929612910307526,0.0 -51.08190051729497,-23.90595671423091,0.0 -51.06975476836783,-23.91652660901576,0.0 -51.028174850988535,-23.90825662963971,0.0 -51.01651021867161,-23.918675194604475,0.0 -50.951450286901206,-23.88389744431157,0.0 -50.96091929728772,-23.86699118899213,0.0 -50.89906282798705,-23.79556084475712,0.0 -50.88608827375481,-23.805863054536303,0.0 -50.89578344295148,-23.840191341657032,0.0 -50.85742007857374,-23.868417391449384,0.0 -50.84366848671124,-23.894437440235606,0.0 -50.80492156238017,-23.876409837344056,0.0</coordinates>
                            </LinearRing>
                        </outerBoundaryIs>
                    </Polygon>
                </Placemark>
                <Placemark id="22653">
                    <name>OURIZONA / PR
POPULAÇÃO: 3.378</name>
                    <description>DISTRIBUIDOR: FILIAL LONDRINA
CONTATO DISTRIBUIDOR: Em Branco
RESPONSÁVEL: Em Branco
CONTATO RESPONSÁVEL: Em Branco
ENDEREÇO: Em Branco</description>
                    <styleUrl>#22015</styleUrl>
                    <Polygon id="22652">
                        <tessellate>1</tessellate>
                        <outerBoundaryIs>
                            <LinearRing id="22656">
                                <coordinates>-52.14863638945775,-23.41424902926923,0.0 -52.21327295008655,-23.480683887751184,0.0 -52.224216992520155,-23.522964326642295,0.0 -52.26641175389926,-23.555277576598826,0.0 -52.304826572987906,-23.57297757445548,0.0 -52.324665884422984,-23.55401842231231,0.0 -52.29465363355831,-23.52129813649975,0.0 -52.29636660733303,-23.500731027115137,0.0 -52.27627939507801,-23.469008674910356,0.0 -52.27535717988991,-23.440082992136354,0.0 -52.17901446114843,-23.34997974367019,0.0 -52.17839511604171,-23.349354240905427,0.0 -52.150243291794425,-23.370567988022174,0.0 -52.14863638945775,-23.41424902926923,0.0</coordinates>
                            </LinearRing>
                        </outerBoundaryIs>
                    </Polygon>
                </Placemark>
                <Placemark id="22659">
                    <name>PAIÇANDU / PR
POPULAÇÃO: 36.717</name>
                    <description>DISTRIBUIDOR: FILIAL LONDRINA
CONTATO DISTRIBUIDOR: (16) 3236-3049
RESPONSÁVEL: Celso Chaves
CONTATO RESPONSÁVEL: 14 9 8808-5285
ENDEREÇO: Em Branco</description>
                    <styleUrl>#22015</styleUrl>
                    <Polygon id="22658">
                        <tessellate>1</tessellate>
                        <outerBoundaryIs>
                            <LinearRing id="22662">
                                <coordinates>-52.10025958041524,-23.519553935565625,0.0 -52.205660566681786,-23.51154831999895,0.0 -52.224216992520155,-23.522964326642295,0.0 -52.21327295008655,-23.480683887751184,0.0 -52.14863638945775,-23.41424902926923,0.0 -52.094986329155745,-23.400338042466615,0.0 -52.0478787468067,-23.42267346720672,0.0 -52.04503938026312,-23.43941137483506,0.0 -52.006470840057204,-23.45490801029638,0.0 -52.07048724888739,-23.484235798842974,0.0 -52.10025958041524,-23.519553935565625,0.0</coordinates>
                            </LinearRing>
                        </outerBoundaryIs>
                    </Polygon>
                </Placemark>
                <Placemark id="22665">
                    <name>PALMEIRA / PR
POPULAÇÃO: 32.326</name>
                    <description>DISTRIBUIDOR: FILIAL LONDRINA
CONTATO DISTRIBUIDOR: (19) 3208-1334
RESPONSÁVEL: Wanessa Fabrina
CONTATO RESPONSÁVEL: 11 9 8991-3766
ENDEREÇO: Em Branco</description>
                    <styleUrl>#22015</styleUrl>
                    <Polygon id="22664">
                        <tessellate>1</tessellate>
                        <outerBoundaryIs>
                            <LinearRing id="22668">
                                <coordinates>-49.81966373609248,-25.270055223169948,0.0 -49.75655644472408,-25.36056895729149,0.0 -49.74087675405889,-25.367000707116915,0.0 -49.74121067503256,-25.408417518053966,0.0 -49.76716046338464,-25.466718960111848,0.0 -49.84652464739452,-25.47610674283186,0.0 -49.860735487053034,-25.496635786612217,0.0 -49.91007352926994,-25.448884051357822,0.0 -49.93271980737319,-25.503450751950595,0.0 -49.96129003220915,-25.507261922299847,0.0 -49.99002607224537,-25.56238423664314,0.0 -49.986038301126655,-25.5997107114801,0.0 -50.02677960429526,-25.60425632666812,0.0 -50.03496678039255,-25.62991952266782,0.0 -50.065316721289605,-25.65095636684282,0.0 -50.09522138176129,-25.6353766250312,0.0 -50.15680197413178,-25.60339495331442,0.0 -50.17140928890751,-25.583773570094138,0.0 -50.2470869962678,-25.580115391512038,0.0 -50.27369221142635,-25.543806877285533,0.0 -50.32085319371987,-25.546348756190127,0.0 -50.3584511900703,-25.5277752864003,0.0 -50.358398520375374,-25.527673909423356,0.0 -50.341473730028554,-25.453983454672652,0.0 -50.3482669353707,-25.425828014251408,0.0 -50.321381531932104,-25.415335532208985,0.0 -50.30519225032208,-25.380432155619417,0.0 -50.27704769259691,-25.376997700483457,0.0 -50.28738736093794,-25.318879300139542,0.0 -50.27614761781825,-25.28858185087165,0.0 -50.24572805140838,-25.310498562958287,0.0 -50.24977350144587,-25.353197858394424,0.0 -50.23504012060505,-25.385887966556368,0.0 -50.16321921249664,-25.375136349363004,0.0 -50.1511536237407,-25.34718779617981,0.0 -50.08767544476592,-25.315680099556914,0.0 -50.091867235184736,-25.28010580983522,0.0 -50.05561178725412,-25.262582307527452,0.0 -50.0333165370285,-25.302081744976533,0.0 -50.01158822301801,-25.3009658284102,0.0 -49.98328001835813,-25.321435189582303,0.0 -49.93842790332502,-25.321024771376074,0.0 -49.86250701658548,-25.28363465511518,0.0 -49.81966373609248,-25.270055223169948,0.0</coordinates>
                            </LinearRing>
                        </outerBoundaryIs>
                    </Polygon>
                </Placemark>
                <Placemark id="22671">
                    <name>PALMITAL / PR
POPULAÇÃO: 14.538</name>
                    <description>DISTRIBUIDOR: FILIAL LONDRINA
CONTATO DISTRIBUIDOR: (16) 3236-3049
RESPONSÁVEL: Celso Chaves
CONTATO RESPONSÁVEL: 14 9 8808-5285
ENDEREÇO: Em Branco</description>
                    <styleUrl>#22015</styleUrl>
                    <Polygon id="22670">
                        <tessellate>1</tessellate>
                        <outerBoundaryIs>
                            <LinearRing id="22674">
                                <coordinates>-52.39410982410908,-24.716604204520365,0.0 -52.37655307746252,-24.755335644324475,0.0 -52.29942765855958,-24.730841689292504,0.0 -52.28440677705106,-24.779093176908532,0.0 -52.25029377233966,-24.77667066232118,0.0 -52.21963196814079,-24.759839823249195,0.0 -52.18442997796109,-24.768483848650646,0.0 -52.16820876322379,-24.797000406443544,0.0 -52.11997258746487,-24.779067175709542,0.0 -52.10683086005611,-24.783625100817687,0.0 -52.09895599512305,-24.80624810716438,0.0 -52.05305171196687,-24.82113383046186,0.0 -52.05788240684757,-24.849145776856062,0.0 -52.039897410237245,-24.874816837427034,0.0 -52.097939354717425,-24.88704802284792,0.0 -52.139698014151975,-24.92263882951835,0.0 -52.14987885952172,-24.968164973834405,0.0 -52.18829981198667,-24.98158840398162,0.0 -52.24049941421657,-24.99141149994074,0.0 -52.247113841530506,-25.014014392050512,0.0 -52.29556636089882,-24.991881661009813,0.0 -52.30468557637823,-25.015860320697186,0.0 -52.331074920970764,-25.025048357695482,0.0 -52.353153453469076,-25.067542408954978,0.0 -52.37862891689093,-25.071415588458592,0.0 -52.40556922214182,-25.05636363897071,0.0 -52.4116787628646,-25.018639698862955,0.0 -52.38142445497459,-24.961009176232437,0.0 -52.3820750695088,-24.889794516403754,0.0 -52.39950676182758,-24.831863636397657,0.0 -52.431221016536654,-24.760740159730517,0.0 -52.45305793807336,-24.746332112237155,0.0 -52.426286823178316,-24.735725539502027,0.0 -52.42517881435077,-24.712707701998795,0.0 -52.39410982410908,-24.716604204520365,0.0</coordinates>
                            </LinearRing>
                        </outerBoundaryIs>
                    </Polygon>
                </Placemark>
                <Placemark id="22677">
                    <name>PARAÍSO DO NORTE / PR
POPULAÇÃO: 12.079</name>
                    <description>DISTRIBUIDOR: FILIAL LONDRINA
CONTATO DISTRIBUIDOR: (16) 3434-5800
RESPONSÁVEL: Wanessa Fabrina
CONTATO RESPONSÁVEL: 11 9 8991-3766
ENDEREÇO: Em Branco</description>
                    <styleUrl>#22015</styleUrl>
                    <Polygon id="22676">
                        <tessellate>1</tessellate>
                        <outerBoundaryIs>
                            <LinearRing id="22680">
                                <coordinates>-52.546943094747974,-23.179283145700595,0.0 -52.54688172681023,-23.26782945546495,0.0 -52.56350943691092,-23.273163362399202,0.0 -52.55655094247197,-23.318673141752072,0.0 -52.57347583444215,-23.331954996126115,0.0 -52.600577619261685,-23.317139534162152,0.0 -52.637983397215976,-23.331679479824118,0.0 -52.69007783632304,-23.31124405816672,0.0 -52.723441800198884,-23.31111298287783,0.0 -52.76370446349017,-23.295931769335652,0.0 -52.71493579375186,-23.276005209272967,0.0 -52.71960167707567,-23.223847126044006,0.0 -52.70144583625631,-23.21134255571434,0.0 -52.64611749712475,-23.215311509418598,0.0 -52.61274785582884,-23.23180062499881,0.0 -52.546943094747974,-23.179283145700595,0.0</coordinates>
                            </LinearRing>
                        </outerBoundaryIs>
                    </Polygon>
                </Placemark>
                <Placemark id="22683">
                    <name>PARANACITY / PR
POPULAÇÃO: 10.423</name>
                    <description>DISTRIBUIDOR: FILIAL LONDRINA
CONTATO DISTRIBUIDOR: (16) 3434-5800
RESPONSÁVEL: Wanessa Fabrina
CONTATO RESPONSÁVEL: 11 9 8991-3766
ENDEREÇO: Em Branco</description>
                    <styleUrl>#22015</styleUrl>
                    <Polygon id="22682">
                        <tessellate>1</tessellate>
                        <outerBoundaryIs>
                            <LinearRing id="22686">
                                <coordinates>-52.056040943334835,-22.729314318900663,0.0 -52.05379183152775,-22.75346071024353,0.0 -52.08862894966626,-22.769661441122537,0.0 -52.06924349279291,-22.809660112923837,0.0 -52.07765559383057,-22.866741164173334,0.0 -52.06618785908239,-22.876892323821664,0.0 -52.10104850708291,-22.910479040775044,0.0 -52.07518440523609,-22.917569549395125,0.0 -52.058498163659294,-22.95380473290203,0.0 -52.16211182649954,-22.954120426416523,0.0 -52.21089437547499,-22.939945205306913,0.0 -52.256549003233886,-22.897771639149767,0.0 -52.23110638305309,-22.852045322833362,0.0 -52.238407886115,-22.816233914263705,0.0 -52.17658964159864,-22.804994717931834,0.0 -52.16329355185587,-22.76412132324043,0.0 -52.164084409367945,-22.711992165805782,0.0 -52.1210776492141,-22.720341875477118,0.0 -52.07459899694612,-22.717680638550576,0.0 -52.056040943334835,-22.729314318900663,0.0</coordinates>
                            </LinearRing>
                        </outerBoundaryIs>
                    </Polygon>
                </Placemark>
                <Placemark id="22689">
                    <name>PARANAPOEMA / PR
POPULAÇÃO: 2.852</name>
                    <description>DISTRIBUIDOR: FILIAL LONDRINA
CONTATO DISTRIBUIDOR: (17) 3258-1649
RESPONSÁVEL: Celso Chaves
CONTATO RESPONSÁVEL: 14 9 8808-5285
ENDEREÇO: Em Branco</description>
                    <styleUrl>#22015</styleUrl>
                    <Polygon id="22688">
                        <tessellate>1</tessellate>
                        <outerBoundaryIs>
                            <LinearRing id="22692">
                                <coordinates>-52.003980682062775,-22.61513355007321,0.0 -52.01062974586603,-22.648825858226758,0.0 -52.03340428168224,-22.67729636083834,0.0 -52.057881156789904,-22.69501702781355,0.0 -52.056040943334835,-22.729314318900663,0.0 -52.07459899694612,-22.717680638550576,0.0 -52.1210776492141,-22.720341875477118,0.0 -52.164084409367945,-22.711992165805782,0.0 -52.18277106333386,-22.655381515744295,0.0 -52.156677982402925,-22.644718933232127,0.0 -52.16096540762743,-22.589450861268176,0.0 -52.1523362111472,-22.56923344606662,0.0 -52.12994713015587,-22.59741387684892,0.0 -52.080159525841395,-22.641789404257565,0.0 -52.06952881979913,-22.61424615303747,0.0 -52.003980682062775,-22.61513355007321,0.0</coordinates>
                            </LinearRing>
                        </outerBoundaryIs>
                    </Polygon>
                </Placemark>
                <Placemark id="22695">
                    <name>PARANAVAÍ / PR
POPULAÇÃO: 82.472</name>
                    <description>DISTRIBUIDOR: FILIAL LONDRINA
CONTATO DISTRIBUIDOR: (12) 3643-4040
RESPONSÁVEL: Wanessa Fabrina
CONTATO RESPONSÁVEL: 11 9 8991-3766
ENDEREÇO: Em Branco</description>
                    <styleUrl>#22015</styleUrl>
                    <Polygon id="22694">
                        <tessellate>1</tessellate>
                        <outerBoundaryIs>
                            <LinearRing id="22698">
                                <coordinates>-52.42137076914565,-22.610598270793503,0.0 -52.421459359561766,-22.762935502371477,0.0 -52.42287761560942,-22.90034087183375,0.0 -52.371225544922936,-22.92967541428891,0.0 -52.36329155496128,-22.968811206372038,0.0 -52.373422098550975,-22.985118547383024,0.0 -52.357052099974396,-23.06325992230751,0.0 -52.380840088998866,-23.07792272165625,0.0 -52.420914802975744,-23.141060001817607,0.0 -52.42111474205166,-23.13099115351889,0.0 -52.546916888503574,-23.13092364590949,0.0 -52.60204207528153,-23.109214262628086,0.0 -52.64997975166415,-23.11691618163644,0.0 -52.68613210761066,-23.11954783896158,0.0 -52.74996616720483,-23.10911431737179,0.0 -52.71518934321358,-23.058692700907386,0.0 -52.69457045266421,-23.04391899086869,0.0 -52.68892762860713,-23.016088194014912,0.0 -52.64662699094282,-23.020461200523926,0.0 -52.621085512786124,-22.976260863747825,0.0 -52.5944135688311,-22.955820263794067,0.0 -52.602613441557025,-22.90840434708292,0.0 -52.594826613057705,-22.872748003217737,0.0 -52.5590490001112,-22.766358595472752,0.0 -52.569611273141675,-22.67077122361303,0.0 -52.53781047847076,-22.61599652601882,0.0 -52.49882355566251,-22.63422997293486,0.0 -52.455047674610455,-22.610620705281292,0.0 -52.42137076914565,-22.610598270793503,0.0</coordinates>
                            </LinearRing>
                        </outerBoundaryIs>
                    </Polygon>
                </Placemark>
                <Placemark id="22701">
                    <name>PEABIRU / PR
POPULAÇÃO: 13.645</name>
                    <description>DISTRIBUIDOR: FILIAL LONDRINA
CONTATO DISTRIBUIDOR: (16) 3236-3049
RESPONSÁVEL: Celso Chaves
CONTATO RESPONSÁVEL: 14 9 8808-5285
ENDEREÇO: Em Branco</description>
                    <styleUrl>#22015</styleUrl>
                    <Polygon id="22700">
                        <tessellate>1</tessellate>
                        <outerBoundaryIs>
                            <LinearRing id="22704">
                                <coordinates>-52.26488302603076,-23.889126418349463,0.0 -52.14594247476538,-23.941614384596107,0.0 -52.11796713527502,-23.956286363324978,0.0 -52.17530535216025,-24.00368934598646,0.0 -52.1865098355604,-24.052262629916413,0.0 -52.18824906324363,-24.05318487118484,0.0 -52.23128033711782,-24.031688603845964,0.0 -52.2504966162258,-23.9951794994343,0.0 -52.37088977494312,-23.98980057783433,0.0 -52.4237420106852,-24.00732134080721,0.0 -52.4584709664619,-23.981152788770146,0.0 -52.462060207512536,-23.95503897037213,0.0 -52.41801148294354,-23.932576168355467,0.0 -52.50707131908604,-23.85955980763896,0.0 -52.483001308063876,-23.83812183345583,0.0 -52.44448525319183,-23.8070294311633,0.0 -52.393416882083386,-23.851646695438603,0.0 -52.351693467079826,-23.843111258677595,0.0 -52.26488302603076,-23.889126418349463,0.0</coordinates>
                            </LinearRing>
                        </outerBoundaryIs>
                    </Polygon>
                </Placemark>
                <Placemark id="22707">
                    <name>PINHALÃO / PR
POPULAÇÃO: 6.215</name>
                    <description>DISTRIBUIDOR: FILIAL LONDRINA
CONTATO DISTRIBUIDOR: (12) 3643-4040
RESPONSÁVEL: Wanessa Fabrina
CONTATO RESPONSÁVEL: 11 9 8991-3766
ENDEREÇO: Em Branco</description>
                    <styleUrl>#22015</styleUrl>
                    <Polygon id="22706">
                        <tessellate>1</tessellate>
                        <outerBoundaryIs>
                            <LinearRing id="22710">
                                <coordinates>-50.01998716067891,-23.73809621826581,0.0 -50.059337628129015,-23.891149653733464,0.0 -49.973112741959426,-23.902144347783405,0.0 -49.9704235918752,-23.9563653714647,0.0 -49.993385127321744,-23.976202519130936,0.0 -50.04214870869589,-23.98965657299243,0.0 -50.064778563379946,-23.985972222340138,0.0 -50.08149158766662,-23.961079410786112,0.0 -50.11832408918531,-23.96210727113362,0.0 -50.16170358325371,-23.942085567295067,0.0 -50.163878269866245,-23.93083215358098,0.0 -50.11534779006843,-23.884011111423604,0.0 -50.12030344125077,-23.85586808884119,0.0 -50.077145399840276,-23.821261726847183,0.0 -50.09404294342704,-23.791547523899055,0.0 -50.033950842357456,-23.7719469518903,0.0 -50.01998716067891,-23.73809621826581,0.0</coordinates>
                            </LinearRing>
                        </outerBoundaryIs>
                    </Polygon>
                </Placemark>
                <Placemark id="22713">
                    <name>PINHÃO / PR
POPULAÇÃO: 30.480</name>
                    <description>DISTRIBUIDOR: FILIAL LONDRINA
CONTATO DISTRIBUIDOR: (14) 3227-1132
RESPONSÁVEL: Celso Chaves
CONTATO RESPONSÁVEL: 14 9 8808-5285
ENDEREÇO: Em Branco</description>
                    <styleUrl>#22015</styleUrl>
                    <Polygon id="22712">
                        <tessellate>1</tessellate>
                        <outerBoundaryIs>
                            <LinearRing id="22716">
                                <coordinates>-51.40481845210985,-25.64389322998852,0.0 -51.38309858273334,-25.650526832647188,0.0 -51.3458143202746,-25.68687756374851,0.0 -51.36682078085431,-25.73432848387239,0.0 -51.34912564922928,-25.773510415673115,0.0 -51.32340650370713,-25.786535388597258,0.0 -51.30301838189274,-25.833093237862613,0.0 -51.38062361698627,-25.89447601805375,0.0 -51.38147953235449,-25.934113067064345,0.0 -51.4127122324835,-25.924668079368303,0.0 -51.44923634927807,-25.951385074861264,0.0 -51.50285323718708,-25.942722349856524,0.0 -51.52126984992361,-25.969315888217636,0.0 -51.55046791126506,-25.98690950796737,0.0 -51.619230942753745,-26.003711524667096,0.0 -51.66769214507639,-26.010291709394835,0.0 -51.70962875066624,-25.978065572268292,0.0 -51.68080421734072,-25.932804956383563,0.0 -51.71418153345098,-25.92171307170088,0.0 -51.743048179329946,-25.970695242291526,0.0 -51.73952704123991,-25.994637711461166,0.0 -51.76854424172336,-26.011369112494492,0.0 -51.795455316309756,-25.999373624093437,0.0 -51.818970704634296,-25.964750835982272,0.0 -51.80391849704097,-25.84216918336108,0.0 -51.83866651754573,-25.796940820762245,0.0 -51.83843492683036,-25.767918317876024,0.0 -51.86385513680506,-25.744606331017337,0.0 -51.92926881870096,-25.731250228615124,0.0 -52.0016648360633,-25.760512994379155,0.0 -52.02593866853471,-25.734604544264243,0.0 -52.02352611753628,-25.71667609792354,0.0 -51.970912961164174,-25.6693466276447,0.0 -51.97474872257544,-25.650450419950857,0.0 -51.94152719692255,-25.652566697395116,0.0 -51.92910359705331,-25.63018465629682,0.0 -51.89126850973389,-25.638838959150576,0.0 -51.86944006880407,-25.6067242813005,0.0 -51.83854812089902,-25.617044168153768,0.0 -51.79725329130633,-25.595860247052713,0.0 -51.76102248120253,-25.614270935055572,0.0 -51.70949403941836,-25.605280908986742,0.0 -51.699323744894855,-25.59308577019209,0.0 -51.607932455918046,-25.612861454592405,0.0 -51.59023611830219,-25.648268871511164,0.0 -51.548822696010575,-25.61944924488671,0.0 -51.51704141393009,-25.61342814439331,0.0 -51.494320365292594,-25.644274161223507,0.0 -51.46568176140414,-25.66005448692499,0.0 -51.42265572877881,-25.656989713404528,0.0 -51.40481845210985,-25.64389322998852,0.0</coordinates>
                            </LinearRing>
                        </outerBoundaryIs>
                    </Polygon>
                </Placemark>
                <Placemark id="22719">
                    <name>PIRAÍ DO SUL / PR
POPULAÇÃO: 23.693</name>
                    <description>DISTRIBUIDOR: FILIAL LONDRINA
CONTATO DISTRIBUIDOR: (17) 3258-1649
RESPONSÁVEL: Celso Chaves
CONTATO RESPONSÁVEL: 14 9 8808-5285
ENDEREÇO: Em Branco</description>
                    <styleUrl>#22015</styleUrl>
                    <Polygon id="22718">
                        <tessellate>1</tessellate>
                        <outerBoundaryIs>
                            <LinearRing id="22722">
                                <coordinates>-49.9860737326166,-24.24541891375185,0.0 -49.96077642309342,-24.311514952652885,0.0 -49.965697636536675,-24.335450000617016,0.0 -49.94968059398417,-24.37022644239636,0.0 -49.89364551362951,-24.361713286339068,0.0 -49.879081726040795,-24.38057107409577,0.0 -49.84774992421961,-24.389071540718987,0.0 -49.819060334167034,-24.44540298186206,0.0 -49.79812530314018,-24.460789775927367,0.0 -49.739024642573156,-24.445205002408898,0.0 -49.63525570368773,-24.49660725761879,0.0 -49.620164412457655,-24.604762397866295,0.0 -49.592705169607825,-24.598568031289574,0.0 -49.573595681395545,-24.613681047442356,0.0 -49.591695262426356,-24.636294845630573,0.0 -49.641528399416075,-24.64198041806179,0.0 -49.673712089441324,-24.60358921696877,0.0 -49.733232126361486,-24.61058264017663,0.0 -49.78142560320896,-24.597954917585355,0.0 -49.82108580976228,-24.59793689157425,0.0 -49.910849446344855,-24.584181310319195,0.0 -49.94138278238944,-24.626987754581137,0.0 -49.95876222679527,-24.610400072405355,0.0 -49.9927657651279,-24.645907644122417,0.0 -50.026233107871576,-24.62328771165852,0.0 -50.045908126658674,-24.625238457189027,0.0 -50.08339788330562,-24.60077440101776,0.0 -50.13481806739986,-24.541095738977106,0.0 -50.098643056631715,-24.52063729467534,0.0 -50.10291469965364,-24.49052432513747,0.0 -50.18010981421651,-24.44985831321054,0.0 -50.20971712554484,-24.424781980603882,0.0 -50.170022693492456,-24.35132826158997,0.0 -50.193248555876096,-24.330210999138274,0.0 -50.18505160414816,-24.29059821023918,0.0 -50.12372129220381,-24.301353636061435,0.0 -50.04307634319866,-24.26430001553325,0.0 -49.9860737326166,-24.24541891375185,0.0</coordinates>
                            </LinearRing>
                        </outerBoundaryIs>
                    </Polygon>
                </Placemark>
                <Placemark id="22725">
                    <name>PITANGA / PR
POPULAÇÃO: 32.152</name>
                    <description>DISTRIBUIDOR: FILIAL LONDRINA
CONTATO DISTRIBUIDOR: Em Branco
RESPONSÁVEL: Em Branco
CONTATO RESPONSÁVEL: Em Branco
ENDEREÇO: Em Branco</description>
                    <styleUrl>#22015</styleUrl>
                    <Polygon id="22724">
                        <tessellate>1</tessellate>
                        <outerBoundaryIs>
                            <LinearRing id="22728">
                                <coordinates>-51.468432380150205,-24.555047432692845,0.0 -51.45487069812418,-24.581093498865812,0.0 -51.48910047530666,-24.625933499131634,0.0 -51.47192855935549,-24.647483291420713,0.0 -51.511880686744234,-24.657134736478838,0.0 -51.51755229899936,-24.705299340592035,0.0 -51.53174613067932,-24.718911644556727,0.0 -51.546516199363055,-24.78440718274527,0.0 -51.6142016083175,-24.824881408849876,0.0 -51.64032909730997,-24.866861422916315,0.0 -51.69154370178035,-24.896078843963437,0.0 -51.78048944183422,-24.877770534782314,0.0 -51.8343838398423,-24.84425894449464,0.0 -51.86746885650251,-24.813124755203262,0.0 -51.86869979366048,-24.78956440617236,0.0 -51.92709169132843,-24.75296913321887,0.0 -52.003986747090664,-24.776625428220882,0.0 -52.03051281741256,-24.762620682598367,0.0 -52.052268935762754,-24.788369896953157,0.0 -52.07929513616159,-24.773482107912912,0.0 -52.10683086005611,-24.783625100817687,0.0 -52.11997258746487,-24.779067175709542,0.0 -52.104333827643984,-24.739070049842894,0.0 -52.07620421395325,-24.694376342294333,0.0 -52.09249855886134,-24.675356422061157,0.0 -52.09463068236005,-24.596849247894454,0.0 -52.0796813814905,-24.575732146421387,0.0 -52.047536585345085,-24.566720558207123,0.0 -52.00065848480119,-24.59160540806306,0.0 -51.98168400191514,-24.61711488474407,0.0 -51.943983887546324,-24.599127652419156,0.0 -51.908793303468144,-24.605558261904207,0.0 -51.88090615059832,-24.594303638602014,0.0 -51.87758895896326,-24.551254364797046,0.0 -51.83901995650575,-24.532700650414654,0.0 -51.85546492616538,-24.502228735367794,0.0 -51.8335931900736,-24.49054031778138,0.0 -51.8245026108068,-24.44975743265934,0.0 -51.79165399713423,-24.473715021231214,0.0 -51.79084471251343,-24.493387427487733,0.0 -51.75708942933363,-24.529447989632956,0.0 -51.746995846980724,-24.567651736038727,0.0 -51.72489610846861,-24.596122253039482,0.0 -51.690744428412586,-24.581657330621283,0.0 -51.66210562487464,-24.58457507937635,0.0 -51.60456605967585,-24.555889364502548,0.0 -51.576153663160994,-24.55677083230802,0.0 -51.560196224975755,-24.574960293382787,0.0 -51.533691251849746,-24.554024479945724,0.0 -51.50219692724636,-24.574796338879878,0.0 -51.468432380150205,-24.555047432692845,0.0</coordinates>
                            </LinearRing>
                        </outerBoundaryIs>
                    </Polygon>
                </Placemark>
                <Placemark id="22731">
                    <name>PLANALTINA DO PARANÁ / PR
POPULAÇÃO: 4.111</name>
                    <description>DISTRIBUIDOR: FILIAL LONDRINA
CONTATO DISTRIBUIDOR: (18) 3908-4008
RESPONSÁVEL: Celso Chaves
CONTATO RESPONSÁVEL: 14 9 8808-5285
ENDEREÇO: Em Branco</description>
                    <styleUrl>#22015</styleUrl>
                    <Polygon id="22730">
                        <tessellate>1</tessellate>
                        <outerBoundaryIs>
                            <LinearRing id="22734">
                                <coordinates>-52.8863228327325,-22.94081896142586,0.0 -52.83535814895936,-22.983908648964928,0.0 -52.81590907944042,-22.96783554897138,0.0 -52.78888439439925,-23.005464253572427,0.0 -52.825924138388245,-23.058138986524966,0.0 -52.85596985032828,-23.032674882439835,0.0 -52.88455228615902,-23.023012469250034,0.0 -52.91868176914829,-23.083065010042162,0.0 -52.904153332110525,-23.17912693975643,0.0 -52.916386856668055,-23.197173794435002,0.0 -52.9093161771998,-23.225727108419278,0.0 -52.93050177553647,-23.24042654704749,0.0 -52.95562020360944,-23.228557746143053,0.0 -52.99817732252535,-23.23605397221303,0.0 -53.03352377979854,-23.213939226713876,0.0 -53.02671157537884,-23.195435341068105,0.0 -53.03279361933005,-23.10587314093266,0.0 -52.97621767590499,-23.055266007819966,0.0 -52.96818338275688,-23.014313442211517,0.0 -52.9461352626322,-22.988977977151876,0.0 -52.896056026164615,-22.959714535097646,0.0 -52.8863228327325,-22.94081896142586,0.0</coordinates>
                            </LinearRing>
                        </outerBoundaryIs>
                    </Polygon>
                </Placemark>
                <Placemark id="22737">
                    <name>PONTA GROSSA / PR
POPULAÇÃO: 317.339</name>
                    <description>DISTRIBUIDOR: FILIAL LONDRINA
CONTATO DISTRIBUIDOR: Em Branco
RESPONSÁVEL: Em Branco
CONTATO RESPONSÁVEL: Em Branco
ENDEREÇO: Em Branco</description>
                    <styleUrl>#22015</styleUrl>
                    <Polygon id="22736">
                        <tessellate>1</tessellate>
                        <outerBoundaryIs>
                            <LinearRing id="22740">
                                <coordinates>-49.978698419496425,-25.020954722882095,0.0 -49.97265919856312,-25.064649912263576,0.0 -49.938235906162106,-25.07238243250322,0.0 -49.87510056224113,-25.036113120623952,0.0 -49.83134377019877,-25.04978048018495,0.0 -49.77246055311201,-25.052033350258853,0.0 -49.76808232154184,-25.040898612880653,0.0 -49.704941696801825,-25.0290981280761,0.0 -49.713066264796225,-25.055067102564692,0.0 -49.74284377012384,-25.07918018661627,0.0 -49.73157829560182,-25.127230514776386,0.0 -49.68265210511055,-25.16529730972303,0.0 -49.69286653836002,-25.194544465054946,0.0 -49.73082824212963,-25.224417227472998,0.0 -49.77299564883009,-25.195435665323657,0.0 -49.81587122937367,-25.225286454606135,0.0 -49.849153381922974,-25.23390774514627,0.0 -49.81966373609248,-25.270055223169948,0.0 -49.86250701658548,-25.28363465511518,0.0 -49.93842790332502,-25.321024771376074,0.0 -49.98328001835813,-25.321435189582303,0.0 -50.01158822301801,-25.3009658284102,0.0 -50.0333165370285,-25.302081744976533,0.0 -50.05561178725412,-25.262582307527452,0.0 -50.091867235184736,-25.28010580983522,0.0 -50.08767544476592,-25.315680099556914,0.0 -50.1511536237407,-25.34718779617981,0.0 -50.16321921249664,-25.375136349363004,0.0 -50.23504012060505,-25.385887966556368,0.0 -50.24977350144587,-25.353197858394424,0.0 -50.24572805140838,-25.310498562958287,0.0 -50.27614761781825,-25.28858185087165,0.0 -50.266799937666974,-25.23690958770726,0.0 -50.280502080306746,-25.211830473497514,0.0 -50.273470139135554,-25.14648144206484,0.0 -50.32205320679003,-25.135242767339776,0.0 -50.37061340738279,-25.0970109827706,0.0 -50.39403089011347,-25.07971092152178,0.0 -50.43027521073236,-25.00433110559601,0.0 -50.39124468159673,-24.979493060955974,0.0 -50.38602669367691,-24.952784177347837,0.0 -50.3618718280224,-24.913093001740606,0.0 -50.32325760225649,-24.89237820299161,0.0 -50.301613004336616,-24.923700948639805,0.0 -50.26689188705092,-24.93383183127395,0.0 -50.246733021311854,-24.95578542635627,0.0 -50.206606446130536,-24.954030440752206,0.0 -50.17761831263499,-24.963445479225413,0.0 -50.15885910856099,-24.996236575857267,0.0 -50.12495631318325,-25.010781152128402,0.0 -50.056712605102575,-24.989619078257817,0.0 -50.00037438936653,-25.006425882948122,0.0 -49.978698419496425,-25.020954722882095,0.0</coordinates>
                            </LinearRing>
                        </outerBoundaryIs>
                    </Polygon>
                </Placemark>
                <Placemark id="22743">
                    <name>PORECATU / PR
POPULAÇÃO: 13.934</name>
                    <description>DISTRIBUIDOR: FILIAL LONDRINA
CONTATO DISTRIBUIDOR: (18) 3652-0577 
RESPONSÁVEL: Celso Chaves
CONTATO RESPONSÁVEL: 14 9 8808-5285
ENDEREÇO: Em Branco</description>
                    <styleUrl>#22015</styleUrl>
                    <Polygon id="22742">
                        <tessellate>1</tessellate>
                        <outerBoundaryIs>
                            <LinearRing id="22746">
                                <coordinates>-51.3330704322546,-22.66710952238651,0.0 -51.34522792093179,-22.702864678362175,0.0 -51.343953894556535,-22.733605807262165,0.0 -51.31184636811537,-22.785135508996518,0.0 -51.317782404434354,-22.830127008154875,0.0 -51.362264705651626,-22.807287598843573,0.0 -51.37895463714676,-22.828837088061107,0.0 -51.4084497436607,-22.819094653195634,0.0 -51.44747667191086,-22.82821264559709,0.0 -51.45591263735827,-22.800041670286816,0.0 -51.484298991305366,-22.798088584720347,0.0 -51.482593849726356,-22.75879850494698,0.0 -51.512620652521036,-22.729046877611268,0.0 -51.517213696155125,-22.68996446029155,0.0 -51.47495106833708,-22.679217422446072,0.0 -51.45309608481642,-22.655750534559502,0.0 -51.42472559670887,-22.65351080807727,0.0 -51.40201628602273,-22.667905495242394,0.0 -51.37364923782201,-22.658132862941216,0.0 -51.3330704322546,-22.66710952238651,0.0</coordinates>
                            </LinearRing>
                        </outerBoundaryIs>
                    </Polygon>
                </Placemark>
                <Placemark id="22749">
                    <name>PORTO AMAZONAS / PR
POPULAÇÃO: 4.556</name>
                    <description>DISTRIBUIDOR: FILIAL LONDRINA
CONTATO DISTRIBUIDOR: (14) 3227-1132
RESPONSÁVEL: Celso Chaves
CONTATO RESPONSÁVEL: 14 9 8808-5285
ENDEREÇO: Em Branco</description>
                    <styleUrl>#22015</styleUrl>
                    <Polygon id="22748">
                        <tessellate>1</tessellate>
                        <outerBoundaryIs>
                            <LinearRing id="22752">
                                <coordinates>-49.76716046338464,-25.466718960111848,0.0 -49.799045232251615,-25.497356863928076,0.0 -49.80939902444538,-25.55375051387506,0.0 -49.87695215571739,-25.544400615096265,0.0 -49.87919204677547,-25.571712415895206,0.0 -49.93850252637043,-25.60685419376597,0.0 -49.986038301126655,-25.5997107114801,0.0 -49.99002607224537,-25.56238423664314,0.0 -49.96129003220915,-25.507261922299847,0.0 -49.93271980737319,-25.503450751950595,0.0 -49.91007352926994,-25.448884051357822,0.0 -49.860735487053034,-25.496635786612217,0.0 -49.84652464739452,-25.47610674283186,0.0 -49.76716046338464,-25.466718960111848,0.0</coordinates>
                            </LinearRing>
                        </outerBoundaryIs>
                    </Polygon>
                </Placemark>
                <Placemark id="22755">
                    <name>PORTO RICO / PR
POPULAÇÃO: 2.527</name>
                    <description>DISTRIBUIDOR: FILIAL LONDRINA
CONTATO DISTRIBUIDOR: Em Branco
RESPONSÁVEL: Em Branco
CONTATO RESPONSÁVEL: Em Branco
ENDEREÇO: Em Branco</description>
                    <styleUrl>#22015</styleUrl>
                    <Polygon id="22754">
                        <tessellate>1</tessellate>
                        <outerBoundaryIs>
                            <LinearRing id="22758">
                                <coordinates>-53.25581251673424,-22.8995238116745,0.0 -53.28470912262787,-22.935179184271874,0.0 -53.316530981219785,-22.912489255774517,0.0 -53.33661173094657,-22.92003635649263,0.0 -53.37248138410854,-22.895097998773565,0.0 -53.3701299690228,-22.852320016255703,0.0 -53.39452699602401,-22.84035827671306,0.0 -53.41040659159091,-22.813869645167927,0.0 -53.379785470023364,-22.804434817113076,0.0 -53.363809137081944,-22.783588267684365,0.0 -53.32908641810366,-22.765210666638893,0.0 -53.239998090539416,-22.733470926042344,0.0 -53.23862797879815,-22.794657472364406,0.0 -53.263217896888364,-22.795228937565355,0.0 -53.265828037933545,-22.83340064922055,0.0 -53.2887091263251,-22.855569902628872,0.0 -53.24814888905996,-22.867962421028835,0.0 -53.25581251673424,-22.8995238116745,0.0</coordinates>
                            </LinearRing>
                        </outerBoundaryIs>
                    </Polygon>
                </Placemark>
                <Placemark id="22761">
                    <name>PRADO FERREIRA / PR
POPULAÇÃO: 3.477</name>
                    <description>DISTRIBUIDOR: FILIAL LONDRINA
CONTATO DISTRIBUIDOR: (12) 3643-4040
RESPONSÁVEL: Wanessa Fabrina
CONTATO RESPONSÁVEL: 11 9 8991-3766
ENDEREÇO: Em Branco</description>
                    <styleUrl>#22015</styleUrl>
                    <Polygon id="22760">
                        <tessellate>1</tessellate>
                        <outerBoundaryIs>
                            <LinearRing id="22764">
                                <coordinates>-51.32038286068041,-23.012812572642076,0.0 -51.3435966568602,-23.026841746549337,0.0 -51.38328171707752,-23.08232647059009,0.0 -51.39831462881705,-23.090320147656655,0.0 -51.49207876372395,-23.066725654964955,0.0 -51.47107047752047,-23.04878782869531,0.0 -51.45586452722608,-22.97753648372168,0.0 -51.42801462427548,-22.994413406753267,0.0 -51.40332511975845,-22.977248267193715,0.0 -51.344150362249366,-22.961675657905232,0.0 -51.32038286068041,-23.012812572642076,0.0</coordinates>
                            </LinearRing>
                        </outerBoundaryIs>
                    </Polygon>
                </Placemark>
                <Placemark id="22767">
                    <name>PRESIDENTE CASTELO BRANCO / PR
POPULAÇÃO: 4.857</name>
                    <description>DISTRIBUIDOR: FILIAL LONDRINA
CONTATO DISTRIBUIDOR: Em Branco
RESPONSÁVEL: Em Branco
CONTATO RESPONSÁVEL: Em Branco
ENDEREÇO: Em Branco</description>
                    <styleUrl>#22015</styleUrl>
                    <Polygon id="22766">
                        <tessellate>1</tessellate>
                        <outerBoundaryIs>
                            <LinearRing id="22770">
                                <coordinates>-52.070829350094414,-23.189670291051073,0.0 -52.058737680099796,-23.20388839273511,0.0 -52.08225570073995,-23.255666801081986,0.0 -52.104534646256866,-23.28407422884254,0.0 -52.149353958518304,-23.316199956662615,0.0 -52.17839511604171,-23.349354240905427,0.0 -52.17901446114843,-23.34997974367019,0.0 -52.18855927628954,-23.333519891130038,0.0 -52.23850358567188,-23.31434194562422,0.0 -52.218900575601026,-23.288658636286982,0.0 -52.2440297703576,-23.268232127810393,0.0 -52.218742597992446,-23.24798069485314,0.0 -52.188171575857496,-23.262313583305172,0.0 -52.144433497807654,-23.212058265876237,0.0 -52.108091313862985,-23.190154893433544,0.0 -52.070829350094414,-23.189670291051073,0.0</coordinates>
                            </LinearRing>
                        </outerBoundaryIs>
                    </Polygon>
                </Placemark>
                <Placemark id="22773">
                    <name>PRIMEIRO DE MAIO / PR
POPULAÇÃO: 10.848</name>
                    <description>DISTRIBUIDOR: FILIAL LONDRINA
CONTATO DISTRIBUIDOR: (17) 3258-1649
RESPONSÁVEL: Celso Chaves
CONTATO RESPONSÁVEL: 14 9 8808-5285
ENDEREÇO: Em Branco</description>
                    <styleUrl>#22015</styleUrl>
                    <Polygon id="22772">
                        <tessellate>1</tessellate>
                        <outerBoundaryIs>
                            <LinearRing id="22776">
                                <coordinates>-51.00437719245343,-22.793709241588203,0.0 -51.007091829324395,-22.815158882676258,0.0 -50.97720030704846,-22.8240117342541,0.0 -50.93684240465319,-22.8741100516375,0.0 -50.93331045311487,-22.908851871316756,0.0 -50.9495260533846,-22.928080642007956,0.0 -50.97948558958825,-22.9371317374397,0.0 -51.0108087938907,-22.944521624972992,0.0 -51.033852051630845,-22.933774201318272,0.0 -51.087015173111695,-22.950175776890546,0.0 -51.103707459931286,-22.945126614201854,0.0 -51.16945347639677,-22.967145834612552,0.0 -51.17749480853854,-22.899981349859388,0.0 -51.15459314905456,-22.854980443792385,0.0 -51.18407694749311,-22.77152761620647,0.0 -51.17596424875103,-22.738806416682735,0.0 -51.12792315303102,-22.759992104951664,0.0 -51.057615008026175,-22.76605709236088,0.0 -51.00437719245343,-22.793709241588203,0.0</coordinates>
                            </LinearRing>
                        </outerBoundaryIs>
                    </Polygon>
                </Placemark>
                <Placemark id="22779">
                    <name>PRUDENTÓPOLIS / PR
POPULAÇÃO: 49.150</name>
                    <description>DISTRIBUIDOR: FILIAL LONDRINA
CONTATO DISTRIBUIDOR: (49) 2049-6300
RESPONSÁVEL: Luciano Lino
CONTATO RESPONSÁVEL: 19 98145-8668
ENDEREÇO: Em Branco</description>
                    <styleUrl>#22015</styleUrl>
                    <Polygon id="22778">
                        <tessellate>1</tessellate>
                        <outerBoundaryIs>
                            <LinearRing id="22782">
                                <coordinates>-51.017594055521215,-24.969114385420482,0.0 -51.000486393432254,-25.003804590309528,0.0 -50.97053944773728,-25.005542425842236,0.0 -50.95283648931252,-25.071467716761674,0.0 -50.93815212152316,-25.072842540051113,0.0 -50.927424865165335,-25.10335159709848,0.0 -50.9433985280196,-25.14756807310806,0.0 -50.89019826903484,-25.20196949809383,0.0 -50.8148416043565,-25.23106757281022,0.0 -50.81910672369628,-25.263472725385896,0.0 -50.80452388846663,-25.273729263994312,0.0 -50.81686518328155,-25.326528577331942,0.0 -50.81292608527059,-25.3525529203809,0.0 -50.78672695178733,-25.3816687405199,0.0 -50.815697869561006,-25.391140161988858,0.0 -50.832894877496585,-25.37883950124194,0.0 -50.89020060817148,-25.37803939150467,0.0 -50.92212704982347,-25.39046314066138,0.0 -50.98421406662584,-25.43419138912128,0.0 -51.01619641103548,-25.44472968712529,0.0 -51.02235805757823,-25.464153876899843,0.0 -51.06953772508592,-25.48286435570543,0.0 -51.08093397812053,-25.500580956845624,0.0 -51.11881298563077,-25.511894100832023,0.0 -51.115482023576476,-25.475829509724065,0.0 -51.095925101961825,-25.430371549307495,0.0 -51.134432110553405,-25.42246068361362,0.0 -51.15476456972908,-25.39958943470458,0.0 -51.13490821973852,-25.36828250093663,0.0 -51.13939751848068,-25.339658562292755,0.0 -51.209817052614824,-25.305131753427645,0.0 -51.18967638285875,-25.243011737801396,0.0 -51.20156996008552,-25.171783748221344,0.0 -51.24537834443498,-25.104092075488836,0.0 -51.225599078934295,-25.082355486816198,0.0 -51.25681323144545,-25.04846289154915,0.0 -51.297720353411535,-25.06545199331481,0.0 -51.32943954539866,-25.016649218586508,0.0 -51.32793124473113,-24.948030477024872,0.0 -51.343376140396515,-24.92686269605656,0.0 -51.36957730275026,-24.928586456299854,0.0 -51.399602298807,-24.909507571117445,0.0 -51.39337631926168,-24.87735267018951,0.0 -51.37151080467987,-24.874127857814358,0.0 -51.365677558172706,-24.808940723235764,0.0 -51.31618266879508,-24.781961363126356,0.0 -51.332849850140406,-24.759622541646934,0.0 -51.28242983986519,-24.774550202130058,0.0 -51.222706120890734,-24.772661606048246,0.0 -51.19426402156728,-24.798193560384448,0.0 -51.15643031650586,-24.80803584068144,0.0 -51.1168192210302,-24.86653594028138,0.0 -51.11878961854603,-24.900995927719862,0.0 -51.08662422882503,-24.93681541130212,0.0 -51.05689488848827,-24.938487726727146,0.0 -51.017594055521215,-24.969114385420482,0.0</coordinates>
                            </LinearRing>
                        </outerBoundaryIs>
                    </Polygon>
                </Placemark>
                <Placemark id="22785">
                    <name>QUATIGUÁ / PR
POPULAÇÃO: 7.091</name>
                    <description>DISTRIBUIDOR: FILIAL LONDRINA
CONTATO DISTRIBUIDOR: (13) 3821-4700
RESPONSÁVEL: Wanessa Fabrina
CONTATO RESPONSÁVEL: 11 9 8991-3766
ENDEREÇO: Em Branco</description>
                    <styleUrl>#22015</styleUrl>
                    <Polygon id="22784">
                        <tessellate>1</tessellate>
                        <outerBoundaryIs>
                            <LinearRing id="22788">
                                <coordinates>-49.850290637602825,-23.571405869784996,0.0 -49.877603478917365,-23.607330440947067,0.0 -49.90266654652385,-23.60048627372248,0.0 -49.95371461993375,-23.59936059591473,0.0 -50.024334559892,-23.566699691437577,0.0 -50.038421669024785,-23.548687249317084,0.0 -50.00405159850243,-23.533681801973557,0.0 -49.97312533786402,-23.53303937756516,0.0 -49.92350707499145,-23.556351724152705,0.0 -49.8815659053422,-23.50520811126529,0.0 -49.86506643316932,-23.521685019448057,0.0 -49.850290637602825,-23.571405869784996,0.0</coordinates>
                            </LinearRing>
                        </outerBoundaryIs>
                    </Polygon>
                </Placemark>
                <Placemark id="22791">
                    <name>QUERÊNCIA DO NORTE / PR
POPULAÇÃO: 11.773</name>
                    <description>DISTRIBUIDOR: FILIAL LONDRINA
CONTATO DISTRIBUIDOR: (18) 3652-0577 
RESPONSÁVEL: Celso Chaves
CONTATO RESPONSÁVEL: 14 9 8808-5285
ENDEREÇO: Em Branco</description>
                    <styleUrl>#22015</styleUrl>
                    <Polygon id="22790">
                        <tessellate>1</tessellate>
                        <outerBoundaryIs>
                            <LinearRing id="22794">
                                <coordinates>-53.316530981219785,-22.912489255774517,0.0 -53.375390251159104,-22.988487396975756,0.0 -53.44882842988807,-23.096777889687814,0.0 -53.46222681571493,-23.12485325537341,0.0 -53.46776424912076,-23.17730752222434,0.0 -53.49489740319257,-23.19865204695435,0.0 -53.51571003558962,-23.197524695508264,0.0 -53.53866555007505,-23.188110077018393,0.0 -53.55735872232714,-23.216009573083284,0.0 -53.58202173101802,-23.22617736119622,0.0 -53.615449544960484,-23.210978540727012,0.0 -53.635390953729484,-23.241399294242,0.0 -53.62901444835808,-23.26988480473989,0.0 -53.648166892687925,-23.285790843972222,0.0 -53.698746906744304,-23.305785193132124,0.0 -53.71490766095974,-23.28338181381963,0.0 -53.6993410384581,-23.23490432747269,0.0 -53.66936326849998,-23.18426090761477,0.0 -53.65475459215065,-23.14416008811753,0.0 -53.63658872838704,-23.125030776149345,0.0 -53.62989581543951,-23.013504758337888,0.0 -53.63412506082284,-22.998495487077037,0.0 -53.60742350309215,-22.951333468764517,0.0 -53.570771231107415,-22.928491310225752,0.0 -53.5468269426093,-22.89009623755129,0.0 -53.48476120286716,-22.863854220795588,0.0 -53.42965074968231,-22.83295535260737,0.0 -53.41040659159091,-22.813869645167927,0.0 -53.39452699602401,-22.84035827671306,0.0 -53.3701299690228,-22.852320016255703,0.0 -53.37248138410854,-22.895097998773565,0.0 -53.33661173094657,-22.92003635649263,0.0 -53.316530981219785,-22.912489255774517,0.0</coordinates>
                            </LinearRing>
                        </outerBoundaryIs>
                    </Polygon>
                </Placemark>
                <Placemark id="22797">
                    <name>QUINTA DO SOL / PR
POPULAÇÃO: 4.987</name>
                    <description>DISTRIBUIDOR: FILIAL LONDRINA
CONTATO DISTRIBUIDOR: (16) 3236-3049
RESPONSÁVEL: Celso Chaves
CONTATO RESPONSÁVEL: 14 9 8808-5285
ENDEREÇO: Em Branco</description>
                    <styleUrl>#22015</styleUrl>
                    <Polygon id="22796">
                        <tessellate>1</tessellate>
                        <outerBoundaryIs>
                            <LinearRing id="22800">
                                <coordinates>-52.1115408866026,-23.705522842105438,0.0 -52.06110405900506,-23.730975026576175,0.0 -52.03385369629103,-23.77240858378906,0.0 -52.04382188257375,-23.810970453723428,0.0 -52.04999769343874,-23.831291549065668,0.0 -52.092680008775346,-23.874379475732155,0.0 -52.14594247476538,-23.941614384596107,0.0 -52.26488302603076,-23.889126418349463,0.0 -52.25274564889253,-23.85589174101102,0.0 -52.18729761199518,-23.799052018335942,0.0 -52.16915861907495,-23.760713865552418,0.0 -52.1115408866026,-23.705522842105438,0.0</coordinates>
                            </LinearRing>
                        </outerBoundaryIs>
                    </Polygon>
                </Placemark>
                <Placemark id="22803">
                    <name>RANCHO ALEGRE / PR
POPULAÇÃO: 3.919</name>
                    <description>DISTRIBUIDOR: FILIAL LONDRINA
CONTATO DISTRIBUIDOR: (14) 3227-1132
RESPONSÁVEL: Celso Chaves
CONTATO RESPONSÁVEL: 14 9 8808-5285
ENDEREÇO: Em Branco</description>
                    <styleUrl>#22015</styleUrl>
                    <Polygon id="22802">
                        <tessellate>1</tessellate>
                        <outerBoundaryIs>
                            <LinearRing id="22806">
                                <coordinates>-50.855123532025345,-23.11151205293885,0.0 -50.871392177007294,-23.146787925122624,0.0 -50.90328187955504,-23.14733128291232,0.0 -50.959550144223726,-23.14789153446668,0.0 -50.97090842158633,-23.12871324901721,0.0 -50.94835880171729,-23.106380144527975,0.0 -50.977154660159385,-23.094799578137952,0.0 -50.988715995446796,-23.047563156214665,0.0 -50.94126804128706,-23.031423710535762,0.0 -50.95371226620807,-23.015133625716203,0.0 -50.946353797389804,-22.981879988870332,0.0 -50.8963557831928,-23.009116353636784,0.0 -50.879451012654044,-23.044994410063907,0.0 -50.85500931003162,-23.06817103816286,0.0 -50.855123532025345,-23.11151205293885,0.0</coordinates>
                            </LinearRing>
                        </outerBoundaryIs>
                    </Polygon>
                </Placemark>
                <Placemark id="22809">
                    <name>REBOUÇAS / PR
POPULAÇÃO: 14.254</name>
                    <description>DISTRIBUIDOR: FILIAL LONDRINA
CONTATO DISTRIBUIDOR: (18) 3652-0577 
RESPONSÁVEL: Celso Chaves
CONTATO RESPONSÁVEL: 14 9 8808-5285
ENDEREÇO: Em Branco</description>
                    <styleUrl>#22015</styleUrl>
                    <Polygon id="22808">
                        <tessellate>1</tessellate>
                        <outerBoundaryIs>
                            <LinearRing id="22812">
                                <coordinates>-50.62187038840767,-25.5843228166446,0.0 -50.5859531745993,-25.57528764460909,0.0 -50.548277439951846,-25.577368647045375,0.0 -50.52520350094079,-25.594456410734722,0.0 -50.51354345606558,-25.62924149859623,0.0 -50.475101546698966,-25.65558372950545,0.0 -50.456139960091036,-25.68325647950286,0.0 -50.481288858993594,-25.70501398280902,0.0 -50.489999989108185,-25.73456255941454,0.0 -50.51466376492078,-25.732775465315456,0.0 -50.5384535831663,-25.75813207163776,0.0 -50.593186786041315,-25.759817315716475,0.0 -50.600849999128116,-25.78421569170075,0.0 -50.63476584816533,-25.77654183513755,0.0 -50.68076541719023,-25.732913004931163,0.0 -50.669984915571376,-25.69915276019168,0.0 -50.7772080542083,-25.65573483269634,0.0 -50.78757615191785,-25.59993110383732,0.0 -50.761041987697524,-25.566817938397094,0.0 -50.719424239437046,-25.553737535758614,0.0 -50.62187038840767,-25.5843228166446,0.0</coordinates>
                            </LinearRing>
                        </outerBoundaryIs>
                    </Polygon>
                </Placemark>
                <Placemark id="22815">
                    <name>RESERVA / PR
POPULAÇÃO: 25.353</name>
                    <description>DISTRIBUIDOR: FILIAL LONDRINA
CONTATO DISTRIBUIDOR: Em Branco
RESPONSÁVEL: Em Branco
CONTATO RESPONSÁVEL: Em Branco
ENDEREÇO: Em Branco</description>
                    <styleUrl>#22015</styleUrl>
                    <Polygon id="22814">
                        <tessellate>1</tessellate>
                        <outerBoundaryIs>
                            <LinearRing id="22818">
                                <coordinates>-50.88484029444402,-24.41157539948506,0.0 -50.81231655806266,-24.47071167410445,0.0 -50.79797939513293,-24.513304978142173,0.0 -50.7199189807763,-24.559856051915233,0.0 -50.750150877560884,-24.589021974184732,0.0 -50.736835423615844,-24.62103623733242,0.0 -50.76062747847533,-24.640273931097,0.0 -50.7829845031323,-24.687498376748636,0.0 -50.76908498448438,-24.709128619689977,0.0 -50.786235700716986,-24.753206581218706,0.0 -50.81081168651008,-24.747013055508035,0.0 -50.83550600419869,-24.78241781493017,0.0 -50.86309567392618,-24.79427772783481,0.0 -50.87589322719066,-24.831921496080156,0.0 -50.94531598424521,-24.84274373163788,0.0 -51.00179465250119,-24.862780583656956,0.0 -51.028795958766466,-24.85510442213132,0.0 -51.06685568234383,-24.81594689613229,0.0 -51.06399869088682,-24.69138826475654,0.0 -51.07951183790095,-24.644319221954504,0.0 -51.10042630682858,-24.62388310062454,0.0 -51.131927805323926,-24.61614337951329,0.0 -51.13147971721514,-24.58075634393009,0.0 -51.1592476010959,-24.568196711708822,0.0 -51.16823924954167,-24.53785580719972,0.0 -51.16609186005127,-24.488452892387045,0.0 -51.13901195124049,-24.46810730131085,0.0 -51.14358961107166,-24.440570562981065,0.0 -51.10437111103789,-24.414663708263504,0.0 -51.07792765333846,-24.352264163560278,0.0 -51.09800789764631,-24.32583204181526,0.0 -51.055285673994604,-24.343762496342094,0.0 -50.997256616799405,-24.34272632895687,0.0 -50.96825283420088,-24.354977272483097,0.0 -50.94976018198679,-24.39029980149462,0.0 -50.88484029444402,-24.41157539948506,0.0</coordinates>
                            </LinearRing>
                        </outerBoundaryIs>
                    </Polygon>
                </Placemark>
                <Placemark id="22821">
                    <name>RIBEIRÃO CLARO / PR
POPULAÇÃO: 10.645</name>
                    <description>DISTRIBUIDOR: FILIAL LONDRINA
CONTATO DISTRIBUIDOR: Em Branco
RESPONSÁVEL: Em Branco
CONTATO RESPONSÁVEL: Em Branco
ENDEREÇO: Em Branco</description>
                    <styleUrl>#22015</styleUrl>
                    <Polygon id="22820">
                        <tessellate>1</tessellate>
                        <outerBoundaryIs>
                            <LinearRing id="22824">
                                <coordinates>-49.637890105743736,-23.349532673593956,0.0 -49.643888454288685,-23.3634450777281,0.0 -49.6945170865942,-23.360798659830266,0.0 -49.748053473488994,-23.390569526362526,0.0 -49.79193558875636,-23.390282526617284,0.0 -49.820115581568814,-23.40712301631413,0.0 -49.84121794765014,-23.434620270808807,0.0 -49.86475908626278,-23.35242471702702,0.0 -49.89149665734482,-23.33502564311891,0.0 -49.834538868074276,-23.327026875889544,0.0 -49.84496733997071,-23.28625849413413,0.0 -49.879174673672196,-23.27158380934526,0.0 -49.8914683269017,-23.245426525813457,0.0 -49.860653563311246,-23.216215755252847,0.0 -49.862405224121744,-23.17359643832492,0.0 -49.80897553459323,-23.115470962115182,0.0 -49.809468582509055,-23.089206854412737,0.0 -49.789179060565175,-23.103345549557446,0.0 -49.751381968702844,-23.09775741057598,0.0 -49.72555095201477,-23.10943814525416,0.0 -49.72813016177753,-23.143093801537646,0.0 -49.67770799043137,-23.174942584932296,0.0 -49.65375156198496,-23.21203697622542,0.0 -49.62580288739332,-23.286650121006232,0.0 -49.62169446952413,-23.33188959023238,0.0 -49.637890105743736,-23.349532673593956,0.0</coordinates>
                            </LinearRing>
                        </outerBoundaryIs>
                    </Polygon>
                </Placemark>
                <Placemark id="22827">
                    <name>RIBEIRÃO DO PINHAL / PR
POPULAÇÃO: 13.401</name>
                    <description>DISTRIBUIDOR: FILIAL LONDRINA
CONTATO DISTRIBUIDOR: (16) 3434-5800
RESPONSÁVEL: Wanessa Fabrina
CONTATO RESPONSÁVEL: 11 9 8991-3766
ENDEREÇO: Em Branco</description>
                    <styleUrl>#22015</styleUrl>
                    <Polygon id="22826">
                        <tessellate>1</tessellate>
                        <outerBoundaryIs>
                            <LinearRing id="22830">
                                <coordinates>-50.468042219372876,-23.260327227319635,0.0 -50.481038564178334,-23.268636276842642,0.0 -50.460097365600916,-23.308239431304685,0.0 -50.41370727946736,-23.324559350233756,0.0 -50.3790619759294,-23.359817394257277,0.0 -50.31709480188357,-23.35593839973734,0.0 -50.30417742564765,-23.38241153866153,0.0 -50.299073101242584,-23.38651071150008,0.0 -50.29811831171065,-23.588334409405434,0.0 -50.38755217769079,-23.597919712025032,0.0 -50.398299868444155,-23.592177190924588,0.0 -50.401638917202206,-23.54076737151695,0.0 -50.427905818198894,-23.482461338419967,0.0 -50.41211010689585,-23.46380154360628,0.0 -50.44094426476596,-23.447769143331243,0.0 -50.450587211230754,-23.426525161007305,0.0 -50.449242535914266,-23.375354924590056,0.0 -50.48275255418696,-23.325625268091585,0.0 -50.484775236487906,-23.30530132189847,0.0 -50.47213573817373,-23.29108375081438,0.0 -50.48046727524451,-23.280988614432943,0.0 -50.47879860926838,-23.273771317592207,0.0 -50.49766387398853,-23.272492043672855,0.0 -50.48108655829799,-23.26141864095746,0.0 -50.468042219372876,-23.260327227319635,0.0</coordinates>
                            </LinearRing>
                        </outerBoundaryIs>
                    </Polygon>
                </Placemark>
                <Placemark id="22833">
                    <name>RIO AZUL / PR
POPULAÇÃO: 14.255</name>
                    <description>DISTRIBUIDOR: FILIAL LONDRINA
CONTATO DISTRIBUIDOR: (16) 3434-5800
RESPONSÁVEL: Wanessa Fabrina
CONTATO RESPONSÁVEL: 11 9 8991-3766
ENDEREÇO: Em Branco</description>
                    <styleUrl>#22015</styleUrl>
                    <Polygon id="22832">
                        <tessellate>1</tessellate>
                        <outerBoundaryIs>
                            <LinearRing id="22836">
                                <coordinates>-50.78757615191785,-25.59993110383732,0.0 -50.7772080542083,-25.65573483269634,0.0 -50.669984915571376,-25.69915276019168,0.0 -50.68076541719023,-25.732913004931163,0.0 -50.63476584816533,-25.77654183513755,0.0 -50.600849999128116,-25.78421569170075,0.0 -50.60388052196845,-25.81048769095412,0.0 -50.63267661513362,-25.828861070581922,0.0 -50.626640550820696,-25.848294669963025,0.0 -50.67698883566618,-25.873617686606906,0.0 -50.71614752628727,-25.858712591912536,0.0 -50.747815707828636,-25.827564406472163,0.0 -50.764478263960655,-25.831913557564576,0.0 -50.791791575620664,-25.794326122852226,0.0 -50.943992560808,-25.741679353419386,0.0 -50.96335958157937,-25.682564497953194,0.0 -50.9895413824288,-25.64491269966129,0.0 -50.98180477117319,-25.6193733205223,0.0 -50.99770637854647,-25.58845353590192,0.0 -50.944484296612984,-25.60556580791564,0.0 -50.901416467096226,-25.595715905864324,0.0 -50.8454432259241,-25.597456897118036,0.0 -50.82816749583321,-25.61595474741364,0.0 -50.78757615191785,-25.59993110383732,0.0</coordinates>
                            </LinearRing>
                        </outerBoundaryIs>
                    </Polygon>
                </Placemark>
                <Placemark id="22839">
                    <name>RIO BOM / PR
POPULAÇÃO: 3.302</name>
                    <description>DISTRIBUIDOR: FILIAL LONDRINA
CONTATO DISTRIBUIDOR: (19) 3208-1334
RESPONSÁVEL: Wanessa Fabrina
CONTATO RESPONSÁVEL: 11 9 8991-3766
ENDEREÇO: Em Branco</description>
                    <styleUrl>#22015</styleUrl>
                    <Polygon id="22838">
                        <tessellate>1</tessellate>
                        <outerBoundaryIs>
                            <LinearRing id="22842">
                                <coordinates>-51.42329030210573,-23.86312381910892,0.0 -51.457330119089704,-23.880209962219908,0.0 -51.506530234982336,-23.8572882145794,0.0 -51.47485428239918,-23.725067862991466,0.0 -51.44725452857358,-23.730307708034275,0.0 -51.438459109500286,-23.709512659181826,0.0 -51.420592467268534,-23.725372307785733,0.0 -51.3731468531447,-23.742613192744614,0.0 -51.358309123966876,-23.820076046272447,0.0 -51.394542625741565,-23.836189147211314,0.0 -51.42329030210573,-23.86312381910892,0.0</coordinates>
                            </LinearRing>
                        </outerBoundaryIs>
                    </Polygon>
                </Placemark>
                <Placemark id="22845">
                    <name>ROLÂNDIA / PR
POPULAÇÃO: 59.139</name>
                    <description>DISTRIBUIDOR: FILIAL LONDRINA
CONTATO DISTRIBUIDOR: Em Branco
RESPONSÁVEL: Em Branco
CONTATO RESPONSÁVEL: Em Branco
ENDEREÇO: Em Branco</description>
                    <styleUrl>#22015</styleUrl>
                    <Polygon id="22844">
                        <tessellate>1</tessellate>
                        <outerBoundaryIs>
                            <LinearRing id="22848">
                                <coordinates>-51.31018619353796,-23.383417942983613,0.0 -51.34964019723725,-23.389897114060545,0.0 -51.39638528445329,-23.36008493177411,0.0 -51.44233640520088,-23.36311164688493,0.0 -51.45462612029917,-23.382187020214758,0.0 -51.500407121691296,-23.342360492142973,0.0 -51.519071671220615,-23.28503085658872,0.0 -51.53815417527494,-23.26325099613649,0.0 -51.520287902664506,-23.19618646833078,0.0 -51.48379476211852,-23.19049214279812,0.0 -51.47361167563827,-23.167178356395993,0.0 -51.41803943766985,-23.168750298487453,0.0 -51.306159656243096,-23.171874891313166,0.0 -51.2990951551173,-23.198048734961105,0.0 -51.310668079068535,-23.242891946705925,0.0 -51.32870078201546,-23.25651509289719,0.0 -51.33426680037252,-23.288935435022267,0.0 -51.32056753826123,-23.312907356089568,0.0 -51.29001038547085,-23.331455155630863,0.0 -51.31018619353796,-23.383417942983613,0.0</coordinates>
                            </LinearRing>
                        </outerBoundaryIs>
                    </Polygon>
                </Placemark>
                <Placemark id="22851">
                    <name>RONDON / PR
POPULAÇÃO: 9.060</name>
                    <description>DISTRIBUIDOR: FILIAL LONDRINA
CONTATO DISTRIBUIDOR: (19) 3208-1334
RESPONSÁVEL: Wanessa Fabrina
CONTATO RESPONSÁVEL: 11 9 8991-3766
ENDEREÇO: Em Branco</description>
                    <styleUrl>#22015</styleUrl>
                    <Polygon id="22850">
                        <tessellate>1</tessellate>
                        <outerBoundaryIs>
                            <LinearRing id="22854">
                                <coordinates>-52.637983397215976,-23.331679479824118,0.0 -52.66926477405002,-23.39802045807761,0.0 -52.747883670095234,-23.555175875865928,0.0 -52.82494351762921,-23.6162303558462,0.0 -52.90347959510717,-23.60875287704357,0.0 -52.9191380500809,-23.58710326270534,0.0 -52.97149895291432,-23.567324933398936,0.0 -52.984978664433754,-23.54080281649675,0.0 -52.93834960325154,-23.532928805919596,0.0 -52.93675571050761,-23.482621910572675,0.0 -52.8903486163955,-23.452716046808064,0.0 -52.892573861094775,-23.426219727858097,0.0 -52.84560852721171,-23.427916432897007,0.0 -52.859943911282414,-23.38842161436594,0.0 -52.80887452304074,-23.403504226239022,0.0 -52.73050220131552,-23.34398772815109,0.0 -52.723441800198884,-23.31111298287783,0.0 -52.69007783632304,-23.31124405816672,0.0 -52.637983397215976,-23.331679479824118,0.0</coordinates>
                            </LinearRing>
                        </outerBoundaryIs>
                    </Polygon>
                </Placemark>
                <Placemark id="22857">
                    <name>SABÁUDIA / PR
POPULAÇÃO: 6.200</name>
                    <description>DISTRIBUIDOR: FILIAL LONDRINA
CONTATO DISTRIBUIDOR: Em Branco
RESPONSÁVEL: Em Branco
CONTATO RESPONSÁVEL: Em Branco
ENDEREÇO: Em Branco</description>
                    <styleUrl>#22015</styleUrl>
                    <Polygon id="22856">
                        <tessellate>1</tessellate>
                        <outerBoundaryIs>
                            <LinearRing id="22860">
                                <coordinates>-51.500407121691296,-23.342360492142973,0.0 -51.59068463089096,-23.4262361332909,0.0 -51.62598601953914,-23.426331498299987,0.0 -51.627624317208415,-23.40866657490244,0.0 -51.690206165282234,-23.377693535128515,0.0 -51.67666399045078,-23.373938442005453,0.0 -51.59160437204412,-23.282981969842012,0.0 -51.53815417527494,-23.26325099613649,0.0 -51.519071671220615,-23.28503085658872,0.0 -51.500407121691296,-23.342360492142973,0.0</coordinates>
                            </LinearRing>
                        </outerBoundaryIs>
                    </Polygon>
                </Placemark>
                <Placemark id="22863">
                    <name>SANTANA DO ITARARÉ / PR
POPULAÇÃO: 5.191</name>
                    <description>DISTRIBUIDOR: FILIAL LONDRINA
CONTATO DISTRIBUIDOR: (16) 3236-3049
RESPONSÁVEL: Celso Chaves
CONTATO RESPONSÁVEL: 14 9 8808-5285
ENDEREÇO: Em Branco</description>
                    <styleUrl>#22015</styleUrl>
                    <Polygon id="22862">
                        <tessellate>1</tessellate>
                        <outerBoundaryIs>
                            <LinearRing id="22866">
                                <coordinates>-49.608037905424965,-23.83937955512232,0.0 -49.6780008033943,-23.826279810764618,0.0 -49.69651016321342,-23.7426690091674,0.0 -49.73812391938333,-23.74762797974745,0.0 -49.762447582389996,-23.737099532017737,0.0 -49.738109085965505,-23.714137994772614,0.0 -49.651115073501785,-23.688689541589042,0.0 -49.60213384360196,-23.652116067302643,0.0 -49.54919910945131,-23.704016460591163,0.0 -49.56732363857503,-23.736778604449,0.0 -49.56006893893033,-23.811930716529275,0.0 -49.608037905424965,-23.83937955512232,0.0</coordinates>
                            </LinearRing>
                        </outerBoundaryIs>
                    </Polygon>
                </Placemark>
                <Placemark id="22869">
                    <name>SANTA AMÉLIA / PR
POPULAÇÃO: 3.712</name>
                    <description>DISTRIBUIDOR: FILIAL LONDRINA
CONTATO DISTRIBUIDOR: (17) 3258-1649
RESPONSÁVEL: Celso Chaves
CONTATO RESPONSÁVEL: 14 9 8808-5285
ENDEREÇO: Em Branco</description>
                    <styleUrl>#22015</styleUrl>
                    <Polygon id="22868">
                        <tessellate>1</tessellate>
                        <outerBoundaryIs>
                            <LinearRing id="22872">
                                <coordinates>-50.30416303019962,-23.259160126738436,0.0 -50.34601048329711,-23.299852525673487,0.0 -50.35891548396239,-23.285352782404914,0.0 -50.439662339645224,-23.28119753323955,0.0 -50.46686505807594,-23.26018535746823,0.0 -50.46846385122569,-23.208710427144467,0.0 -50.44960944222191,-23.209613090171956,0.0 -50.39334368486311,-23.24791403440514,0.0 -50.358410159401274,-23.247224763412078,0.0 -50.32999132733784,-23.27550632565635,0.0 -50.30416303019962,-23.259160126738436,0.0</coordinates>
                            </LinearRing>
                        </outerBoundaryIs>
                    </Polygon>
                </Placemark>
                <Placemark id="22875">
                    <name>SANTA CECÍLIA DO PAVÃO / PR
POPULAÇÃO: 3.583</name>
                    <description>DISTRIBUIDOR: FILIAL LONDRINA
CONTATO DISTRIBUIDOR: (16) 3236-3049
RESPONSÁVEL: Celso Chaves
CONTATO RESPONSÁVEL: 14 9 8808-5285
ENDEREÇO: Em Branco</description>
                    <styleUrl>#22015</styleUrl>
                    <Polygon id="22874">
                        <tessellate>1</tessellate>
                        <outerBoundaryIs>
                            <LinearRing id="22878">
                                <coordinates>-50.79600038480987,-23.492474957553213,0.0 -50.78699053138786,-23.504377643113685,0.0 -50.68708044760456,-23.564219299181275,0.0 -50.687236540234096,-23.564246070199943,0.0 -50.748390786505524,-23.57816603133722,0.0 -50.775699041277676,-23.565765339898462,0.0 -50.80487758643142,-23.58554715048058,0.0 -50.84791184785348,-23.598848161313526,0.0 -50.84047790343243,-23.58857078001745,0.0 -50.883041470487456,-23.543590680665318,0.0 -50.85435987720655,-23.529435521631967,0.0 -50.81123952728234,-23.488105046510668,0.0 -50.79600038480987,-23.492474957553213,0.0</coordinates>
                            </LinearRing>
                        </outerBoundaryIs>
                    </Polygon>
                </Placemark>
                <Placemark id="22881">
                    <name>SANTA CRUZ DE MONTE CASTELO / PR
POPULAÇÃO: 8.019</name>
                    <description>DISTRIBUIDOR: FILIAL LONDRINA
CONTATO DISTRIBUIDOR: (14) 3227-1132
RESPONSÁVEL: Celso Chaves
CONTATO RESPONSÁVEL: 14 9 8808-5285
ENDEREÇO: Em Branco</description>
                    <styleUrl>#22015</styleUrl>
                    <Polygon id="22880">
                        <tessellate>1</tessellate>
                        <outerBoundaryIs>
                            <LinearRing id="22884">
                                <coordinates>-53.3478214942665,-23.23349658989565,0.0 -53.37965288027618,-23.240763928612353,0.0 -53.41417014553576,-23.19134652752018,0.0 -53.47678999716061,-23.22769622080392,0.0 -53.51571003558962,-23.197524695508264,0.0 -53.49489740319257,-23.19865204695435,0.0 -53.46776424912076,-23.17730752222434,0.0 -53.46222681571493,-23.12485325537341,0.0 -53.44882842988807,-23.096777889687814,0.0 -53.375390251159104,-22.988487396975756,0.0 -53.316530981219785,-22.912489255774517,0.0 -53.28470912262787,-22.935179184271874,0.0 -53.22932121690059,-22.973120294465957,0.0 -53.24949410307033,-22.9959709309137,0.0 -53.25988501118428,-23.04062720598074,0.0 -53.30606827483098,-23.07822237756062,0.0 -53.32052389556128,-23.106071034950276,0.0 -53.335515840483595,-23.16434648929902,0.0 -53.332399194067534,-23.187453504475627,0.0 -53.350053853502516,-23.20670722865566,0.0 -53.3478214942665,-23.23349658989565,0.0</coordinates>
                            </LinearRing>
                        </outerBoundaryIs>
                    </Polygon>
                </Placemark>
                <Placemark id="22887">
                    <name>SANTA FÉ / PR
POPULAÇÃO: 10.668</name>
                    <description>DISTRIBUIDOR: FILIAL LONDRINA
CONTATO DISTRIBUIDOR: (19) 3208-1334
RESPONSÁVEL: Wanessa Fabrina
CONTATO RESPONSÁVEL: 11 9 8991-3766
ENDEREÇO: Em Branco</description>
                    <styleUrl>#22015</styleUrl>
                    <Polygon id="22886">
                        <tessellate>1</tessellate>
                        <outerBoundaryIs>
                            <LinearRing id="22890">
                                <coordinates>-51.87343259733643,-22.95668063620235,0.0 -51.794653766757904,-23.00575308253866,0.0 -51.7503800165245,-23.028118185805567,0.0 -51.74937699545194,-23.039158573509326,0.0 -51.75931804289331,-23.065879919922338,0.0 -51.754295589170056,-23.096252402326456,0.0 -51.7635932868007,-23.122981641189767,0.0 -51.78854469548128,-23.146635765228325,0.0 -51.795701625329684,-23.17439399668558,0.0 -51.86571314154821,-23.13285324298272,0.0 -51.91452874240747,-23.13691678288319,0.0 -51.91503333941705,-23.048705784444337,0.0 -51.893017423115566,-23.007468872990046,0.0 -51.90550225872221,-22.949607674254707,0.0 -51.87343259733643,-22.95668063620235,0.0</coordinates>
                            </LinearRing>
                        </outerBoundaryIs>
                    </Polygon>
                </Placemark>
                <Placemark id="22893">
                    <name>SANTA INÊS / PR
POPULAÇÃO: 1.776</name>
                    <description>DISTRIBUIDOR: FILIAL LONDRINA
CONTATO DISTRIBUIDOR: (12) 3643-4040
RESPONSÁVEL: Wanessa Fabrina
CONTATO RESPONSÁVEL: 11 9 8991-3766
ENDEREÇO: Em Branco</description>
                    <styleUrl>#22015</styleUrl>
                    <Polygon id="22892">
                        <tessellate>1</tessellate>
                        <outerBoundaryIs>
                            <LinearRing id="22896">
                                <coordinates>-51.85582720186386,-22.631697753648382,0.0 -51.86404453672594,-22.699408407471992,0.0 -51.90581686315767,-22.836178322271735,0.0 -51.922604222706696,-22.828812720030953,0.0 -51.94011020532167,-22.792974048513486,0.0 -51.91230359483501,-22.750506136948616,0.0 -51.92673445633005,-22.732664637063294,0.0 -51.92025241012061,-22.684923381608712,0.0 -51.959008257525,-22.645053277786474,0.0 -51.90152851972539,-22.60192429976655,0.0 -51.85582720186386,-22.631697753648382,0.0</coordinates>
                            </LinearRing>
                        </outerBoundaryIs>
                    </Polygon>
                </Placemark>
                <Placemark id="22899">
                    <name>SANTA ISABEL DO IVAÍ / PR
POPULAÇÃO: 8.701</name>
                    <description>DISTRIBUIDOR: FILIAL LONDRINA
CONTATO DISTRIBUIDOR: (19) 3681-2323
RESPONSÁVEL: Wanessa Fabrina
CONTATO RESPONSÁVEL: 11 9 8991-3766
ENDEREÇO: Em Branco</description>
                    <styleUrl>#22015</styleUrl>
                    <Polygon id="22898">
                        <tessellate>1</tessellate>
                        <outerBoundaryIs>
                            <LinearRing id="22902">
                                <coordinates>-53.129797814617405,-23.042857124456702,0.0 -53.15770160854237,-23.103174289861556,0.0 -53.18567317267872,-23.13184026461647,0.0 -53.18447943597715,-23.154378696019933,0.0 -53.20357696680355,-23.194880370332783,0.0 -53.22518070492555,-23.209379583900613,0.0 -53.20175541068363,-23.241697227045336,0.0 -53.2534489257273,-23.23082303765301,0.0 -53.29850686949641,-23.198634990412415,0.0 -53.31770021409358,-23.19991213383787,0.0 -53.3478214942665,-23.23349658989565,0.0 -53.350053853502516,-23.20670722865566,0.0 -53.332399194067534,-23.187453504475627,0.0 -53.335515840483595,-23.16434648929902,0.0 -53.32052389556128,-23.106071034950276,0.0 -53.30606827483098,-23.07822237756062,0.0 -53.25988501118428,-23.04062720598074,0.0 -53.24949410307033,-22.9959709309137,0.0 -53.22932121690059,-22.973120294465957,0.0 -53.129797814617405,-23.042857124456702,0.0</coordinates>
                            </LinearRing>
                        </outerBoundaryIs>
                    </Polygon>
                </Placemark>
                <Placemark id="22905">
                    <name>SANTA MARIANA / PR
POPULAÇÃO: 12.279</name>
                    <description>DISTRIBUIDOR: FILIAL LONDRINA
CONTATO DISTRIBUIDOR: Em Branco
RESPONSÁVEL: Em Branco
CONTATO RESPONSÁVEL: Em Branco
ENDEREÇO: Em Branco</description>
                    <styleUrl>#22015</styleUrl>
                    <Polygon id="22904">
                        <tessellate>1</tessellate>
                        <outerBoundaryIs>
                            <LinearRing id="22908">
                                <coordinates>-50.52677285568268,-22.93482212643994,0.0 -50.52837908982309,-22.961130212789044,0.0 -50.49954505066353,-22.977419794887567,0.0 -50.44780845359719,-23.031301147330055,0.0 -50.454292153659935,-23.14531823055188,0.0 -50.46515901717487,-23.194382939121283,0.0 -50.51319567563985,-23.208182918107127,0.0 -50.54118426034529,-23.197667929631223,0.0 -50.59134042931731,-23.143486279168428,0.0 -50.62834137655324,-23.092340656296187,0.0 -50.60612282231034,-23.056409135173396,0.0 -50.62079814561787,-23.014571727503153,0.0 -50.609660192264016,-22.972794240761573,0.0 -50.630970694741734,-22.938700783714125,0.0 -50.637296698683656,-22.90693715262745,0.0 -50.60380838554852,-22.92317853286295,0.0 -50.58099395850434,-22.90527190227641,0.0 -50.540493502772904,-22.912128920813018,0.0 -50.52677285568268,-22.93482212643994,0.0</coordinates>
                            </LinearRing>
                        </outerBoundaryIs>
                    </Polygon>
                </Placemark>
                <Placemark id="22911">
                    <name>SANTO ANTÔNIO DA PLATINA / PR
POPULAÇÃO: 43.125</name>
                    <description>DISTRIBUIDOR: FILIAL LONDRINA
CONTATO DISTRIBUIDOR: Em Branco
RESPONSÁVEL: Em Branco
CONTATO RESPONSÁVEL: Em Branco
ENDEREÇO: Em Branco</description>
                    <styleUrl>#22015</styleUrl>
                    <Polygon id="22910">
                        <tessellate>1</tessellate>
                        <outerBoundaryIs>
                            <LinearRing id="22914">
                                <coordinates>-50.13420010005456,-23.14483971388165,0.0 -50.117969329121195,-23.169296610550077,0.0 -50.049690168866164,-23.18882445618368,0.0 -50.037827455472666,-23.205725864157273,0.0 -49.97063386236283,-23.237882040323882,0.0 -49.932783475776716,-23.29444660552639,0.0 -49.93290375830179,-23.306105441712702,0.0 -49.93590344518782,-23.37316901084114,0.0 -49.92515917725416,-23.39075516981518,0.0 -49.949244367033884,-23.43183666942673,0.0 -50.00430090226479,-23.445191120673655,0.0 -50.0463530032884,-23.41301798149459,0.0 -50.10615892389518,-23.393213883014255,0.0 -50.14249804564827,-23.40297701307867,0.0 -50.17101842106325,-23.39733834928535,0.0 -50.221867074305976,-23.378200375946562,0.0 -50.23476196928942,-23.35672638661339,0.0 -50.19440020070863,-23.285763780673904,0.0 -50.2022814238486,-23.248141207650576,0.0 -50.22493883645808,-23.22442889028099,0.0 -50.209445913398156,-23.187648698728424,0.0 -50.21505013315709,-23.163999220587527,0.0 -50.24062338616028,-23.135473954659233,0.0 -50.1672556018645,-23.13467531891081,0.0 -50.13420010005456,-23.14483971388165,0.0</coordinates>
                            </LinearRing>
                        </outerBoundaryIs>
                    </Polygon>
                </Placemark>
                <Placemark id="22917">
                    <name>SANTO ANTÔNIO DO PARAÍSO / PR
POPULAÇÃO: 2.351</name>
                    <description>DISTRIBUIDOR: FILIAL LONDRINA
CONTATO DISTRIBUIDOR: (19) 3208-1334
RESPONSÁVEL: Wanessa Fabrina
CONTATO RESPONSÁVEL: 11 9 8991-3766
ENDEREÇO: Em Branco</description>
                    <styleUrl>#22015</styleUrl>
                    <Polygon id="22916">
                        <tessellate>1</tessellate>
                        <outerBoundaryIs>
                            <LinearRing id="22920">
                                <coordinates>-50.599742229520245,-23.494170256951747,0.0 -50.60876746494648,-23.52804860965557,0.0 -50.60538685761736,-23.59209546593297,0.0 -50.62488973537296,-23.615350063454628,0.0 -50.58239575605927,-23.63880928012412,0.0 -50.56316924806231,-23.69526332314382,0.0 -50.580896980111504,-23.711987061054003,0.0 -50.606974577414746,-23.689190422599893,0.0 -50.62914573648652,-23.688158915501504,0.0 -50.638892748901185,-23.64296065770816,0.0 -50.657997835831395,-23.622564347566538,0.0 -50.66569521236414,-23.591605306639565,0.0 -50.687236540234096,-23.564246070199943,0.0 -50.68708044760456,-23.564219299181275,0.0 -50.67120104898919,-23.496080933188466,0.0 -50.64598989901458,-23.4886083628856,0.0 -50.6295889655583,-23.45533814793714,0.0 -50.599742229520245,-23.494170256951747,0.0</coordinates>
                            </LinearRing>
                        </outerBoundaryIs>
                    </Polygon>
                </Placemark>
                <Placemark id="22923">
                    <name>SANTO INÁCIO / PR
POPULAÇÃO: 5.282</name>
                    <description>DISTRIBUIDOR: FILIAL LONDRINA
CONTATO DISTRIBUIDOR: Em Branco
RESPONSÁVEL: Em Branco
CONTATO RESPONSÁVEL: Em Branco
ENDEREÇO: Em Branco</description>
                    <styleUrl>#22015</styleUrl>
                    <Polygon id="22922">
                        <tessellate>1</tessellate>
                        <outerBoundaryIs>
                            <LinearRing id="22926">
                                <coordinates>-51.71817363660398,-22.669021088952036,0.0 -51.725093209284125,-22.701062197762155,0.0 -51.75945975356473,-22.739344669920513,0.0 -51.77042285443116,-22.77755214131821,0.0 -51.75916389909463,-22.83045999833024,0.0 -51.800213645443364,-22.83101554463161,0.0 -51.83993316138623,-22.829873702409373,0.0 -51.90581686315767,-22.836178322271735,0.0 -51.86404453672594,-22.699408407471992,0.0 -51.85582720186386,-22.631697753648382,0.0 -51.7716205787267,-22.614126911028052,0.0 -51.73303663223476,-22.628614387543905,0.0 -51.71817363660398,-22.669021088952036,0.0</coordinates>
                            </LinearRing>
                        </outerBoundaryIs>
                    </Polygon>
                </Placemark>
                <Placemark id="22929">
                    <name>SÃO CARLOS DO IVAÍ / PR
POPULAÇÃO: 6.422</name>
                    <description>DISTRIBUIDOR: FILIAL LONDRINA
CONTATO DISTRIBUIDOR: (13) 3821-4700
RESPONSÁVEL: Wanessa Fabrina
CONTATO RESPONSÁVEL: 11 9 8991-3766
ENDEREÇO: Em Branco</description>
                    <styleUrl>#22015</styleUrl>
                    <Polygon id="22928">
                        <tessellate>1</tessellate>
                        <outerBoundaryIs>
                            <LinearRing id="22932">
                                <coordinates>-52.42124061925915,-23.266074059770006,0.0 -52.421195514661235,-23.413285398502296,0.0 -52.42197367734332,-23.46970280673912,0.0 -52.464522544080125,-23.45462340994237,0.0 -52.4746377578262,-23.407145967912072,0.0 -52.52491432083917,-23.36649727962572,0.0 -52.53984599589597,-23.366595758987046,0.0 -52.57347583444215,-23.331954996126115,0.0 -52.55655094247197,-23.318673141752072,0.0 -52.56350943691092,-23.273163362399202,0.0 -52.54688172681023,-23.26782945546495,0.0 -52.42124061925915,-23.266074059770006,0.0</coordinates>
                            </LinearRing>
                        </outerBoundaryIs>
                    </Polygon>
                </Placemark>
                <Placemark id="22935">
                    <name>SÃO JERÔNIMO DA SERRA / PR
POPULAÇÃO: 11.275</name>
                    <description>DISTRIBUIDOR: FILIAL LONDRINA
CONTATO DISTRIBUIDOR: (12) 3643-4040
RESPONSÁVEL: Wanessa Fabrina
CONTATO RESPONSÁVEL: 11 9 8991-3766
ENDEREÇO: Em Branco</description>
                    <styleUrl>#22015</styleUrl>
                    <Polygon id="22934">
                        <tessellate>1</tessellate>
                        <outerBoundaryIs>
                            <LinearRing id="22938">
                                <coordinates>-50.883041470487456,-23.543590680665318,0.0 -50.84047790343243,-23.58857078001745,0.0 -50.84791184785348,-23.598848161313526,0.0 -50.819096110796806,-23.611002445706276,0.0 -50.750996737609285,-23.60649034465365,0.0 -50.657997835831395,-23.622564347566538,0.0 -50.638892748901185,-23.64296065770816,0.0 -50.62914573648652,-23.688158915501504,0.0 -50.606974577414746,-23.689190422599893,0.0 -50.580896980111504,-23.711987061054003,0.0 -50.55855261431168,-23.74805645544103,0.0 -50.60078905387172,-23.74276553969787,0.0 -50.62591425114175,-23.799824029655213,0.0 -50.64570094863984,-23.820868247371664,0.0 -50.67656120713394,-23.814457808780787,0.0 -50.7330557520213,-23.823321315526243,0.0 -50.7734760529774,-23.871208156830903,0.0 -50.80492156238017,-23.876409837344056,0.0 -50.84366848671124,-23.894437440235606,0.0 -50.85742007857374,-23.868417391449384,0.0 -50.89578344295148,-23.840191341657032,0.0 -50.88608827375481,-23.805863054536303,0.0 -50.89906282798705,-23.79556084475712,0.0 -50.87557607137853,-23.76700534901761,0.0 -50.89410532959727,-23.743657050232628,0.0 -50.91539800571337,-23.714369838197456,0.0 -50.87625031559952,-23.694503752146375,0.0 -50.886048507532564,-23.675418035713733,0.0 -50.92028377597546,-23.664607241331055,0.0 -50.93335259804394,-23.607848958562556,0.0 -50.93037285991949,-23.56531174254286,0.0 -50.952924213681456,-23.54053459189788,0.0 -50.948413364485134,-23.5197407418417,0.0 -50.92383618709033,-23.521674181718083,0.0 -50.90492556506274,-23.552995863468254,0.0 -50.883041470487456,-23.543590680665318,0.0</coordinates>
                            </LinearRing>
                        </outerBoundaryIs>
                    </Polygon>
                </Placemark>
                <Placemark id="22941">
                    <name>SÃO JOÃO DO IVAÍ / PR
POPULAÇÃO: 11.273</name>
                    <description>DISTRIBUIDOR: FILIAL LONDRINA
CONTATO DISTRIBUIDOR: (17) 3258-1649
RESPONSÁVEL: Celso Chaves
CONTATO RESPONSÁVEL: 14 9 8808-5285
ENDEREÇO: Em Branco</description>
                    <styleUrl>#22015</styleUrl>
                    <Polygon id="22940">
                        <tessellate>1</tessellate>
                        <outerBoundaryIs>
                            <LinearRing id="22944">
                                <coordinates>-51.795897569617125,-23.920062915970732,0.0 -51.75802205597307,-23.938373141607144,0.0 -51.73100968355004,-23.938885520450356,0.0 -51.68375532914507,-23.97640718954011,0.0 -51.8489330035552,-24.072794527245605,0.0 -51.91780719214813,-24.10381320491541,0.0 -51.9462505775021,-24.04175780917552,0.0 -51.94613228337812,-23.97419776481496,0.0 -51.96800957368282,-23.949342812021087,0.0 -51.93945841537351,-23.908169513212442,0.0 -51.92676128130802,-23.92640136922779,0.0 -51.89259951445598,-23.90080152057368,0.0 -51.87890941463775,-23.923599095222016,0.0 -51.84065139954242,-23.93285005238795,0.0 -51.795897569617125,-23.920062915970732,0.0</coordinates>
                            </LinearRing>
                        </outerBoundaryIs>
                    </Polygon>
                </Placemark>
                <Placemark id="22947">
                    <name>SÃO JORGE DO IVAÍ / PR
POPULAÇÃO: 5.506</name>
                    <description>DISTRIBUIDOR: FILIAL LONDRINA
CONTATO DISTRIBUIDOR: (16) 3434-5800
RESPONSÁVEL: Wanessa Fabrina
CONTATO RESPONSÁVEL: 11 9 8991-3766
ENDEREÇO: Em Branco</description>
                    <styleUrl>#22015</styleUrl>
                    <Polygon id="22946">
                        <tessellate>1</tessellate>
                        <outerBoundaryIs>
                            <LinearRing id="22950">
                                <coordinates>-52.23850358567188,-23.31434194562422,0.0 -52.18855927628954,-23.333519891130038,0.0 -52.17901446114843,-23.34997974367019,0.0 -52.27535717988991,-23.440082992136354,0.0 -52.27627939507801,-23.469008674910356,0.0 -52.29636660733303,-23.500731027115137,0.0 -52.29465363355831,-23.52129813649975,0.0 -52.324665884422984,-23.55401842231231,0.0 -52.327758900253,-23.552491005655327,0.0 -52.36255301460989,-23.55750259556828,0.0 -52.40216354261338,-23.535669758752306,0.0 -52.390186817667484,-23.511526079764735,0.0 -52.41529935428173,-23.498810112096976,0.0 -52.42197367734332,-23.46970280673912,0.0 -52.421195514661235,-23.413285398502296,0.0 -52.35833282629886,-23.404760944262136,0.0 -52.31176597032322,-23.378970448327493,0.0 -52.29955170204937,-23.344165818197894,0.0 -52.27424168150833,-23.321493976865497,0.0 -52.23850358567188,-23.31434194562422,0.0</coordinates>
                            </LinearRing>
                        </outerBoundaryIs>
                    </Polygon>
                </Placemark>
                <Placemark id="22953">
                    <name>SÃO JOSÉ DA BOA VISTA / PR
POPULAÇÃO: 6.441</name>
                    <description>DISTRIBUIDOR: FILIAL LONDRINA
CONTATO DISTRIBUIDOR: Em Branco
RESPONSÁVEL: Em Branco
CONTATO RESPONSÁVEL: Em Branco
ENDEREÇO: Em Branco</description>
                    <styleUrl>#22015</styleUrl>
                    <Polygon id="22952">
                        <tessellate>1</tessellate>
                        <outerBoundaryIs>
                            <LinearRing id="22956">
                                <coordinates>-49.608037905424965,-23.83937955512232,0.0 -49.58704193183962,-23.888879888995632,0.0 -49.55701046066417,-23.921263527090048,0.0 -49.53580184597837,-23.928154190163696,0.0 -49.58092050118012,-23.96047628944916,0.0 -49.62381365987244,-24.001930009462342,0.0 -49.63441020606609,-24.070696405314834,0.0 -49.680375377821406,-24.07821800036038,0.0 -49.697522846602055,-24.065440729506008,0.0 -49.759402132602304,-24.084097247190186,0.0 -49.75525448720475,-24.065588971953446,0.0 -49.79302714268846,-24.003827891044295,0.0 -49.771669119134515,-24.00373088117516,0.0 -49.71921982013856,-23.967340782251256,0.0 -49.738957042333595,-23.93831986307117,0.0 -49.76778726836773,-23.91704350695221,0.0 -49.73881394400826,-23.883152053824176,0.0 -49.70660735724368,-23.873767982606296,0.0 -49.672620038184164,-23.845917430345082,0.0 -49.6780008033943,-23.826279810764618,0.0 -49.608037905424965,-23.83937955512232,0.0</coordinates>
                            </LinearRing>
                        </outerBoundaryIs>
                    </Polygon>
                </Placemark>
                <Placemark id="22959">
                    <name>SÃO MANOEL DO PARANÁ / PR
POPULAÇÃO: 2.102</name>
                    <description>DISTRIBUIDOR: FILIAL LONDRINA
CONTATO DISTRIBUIDOR: (16) 3236-3049
RESPONSÁVEL: Celso Chaves
CONTATO RESPONSÁVEL: 14 9 8808-5285
ENDEREÇO: Em Branco</description>
                    <styleUrl>#22015</styleUrl>
                    <Polygon id="22958">
                        <tessellate>1</tessellate>
                        <outerBoundaryIs>
                            <LinearRing id="22962">
                                <coordinates>-52.616299512412525,-23.414808751122905,0.0 -52.65065400307975,-23.44026734326326,0.0 -52.66926477405002,-23.39802045807761,0.0 -52.637983397215976,-23.331679479824118,0.0 -52.600577619261685,-23.317139534162152,0.0 -52.57347583444215,-23.331954996126115,0.0 -52.53984599589597,-23.366595758987046,0.0 -52.616299512412525,-23.414808751122905,0.0</coordinates>
                            </LinearRing>
                        </outerBoundaryIs>
                    </Polygon>
                </Placemark>
                <Placemark id="22965">
                    <name>SÃO PEDRO DO IVAÍ / PR
POPULAÇÃO: 10.272</name>
                    <description>DISTRIBUIDOR: FILIAL LONDRINA
CONTATO DISTRIBUIDOR: Em Branco
RESPONSÁVEL: Em Branco
CONTATO RESPONSÁVEL: Em Branco
ENDEREÇO: Em Branco</description>
                    <styleUrl>#22015</styleUrl>
                    <Polygon id="22964">
                        <tessellate>1</tessellate>
                        <outerBoundaryIs>
                            <LinearRing id="22968">
                                <coordinates>-51.766347367037326,-23.79417138500139,0.0 -51.76644985917363,-23.83886811876863,0.0 -51.73453038816683,-23.84162589431952,0.0 -51.76345814207957,-23.890504423440348,0.0 -51.795897569617125,-23.920062915970732,0.0 -51.84065139954242,-23.93285005238795,0.0 -51.87890941463775,-23.923599095222016,0.0 -51.89259951445598,-23.90080152057368,0.0 -51.92676128130802,-23.92640136922779,0.0 -51.93945841537351,-23.908169513212442,0.0 -51.95868061471856,-23.857313924398056,0.0 -52.00510286420575,-23.822576666979558,0.0 -51.99626708355902,-23.790602447944593,0.0 -51.97624063399803,-23.79700272239768,0.0 -51.94848664644155,-23.773962037617878,0.0 -51.91923529487292,-23.72597255129216,0.0 -51.88354338282085,-23.80665275012427,0.0 -51.79462715042263,-23.781600786447086,0.0 -51.766347367037326,-23.79417138500139,0.0</coordinates>
                            </LinearRing>
                        </outerBoundaryIs>
                    </Polygon>
                </Placemark>
                <Placemark id="22971">
                    <name>SÃO SEBASTIÃO DA AMOREIRA / PR
POPULAÇÃO: 8.638</name>
                    <description>DISTRIBUIDOR: FILIAL LONDRINA
CONTATO DISTRIBUIDOR: (16) 3434-5800
RESPONSÁVEL: Wanessa Fabrina
CONTATO RESPONSÁVEL: 11 9 8991-3766
ENDEREÇO: Em Branco</description>
                    <styleUrl>#22015</styleUrl>
                    <Polygon id="22970">
                        <tessellate>1</tessellate>
                        <outerBoundaryIs>
                            <LinearRing id="22974">
                                <coordinates>-50.76727771949112,-23.347357271121098,0.0 -50.73980940967647,-23.372251862433473,0.0 -50.72057050452514,-23.415589776347076,0.0 -50.66297031782585,-23.392320581929255,0.0 -50.63772415274741,-23.41885535139329,0.0 -50.6295889655583,-23.45533814793714,0.0 -50.64598989901458,-23.4886083628856,0.0 -50.67120104898919,-23.496080933188466,0.0 -50.68708044760456,-23.564219299181275,0.0 -50.78699053138786,-23.504377643113685,0.0 -50.79600038480987,-23.492474957553213,0.0 -50.78357025496325,-23.45062296287938,0.0 -50.8059295755894,-23.426866529266874,0.0 -50.799679213624756,-23.388407817866437,0.0 -50.778730744028564,-23.38487635735794,0.0 -50.76727771949112,-23.347357271121098,0.0</coordinates>
                            </LinearRing>
                        </outerBoundaryIs>
                    </Polygon>
                </Placemark>
                <Placemark id="22977">
                    <name>SÃO TOMÉ / PR
POPULAÇÃO: 5.395</name>
                    <description>DISTRIBUIDOR: FILIAL LONDRINA
CONTATO DISTRIBUIDOR: (16) 3434-5800
RESPONSÁVEL: Wanessa Fabrina
CONTATO RESPONSÁVEL: 11 9 8991-3766
ENDEREÇO: Em Branco</description>
                    <styleUrl>#22015</styleUrl>
                    <Polygon id="22976">
                        <tessellate>1</tessellate>
                        <outerBoundaryIs>
                            <LinearRing id="22980">
                                <coordinates>-52.40216354261338,-23.535669758752306,0.0 -52.45271417761717,-23.549486158459388,0.0 -52.48944480303521,-23.52008303550366,0.0 -52.545767697021574,-23.585598775163305,0.0 -52.58632772204669,-23.589481925450457,0.0 -52.63961129242716,-23.57665113414248,0.0 -52.670889937120876,-23.537465093339335,0.0 -52.653594774479245,-23.50557115048815,0.0 -52.60056035947298,-23.476837176194692,0.0 -52.569448440992744,-23.508497226066083,0.0 -52.51901363956779,-23.505139980425724,0.0 -52.464522544080125,-23.45462340994237,0.0 -52.42197367734332,-23.46970280673912,0.0 -52.41529935428173,-23.498810112096976,0.0 -52.390186817667484,-23.511526079764735,0.0 -52.40216354261338,-23.535669758752306,0.0</coordinates>
                            </LinearRing>
                        </outerBoundaryIs>
                    </Polygon>
                </Placemark>
                <Placemark id="22983">
                    <name>SAPOPEMA / PR
POPULAÇÃO: 6.716</name>
                    <description>DISTRIBUIDOR: FILIAL LONDRINA
CONTATO DISTRIBUIDOR: (19) 3208-1334
RESPONSÁVEL: Wanessa Fabrina
CONTATO RESPONSÁVEL: 11 9 8991-3766
ENDEREÇO: Em Branco</description>
                    <styleUrl>#22015</styleUrl>
                    <Polygon id="22982">
                        <tessellate>1</tessellate>
                        <outerBoundaryIs>
                            <LinearRing id="22986">
                                <coordinates>-50.55855261431168,-23.74805645544103,0.0 -50.519345112087194,-23.766145615127982,0.0 -50.47524419626262,-23.75025936727593,0.0 -50.44979193804744,-23.756107789842588,0.0 -50.41868650367917,-23.784381515394557,0.0 -50.43227967726523,-23.844085576088446,0.0 -50.468631608062196,-23.854997647623293,0.0 -50.479325707315525,-23.87987827696088,0.0 -50.48325275081373,-23.95153729361118,0.0 -50.5341633961238,-23.932686688739636,0.0 -50.547252745217975,-23.960621073103994,0.0 -50.5781654395833,-23.96826594451767,0.0 -50.589976207236134,-23.990378900365897,0.0 -50.64900634746493,-23.988809546523328,0.0 -50.68861253084356,-24.002926760461605,0.0 -50.70283344920426,-24.024894650267868,0.0 -50.72180561453746,-24.027856258059842,0.0 -50.754483406483985,-23.977265963853085,0.0 -50.732034828144776,-23.94765748430541,0.0 -50.78713959221835,-23.90557085561045,0.0 -50.80492156238017,-23.876409837344056,0.0 -50.7734760529774,-23.871208156830903,0.0 -50.7330557520213,-23.823321315526243,0.0 -50.67656120713394,-23.814457808780787,0.0 -50.64570094863984,-23.820868247371664,0.0 -50.62591425114175,-23.799824029655213,0.0 -50.60078905387172,-23.74276553969787,0.0 -50.55855261431168,-23.74805645544103,0.0</coordinates>
                            </LinearRing>
                        </outerBoundaryIs>
                    </Polygon>
                </Placemark>
                <Placemark id="22989">
                    <name>SARANDI / PR
POPULAÇÃO: 84.573</name>
                    <description>DISTRIBUIDOR: FILIAL LONDRINA
CONTATO DISTRIBUIDOR: Em Branco
RESPONSÁVEL: Em Branco
CONTATO RESPONSÁVEL: Em Branco
ENDEREÇO: Em Branco</description>
                    <styleUrl>#22015</styleUrl>
                    <Polygon id="22988">
                        <tessellate>1</tessellate>
                        <outerBoundaryIs>
                            <LinearRing id="22992">
                                <coordinates>-51.91153944628837,-23.47706675872388,0.0 -51.87791853711076,-23.41593429313309,0.0 -51.84301712194258,-23.39366341543422,0.0 -51.81697323033029,-23.393829182970364,0.0 -51.80047748584724,-23.41244277331532,0.0 -51.80647630473766,-23.44508037635825,0.0 -51.85349402233123,-23.457930588525812,0.0 -51.852960531902966,-23.510818702720883,0.0 -51.876292865023686,-23.522579408712716,0.0 -51.90247503729307,-23.5576888037952,0.0 -51.928031455886924,-23.533417814980112,0.0 -51.909438906080595,-23.509914295008684,0.0 -51.91153944628837,-23.47706675872388,0.0</coordinates>
                            </LinearRing>
                        </outerBoundaryIs>
                    </Polygon>
                </Placemark>
                <Placemark id="22995">
                    <name>SERTANEJA / PR
POPULAÇÃO: 5.711</name>
                    <description>DISTRIBUIDOR: FILIAL LONDRINA
CONTATO DISTRIBUIDOR: (19) 3208-1334
RESPONSÁVEL: Wanessa Fabrina
CONTATO RESPONSÁVEL: 11 9 8991-3766
ENDEREÇO: Em Branco</description>
                    <styleUrl>#22015</styleUrl>
                    <Polygon id="22994">
                        <tessellate>1</tessellate>
                        <outerBoundaryIs>
                            <LinearRing id="22998">
                                <coordinates>-50.795935031076795,-22.951179367233976,0.0 -50.77081891785872,-23.008740460403885,0.0 -50.77482435436042,-23.0434815570282,0.0 -50.797222924997925,-23.079714620833045,0.0 -50.842670464969956,-23.110331890604243,0.0 -50.855123532025345,-23.11151205293885,0.0 -50.85500931003162,-23.06817103816286,0.0 -50.879451012654044,-23.044994410063907,0.0 -50.8963557831928,-23.009116353636784,0.0 -50.946353797389804,-22.981879988870332,0.0 -50.97841960158331,-22.963291614616253,0.0 -50.97948558958825,-22.9371317374397,0.0 -50.9495260533846,-22.928080642007956,0.0 -50.93331045311487,-22.908851871316756,0.0 -50.93684240465319,-22.8741100516375,0.0 -50.97720030704846,-22.8240117342541,0.0 -51.007091829324395,-22.815158882676258,0.0 -51.00437719245343,-22.793709241588203,0.0 -50.97592789675497,-22.782100338459827,0.0 -50.94563639290516,-22.803932290342857,0.0 -50.89533339072335,-22.794300162722266,0.0 -50.84238713445865,-22.83139847416021,0.0 -50.83292021229789,-22.859169246663384,0.0 -50.79781705671178,-22.88855235250901,0.0 -50.8061462294649,-22.940299334046983,0.0 -50.795935031076795,-22.951179367233976,0.0</coordinates>
                            </LinearRing>
                        </outerBoundaryIs>
                    </Polygon>
                </Placemark>
                <Placemark id="23001">
                    <name>SERTANÓPOLIS / PR
POPULAÇÃO: 15.713</name>
                    <description>DISTRIBUIDOR: FILIAL LONDRINA
CONTATO DISTRIBUIDOR: (16) 3434-5800
RESPONSÁVEL: Wanessa Fabrina
CONTATO RESPONSÁVEL: 11 9 8991-3766
ENDEREÇO: Em Branco</description>
                    <styleUrl>#22015</styleUrl>
                    <Polygon id="23000">
                        <tessellate>1</tessellate>
                        <outerBoundaryIs>
                            <LinearRing id="23004">
                                <coordinates>-50.97948558958825,-22.9371317374397,0.0 -50.97841960158331,-22.963291614616253,0.0 -50.946353797389804,-22.981879988870332,0.0 -50.95371226620807,-23.015133625716203,0.0 -50.94126804128706,-23.031423710535762,0.0 -50.988715995446796,-23.047563156214665,0.0 -50.977154660159385,-23.094799578137952,0.0 -50.94835880171729,-23.106380144527975,0.0 -51.00069671248326,-23.124625272738115,0.0 -51.0369274839162,-23.1577579678559,0.0 -51.07674020379733,-23.179062661612477,0.0 -51.131672620894676,-23.19799734140412,0.0 -51.17052797648489,-23.196211009030776,0.0 -51.1703573121402,-23.17150395424403,0.0 -51.17020399122117,-23.117857206145118,0.0 -51.16945347639677,-22.967145834612552,0.0 -51.103707459931286,-22.945126614201854,0.0 -51.087015173111695,-22.950175776890546,0.0 -51.033852051630845,-22.933774201318272,0.0 -51.0108087938907,-22.944521624972992,0.0 -50.97948558958825,-22.9371317374397,0.0</coordinates>
                            </LinearRing>
                        </outerBoundaryIs>
                    </Polygon>
                </Placemark>
                <Placemark id="23007">
                    <name>SIQUEIRA CAMPOS / PR
POPULAÇÃO: 18.825</name>
                    <description>DISTRIBUIDOR: FILIAL LONDRINA
CONTATO DISTRIBUIDOR: (19) 3208-1334
RESPONSÁVEL: Wanessa Fabrina
CONTATO RESPONSÁVEL: 11 9 8991-3766
ENDEREÇO: Em Branco</description>
                    <styleUrl>#22015</styleUrl>
                    <Polygon id="23006">
                        <tessellate>1</tessellate>
                        <outerBoundaryIs>
                            <LinearRing id="23010">
                                <coordinates>-49.65236791095026,-23.54670964013775,0.0 -49.67302809656934,-23.600133753869613,0.0 -49.70458272611188,-23.59943714890528,0.0 -49.780594000112956,-23.612097301049573,0.0 -49.784497451695984,-23.629625999640155,0.0 -49.747909412889044,-23.658022724569037,0.0 -49.738109085965505,-23.714137994772614,0.0 -49.762447582389996,-23.737099532017737,0.0 -49.82562722061971,-23.765641098158085,0.0 -49.86017064356031,-23.71673166923108,0.0 -49.850438407006834,-23.692577313492166,0.0 -49.873350363728264,-23.637320664716867,0.0 -49.90266654652385,-23.60048627372248,0.0 -49.877603478917365,-23.607330440947067,0.0 -49.850290637602825,-23.571405869784996,0.0 -49.8186772634449,-23.558893371032184,0.0 -49.73706148729775,-23.560315639854878,0.0 -49.674114811249524,-23.555391697868515,0.0 -49.65236791095026,-23.54670964013775,0.0</coordinates>
                            </LinearRing>
                        </outerBoundaryIs>
                    </Polygon>
                </Placemark>
                <Placemark id="23013">
                    <name>TAMARANA / PR
POPULAÇÃO: 12.647</name>
                    <description>DISTRIBUIDOR: FILIAL LONDRINA
CONTATO DISTRIBUIDOR: (16) 3434-5800
RESPONSÁVEL: Wanessa Fabrina
CONTATO RESPONSÁVEL: 11 9 8991-3766
ENDEREÇO: Em Branco</description>
                    <styleUrl>#22015</styleUrl>
                    <Polygon id="23012">
                        <tessellate>1</tessellate>
                        <outerBoundaryIs>
                            <LinearRing id="23016">
                                <coordinates>-50.89410532959727,-23.743657050232628,0.0 -50.87557607137853,-23.76700534901761,0.0 -50.89906282798705,-23.79556084475712,0.0 -50.96091929728772,-23.86699118899213,0.0 -50.951450286901206,-23.88389744431157,0.0 -51.01651021867161,-23.918675194604475,0.0 -51.028174850988535,-23.90825662963971,0.0 -51.06975476836783,-23.91652660901576,0.0 -51.08190051729497,-23.90595671423091,0.0 -51.1238681953609,-23.926448628601293,0.0 -51.17384441179013,-23.924005432304796,0.0 -51.16909823969195,-23.893551442545004,0.0 -51.18397863540565,-23.8714005910644,0.0 -51.17845913538076,-23.839533350883414,0.0 -51.186007326976494,-23.81518417950622,0.0 -51.157188072671374,-23.79197734228046,0.0 -51.14586938616321,-23.766373604957835,0.0 -51.11633307900837,-23.703059590028033,0.0 -51.00306610681531,-23.75850033092547,0.0 -50.95770192230583,-23.745976693169837,0.0 -50.90252933765879,-23.75143065689923,0.0 -50.89410532959727,-23.743657050232628,0.0</coordinates>
                            </LinearRing>
                        </outerBoundaryIs>
                    </Polygon>
                </Placemark>
                <Placemark id="23019">
                    <name>TAMBOARA / PR
POPULAÇÃO: 4.726</name>
                    <description>DISTRIBUIDOR: FILIAL LONDRINA
CONTATO DISTRIBUIDOR: Em Branco
RESPONSÁVEL: Em Branco
CONTATO RESPONSÁVEL: Em Branco
ENDEREÇO: Em Branco</description>
                    <styleUrl>#22015</styleUrl>
                    <Polygon id="23018">
                        <tessellate>1</tessellate>
                        <outerBoundaryIs>
                            <LinearRing id="23022">
                                <coordinates>-52.420914802975744,-23.141060001817607,0.0 -52.42051961478836,-23.234107913049684,0.0 -52.42076010339599,-23.250781726895127,0.0 -52.42124061925915,-23.266074059770006,0.0 -52.54688172681023,-23.26782945546495,0.0 -52.546943094747974,-23.179283145700595,0.0 -52.546916888503574,-23.13092364590949,0.0 -52.42111474205166,-23.13099115351889,0.0 -52.420914802975744,-23.141060001817607,0.0</coordinates>
                            </LinearRing>
                        </outerBoundaryIs>
                    </Polygon>
                </Placemark>
                <Placemark id="23025">
                    <name>TEIXEIRA SOARES / PR
POPULAÇÃO: 10.599</name>
                    <description>DISTRIBUIDOR: FILIAL LONDRINA
CONTATO DISTRIBUIDOR: 11 3933-3033
RESPONSÁVEL: Florindo Sontini
CONTATO RESPONSÁVEL: 11 98285-0724
ENDEREÇO: Em Branco</description>
                    <styleUrl>#22015</styleUrl>
                    <Polygon id="23024">
                        <tessellate>1</tessellate>
                        <outerBoundaryIs>
                            <LinearRing id="23028">
                                <coordinates>-50.37061340738279,-25.0970109827706,0.0 -50.32205320679003,-25.135242767339776,0.0 -50.273470139135554,-25.14648144206484,0.0 -50.280502080306746,-25.211830473497514,0.0 -50.266799937666974,-25.23690958770726,0.0 -50.27614761781825,-25.28858185087165,0.0 -50.28738736093794,-25.318879300139542,0.0 -50.27704769259691,-25.376997700483457,0.0 -50.30519225032208,-25.380432155619417,0.0 -50.321381531932104,-25.415335532208985,0.0 -50.3482669353707,-25.425828014251408,0.0 -50.341473730028554,-25.453983454672652,0.0 -50.358398520375374,-25.527673909423356,0.0 -50.408527680008376,-25.525753956679694,0.0 -50.43111258028131,-25.502383430251086,0.0 -50.42960397654224,-25.476291141622823,0.0 -50.531148422561614,-25.46562804919506,0.0 -50.50934836783284,-25.435762067665223,0.0 -50.54119457646851,-25.411206753688703,0.0 -50.55317290220762,-25.376681792031036,0.0 -50.54693516852319,-25.334206392710826,0.0 -50.564098657826776,-25.309109610420137,0.0 -50.57549059951151,-25.243568514375397,0.0 -50.54314005466972,-25.214722709385512,0.0 -50.49188893682492,-25.20723356008068,0.0 -50.44848743274878,-25.21502212966749,0.0 -50.43097527718726,-25.2142899358318,0.0 -50.41003158209179,-25.16895479222984,0.0 -50.38716505552287,-25.150951987244355,0.0 -50.39405736075855,-25.118976492970717,0.0 -50.37061340738279,-25.0970109827706,0.0</coordinates>
                            </LinearRing>
                        </outerBoundaryIs>
                    </Polygon>
                </Placemark>
                <Placemark id="23031">
                    <name>TELÊMACO BORBA / PR
POPULAÇÃO: 71.176</name>
                    <description>DISTRIBUIDOR: FILIAL LONDRINA
CONTATO DISTRIBUIDOR: (16) 3236-3049
RESPONSÁVEL: Celso Chaves
CONTATO RESPONSÁVEL: 14 9 8808-5285
ENDEREÇO: Em Branco</description>
                    <styleUrl>#22015</styleUrl>
                    <Polygon id="23030">
                        <tessellate>1</tessellate>
                        <outerBoundaryIs>
                            <LinearRing id="23034">
                                <coordinates>-50.33061810893855,-24.1225863304947,0.0 -50.35994560340686,-24.16875445405475,0.0 -50.33316284049266,-24.216487108393267,0.0 -50.35102678745625,-24.246296578324404,0.0 -50.30016387006651,-24.26567594408948,0.0 -50.26883379044705,-24.293658841482284,0.0 -50.30448945622339,-24.330863571496593,0.0 -50.359215559850156,-24.375846853549433,0.0 -50.372035278705084,-24.399178540956882,0.0 -50.42943447322233,-24.419859600739926,0.0 -50.44420170454498,-24.444111724476443,0.0 -50.481298996151736,-24.470533771116607,0.0 -50.510145535887716,-24.439957611154796,0.0 -50.53070406484068,-24.43645239106496,0.0 -50.54951370469365,-24.409968850581947,0.0 -50.582736147655055,-24.419514370791546,0.0 -50.604905476606405,-24.394678303760656,0.0 -50.66817126988815,-24.382757112850413,0.0 -50.68278974704913,-24.38766409272364,0.0 -50.72334655609865,-24.313862809121304,0.0 -50.708060862918444,-24.261191500787106,0.0 -50.6788709638239,-24.229949674337945,0.0 -50.74040293524723,-24.140782567061763,0.0 -50.71032445650843,-24.133468046313226,0.0 -50.71981419446945,-24.11024337193402,0.0 -50.69291949294018,-24.036635309471933,0.0 -50.66061263986143,-24.071923686728724,0.0 -50.62087737139353,-24.077820379506875,0.0 -50.59841838070366,-24.067762441783202,0.0 -50.53947119933633,-24.06825493751529,0.0 -50.48193852834038,-24.103730261342434,0.0 -50.383486733925565,-24.10452029687417,0.0 -50.33061810893855,-24.1225863304947,0.0</coordinates>
                            </LinearRing>
                        </outerBoundaryIs>
                    </Polygon>
                </Placemark>
                <Placemark id="23037">
                    <name>TERRA RICA / PR
POPULAÇÃO: 15.437</name>
                    <description>DISTRIBUIDOR: FILIAL LONDRINA
CONTATO DISTRIBUIDOR: (18) 3908-4008
RESPONSÁVEL: Celso Chaves
CONTATO RESPONSÁVEL: 14 9 8808-5285
ENDEREÇO: Em Branco</description>
                    <styleUrl>#22015</styleUrl>
                    <Polygon id="23036">
                        <tessellate>1</tessellate>
                        <outerBoundaryIs>
                            <LinearRing id="23040">
                                <coordinates>-52.53781047847076,-22.61599652601882,0.0 -52.569611273141675,-22.67077122361303,0.0 -52.5590490001112,-22.766358595472752,0.0 -52.594826613057705,-22.872748003217737,0.0 -52.65858612155222,-22.858842268455874,0.0 -52.713777670203285,-22.86441507399644,0.0 -52.737215470417595,-22.85776641668673,0.0 -52.760299069946086,-22.82769415945785,0.0 -52.78035437155694,-22.845346312482263,0.0 -52.81196218790461,-22.802593424646773,0.0 -52.84929011514663,-22.78242955238187,0.0 -52.843747874864505,-22.751436046736103,0.0 -52.81573600131537,-22.70936621827633,0.0 -52.800968810462166,-22.703265642895076,0.0 -52.778407509299086,-22.662290507001273,0.0 -52.78911232847116,-22.636818425030242,0.0 -52.782864229200754,-22.602061630739627,0.0 -52.726904259324044,-22.625242309385044,0.0 -52.697105379809386,-22.627006574194013,0.0 -52.66303732231455,-22.611917584329035,0.0 -52.58934444209228,-22.5660965936828,0.0 -52.53781047847076,-22.61599652601882,0.0</coordinates>
                            </LinearRing>
                        </outerBoundaryIs>
                    </Polygon>
                </Placemark>
                <Placemark id="23043">
                    <name>TIBAGI / PR
POPULAÇÃO: 19.482</name>
                    <description>DISTRIBUIDOR: FILIAL LONDRINA
CONTATO DISTRIBUIDOR: (13) 34734113 
RESPONSÁVEL: Wanessa Fabrina
CONTATO RESPONSÁVEL: 11 9 8991-3766
ENDEREÇO: Em Branco</description>
                    <styleUrl>#22015</styleUrl>
                    <Polygon id="23042">
                        <tessellate>1</tessellate>
                        <outerBoundaryIs>
                            <LinearRing id="23046">
                                <coordinates>-50.20971712554484,-24.424781980603882,0.0 -50.18010981421651,-24.44985831321054,0.0 -50.10291469965364,-24.49052432513747,0.0 -50.098643056631715,-24.52063729467534,0.0 -50.13481806739986,-24.541095738977106,0.0 -50.167219057913144,-24.552632662167582,0.0 -50.167552697399,-24.61087704224167,0.0 -50.15622039605438,-24.629890559301828,0.0 -50.18999931791416,-24.653341610127143,0.0 -50.158444960866234,-24.691412398063676,0.0 -50.1943005414368,-24.728665546677576,0.0 -50.24632846578601,-24.765234848109685,0.0 -50.304912903807406,-24.783558149888677,0.0 -50.295495666491775,-24.819497462737672,0.0 -50.32658282393811,-24.845365279683847,0.0 -50.35680137388425,-24.84490214142062,0.0 -50.32325760225649,-24.89237820299161,0.0 -50.3618718280224,-24.913093001740606,0.0 -50.38602669367691,-24.952784177347837,0.0 -50.39124468159673,-24.979493060955974,0.0 -50.43027521073236,-25.00433110559601,0.0 -50.46936876615558,-24.994597395053688,0.0 -50.49785792430373,-24.974285481789536,0.0 -50.527184611180814,-24.937899017025984,0.0 -50.43803956067717,-24.804196106065376,0.0 -50.489319460424724,-24.809864291903523,0.0 -50.61728485321339,-24.884872514255107,0.0 -50.651617886955876,-24.850302917445617,0.0 -50.71406292656275,-24.85498905350198,0.0 -50.74972093417375,-24.831426194463234,0.0 -50.77831155203643,-24.853140128314237,0.0 -50.82061665213672,-24.845911465841425,0.0 -50.84978572383204,-24.856418524095545,0.0 -50.87589322719066,-24.831921496080156,0.0 -50.86309567392618,-24.79427772783481,0.0 -50.83550600419869,-24.78241781493017,0.0 -50.81081168651008,-24.747013055508035,0.0 -50.786235700716986,-24.753206581218706,0.0 -50.76908498448438,-24.709128619689977,0.0 -50.7829845031323,-24.687498376748636,0.0 -50.76062747847533,-24.640273931097,0.0 -50.736835423615844,-24.62103623733242,0.0 -50.750150877560884,-24.589021974184732,0.0 -50.7199189807763,-24.559856051915233,0.0 -50.682437268565025,-24.513360174032755,0.0 -50.655063275149985,-24.453103043770398,0.0 -50.655949424826076,-24.427431287124136,0.0 -50.61674993286306,-24.41603644512577,0.0 -50.604905476606405,-24.394678303760656,0.0 -50.582736147655055,-24.419514370791546,0.0 -50.54951370469365,-24.409968850581947,0.0 -50.53070406484068,-24.43645239106496,0.0 -50.510145535887716,-24.439957611154796,0.0 -50.481298996151736,-24.470533771116607,0.0 -50.44420170454498,-24.444111724476443,0.0 -50.42943447322233,-24.419859600739926,0.0 -50.372035278705084,-24.399178540956882,0.0 -50.359215559850156,-24.375846853549433,0.0 -50.311517979071425,-24.362239945517047,0.0 -50.24616714090081,-24.419719102354634,0.0 -50.20971712554484,-24.424781980603882,0.0</coordinates>
                            </LinearRing>
                        </outerBoundaryIs>
                    </Polygon>
                </Placemark>
                <Placemark id="23049">
                    <name>TOMAZINA / PR
POPULAÇÃO: 8.619</name>
                    <description>DISTRIBUIDOR: FILIAL LONDRINA
CONTATO DISTRIBUIDOR: 11 3933-3033
RESPONSÁVEL: Florindo Sontini
CONTATO RESPONSÁVEL: 11 98285-0724
ENDEREÇO: Em Branco</description>
                    <styleUrl>#22015</styleUrl>
                    <Polygon id="23048">
                        <tessellate>1</tessellate>
                        <outerBoundaryIs>
                            <LinearRing id="23052">
                                <coordinates>-50.038421669024785,-23.548687249317084,0.0 -50.024334559892,-23.566699691437577,0.0 -49.95371461993375,-23.59936059591473,0.0 -49.90266654652385,-23.60048627372248,0.0 -49.873350363728264,-23.637320664716867,0.0 -49.850438407006834,-23.692577313492166,0.0 -49.86017064356031,-23.71673166923108,0.0 -49.82562722061971,-23.765641098158085,0.0 -49.881484731635,-23.833154936251276,0.0 -49.92349945143849,-23.843793251457328,0.0 -49.96478378594293,-23.869694424258228,0.0 -49.973112741959426,-23.902144347783405,0.0 -50.059337628129015,-23.891149653733464,0.0 -50.01998716067891,-23.73809621826581,0.0 -50.00690929143059,-23.719526816109635,0.0 -50.03816440446366,-23.692643230200872,0.0 -50.0491920649618,-23.651339089027715,0.0 -50.08723664845252,-23.60201433609268,0.0 -50.09430142567021,-23.562370677065076,0.0 -50.08277794194839,-23.53708966415661,0.0 -50.038421669024785,-23.548687249317084,0.0</coordinates>
                            </LinearRing>
                        </outerBoundaryIs>
                    </Polygon>
                </Placemark>
                <Placemark id="23055">
                    <name>TURVO / PR
POPULAÇÃO: 13.628</name>
                    <description>DISTRIBUIDOR: FILIAL LONDRINA
CONTATO DISTRIBUIDOR: Em Branco
RESPONSÁVEL: Em Branco
CONTATO RESPONSÁVEL: Em Branco
ENDEREÇO: Em Branco</description>
                    <styleUrl>#22015</styleUrl>
                    <Polygon id="23054">
                        <tessellate>1</tessellate>
                        <outerBoundaryIs>
                            <LinearRing id="23058">
                                <coordinates>-51.332849850140406,-24.759622541646934,0.0 -51.31618266879508,-24.781961363126356,0.0 -51.365677558172706,-24.808940723235764,0.0 -51.37151080467987,-24.874127857814358,0.0 -51.39337631926168,-24.87735267018951,0.0 -51.399602298807,-24.909507571117445,0.0 -51.36957730275026,-24.928586456299854,0.0 -51.343376140396515,-24.92686269605656,0.0 -51.32793124473113,-24.948030477024872,0.0 -51.32943954539866,-25.016649218586508,0.0 -51.297720353411535,-25.06545199331481,0.0 -51.29435620097786,-25.10771304192332,0.0 -51.38638837112637,-25.113289286471343,0.0 -51.41977507615877,-25.15066749840628,0.0 -51.453645421299086,-25.14214146315794,0.0 -51.559039886581445,-25.17698627769454,0.0 -51.62129867479399,-25.159051677293007,0.0 -51.60627138471659,-25.12489417142882,0.0 -51.650960313267774,-25.09269204440227,0.0 -51.671021952401134,-25.094001515757327,0.0 -51.702937255050244,-25.07126354727484,0.0 -51.730353905108586,-25.07996072170988,0.0 -51.77466954306493,-25.05443312279033,0.0 -51.772873478228405,-25.02366476511679,0.0 -51.749506504121825,-25.042246801848364,0.0 -51.692309945747354,-25.046005845693173,0.0 -51.66410052711757,-25.061562272580773,0.0 -51.642559375514736,-25.016567032242676,0.0 -51.61968005519037,-24.98491113993714,0.0 -51.58835254493397,-24.982072154706145,0.0 -51.56876315149822,-24.96369834969903,0.0 -51.519098508789114,-24.943544669450887,0.0 -51.44543407232453,-24.85839391914402,0.0 -51.4596533979859,-24.837019784235622,0.0 -51.41012903602615,-24.756331131776278,0.0 -51.37418336407097,-24.773289938080154,0.0 -51.332849850140406,-24.759622541646934,0.0</coordinates>
                            </LinearRing>
                        </outerBoundaryIs>
                    </Polygon>
                </Placemark>
                <Placemark id="23061">
                    <name>UNIFLOR / PR
POPULAÇÃO: 2.482</name>
                    <description>DISTRIBUIDOR: FILIAL LONDRINA
CONTATO DISTRIBUIDOR: (16) 3236-3049
RESPONSÁVEL: Celso Chaves
CONTATO RESPONSÁVEL: 14 9 8808-5285
ENDEREÇO: Em Branco</description>
                    <styleUrl>#22015</styleUrl>
                    <Polygon id="23060">
                        <tessellate>1</tessellate>
                        <outerBoundaryIs>
                            <LinearRing id="23064">
                                <coordinates>-52.03688896575312,-23.02206901027654,0.0 -52.02748113084948,-23.059634068957052,0.0 -52.08281178663458,-23.09051263944673,0.0 -52.1330495043311,-23.107020601219745,0.0 -52.153624250758526,-23.10399586551671,0.0 -52.18618537905195,-23.10724910006587,0.0 -52.18238703123649,-23.04253988950427,0.0 -52.16289326541181,-23.066385827244062,0.0 -52.0568268204014,-23.021684901736762,0.0 -52.03688896575312,-23.02206901027654,0.0</coordinates>
                            </LinearRing>
                        </outerBoundaryIs>
                    </Polygon>
                </Placemark>
                <Placemark id="23067">
                    <name>URAÍ / PR
POPULAÇÃO: 11.411</name>
                    <description>DISTRIBUIDOR: FILIAL LONDRINA
CONTATO DISTRIBUIDOR: Em Branco
RESPONSÁVEL: Em Branco
CONTATO RESPONSÁVEL: Em Branco
ENDEREÇO: Em Branco</description>
                    <styleUrl>#22015</styleUrl>
                    <Polygon id="23066">
                        <tessellate>1</tessellate>
                        <outerBoundaryIs>
                            <LinearRing id="23070">
                                <coordinates>-50.80200999646411,-23.136729010735223,0.0 -50.80260537373897,-23.1656128489538,0.0 -50.78325633131459,-23.17182275041955,0.0 -50.735948161478404,-23.250899867235034,0.0 -50.760839678008665,-23.28751614475425,0.0 -50.80204473727474,-23.30517152814349,0.0 -50.84562576851437,-23.282934956882684,0.0 -50.90029389914412,-23.282529439082282,0.0 -50.90328187955504,-23.14733128291232,0.0 -50.871392177007294,-23.146787925122624,0.0 -50.855123532025345,-23.11151205293885,0.0 -50.842670464969956,-23.110331890604243,0.0 -50.80200999646411,-23.136729010735223,0.0</coordinates>
                            </LinearRing>
                        </outerBoundaryIs>
                    </Polygon>
                </Placemark>
                <Placemark id="23073">
                    <name>VENTANIA / PR
POPULAÇÃO: 10.249</name>
                    <description>DISTRIBUIDOR: FILIAL LONDRINA
CONTATO DISTRIBUIDOR: (13) 3821-4700
RESPONSÁVEL: Wanessa Fabrina
CONTATO RESPONSÁVEL: 11 9 8991-3766
ENDEREÇO: Em Branco</description>
                    <styleUrl>#22015</styleUrl>
                    <Polygon id="23072">
                        <tessellate>1</tessellate>
                        <outerBoundaryIs>
                            <LinearRing id="23076">
                                <coordinates>-50.22081698271751,-23.99745605765088,0.0 -50.18178064306221,-24.028865960195844,0.0 -50.13191509090865,-24.047650729297686,0.0 -50.1075326113409,-24.076920016045847,0.0 -50.096692579998546,-24.119686801104933,0.0 -50.12081883012485,-24.142992953162207,0.0 -50.184712631682544,-24.172760195426633,0.0 -50.20597049054567,-24.244293539015587,0.0 -50.18505160414816,-24.29059821023918,0.0 -50.193248555876096,-24.330210999138274,0.0 -50.170022693492456,-24.35132826158997,0.0 -50.20971712554484,-24.424781980603882,0.0 -50.24616714090081,-24.419719102354634,0.0 -50.311517979071425,-24.362239945517047,0.0 -50.359215559850156,-24.375846853549433,0.0 -50.30448945622339,-24.330863571496593,0.0 -50.26883379044705,-24.293658841482284,0.0 -50.30016387006651,-24.26567594408948,0.0 -50.35102678745625,-24.246296578324404,0.0 -50.33316284049266,-24.216487108393267,0.0 -50.35994560340686,-24.16875445405475,0.0 -50.33061810893855,-24.1225863304947,0.0 -50.344395093158994,-24.06675847642248,0.0 -50.33631804803946,-24.02499267277358,0.0 -50.31003547185952,-24.02202324627575,0.0 -50.28898350648359,-23.988227904594055,0.0 -50.29032016884065,-23.95899256815244,0.0 -50.268485730332145,-23.954907535354437,0.0 -50.23249554373433,-23.97133550243143,0.0 -50.22081698271751,-23.99745605765088,0.0</coordinates>
                            </LinearRing>
                        </outerBoundaryIs>
                    </Polygon>
                </Placemark>
                <Placemark id="23079">
                    <name>WENCESLAU BRAZ / PR
POPULAÇÃO: 19.259</name>
                    <description>DISTRIBUIDOR: FILIAL LONDRINA
CONTATO DISTRIBUIDOR: 11 3933-3033
RESPONSÁVEL: Florindo Sontini
CONTATO RESPONSÁVEL: 11 98285-0724
ENDEREÇO: Em Branco</description>
                    <styleUrl>#22015</styleUrl>
                    <Polygon id="23078">
                        <tessellate>1</tessellate>
                        <outerBoundaryIs>
                            <LinearRing id="23082">
                                <coordinates>-49.762447582389996,-23.737099532017737,0.0 -49.73812391938333,-23.74762797974745,0.0 -49.69651016321342,-23.7426690091674,0.0 -49.6780008033943,-23.826279810764618,0.0 -49.672620038184164,-23.845917430345082,0.0 -49.70660735724368,-23.873767982606296,0.0 -49.73881394400826,-23.883152053824176,0.0 -49.76778726836773,-23.91704350695221,0.0 -49.738957042333595,-23.93831986307117,0.0 -49.71921982013856,-23.967340782251256,0.0 -49.771669119134515,-24.00373088117516,0.0 -49.79302714268846,-24.003827891044295,0.0 -49.82925062151895,-23.978858468943145,0.0 -49.830293358451684,-23.936271472750207,0.0 -49.85341495973256,-23.900839328072493,0.0 -49.87009510030862,-23.89765771283311,0.0 -49.92349945143849,-23.843793251457328,0.0 -49.881484731635,-23.833154936251276,0.0 -49.82562722061971,-23.765641098158085,0.0 -49.762447582389996,-23.737099532017737,0.0</coordinates>
                            </LinearRing>
                        </outerBoundaryIs>
                    </Polygon>
                </Placemark>
            </Folder>
        </Folder>
        <Folder id="23084">
            <name>FILIAL SAO PAULO</name>
            <Folder id="23085">
                <Style id="23086">
                    <LineStyle id="23087">
                        <color>FFFFFFFF</color>
                        <colorMode>normal</colorMode>
                        <width>0.2</width>
                    </LineStyle>
                    <PolyStyle id="23088">
                        <color>c8cc6b3d</color>
                        <colorMode>normal</colorMode>
                        <fill>1</fill>
                        <outline>1</outline>
                    </PolyStyle>
                </Style>
                <Style id="23089">
                    <LineStyle id="23090">
                        <color>FFFFFFFF</color>
                        <colorMode>normal</colorMode>
                        <width>0.8</width>
                    </LineStyle>
                    <PolyStyle id="23091">
                        <color>c8cc6b3d</color>
                        <colorMode>normal</colorMode>
                        <fill>1</fill>
                        <outline>1</outline>
                    </PolyStyle>
                </Style>
                <StyleMap id="23092">
                    <Pair>
                        <key>normal</key>
                        <styleUrl>#23086</styleUrl>
                    </Pair>
                    <Pair>
                        <key>highlight</key>
                        <styleUrl>#23089</styleUrl>
                    </Pair>
                </StyleMap>
                <name>FILIAL SÃO PAULO</name>
                <Placemark id="23094">
                    <name>ARUJÁ / SP
POPULAÇÃO: 77.279</name>
                    <description>DISTRIBUIDOR: FILIAL SÃO PAULO
CONTATO DISTRIBUIDOR: Em Branco
RESPONSÁVEL: Em Branco
CONTATO RESPONSÁVEL: Em Branco
ENDEREÇO: Em Branco</description>
                    <styleUrl>#23092</styleUrl>
                    <Polygon id="23093">
                        <tessellate>1</tessellate>
                        <outerBoundaryIs>
                            <LinearRing id="23097">
                                <coordinates>-46.24767800003963,-23.405621000109022,0.0 -46.24983057681965,-23.415263543677554,0.0 -46.255510085122296,-23.41778244310524,0.0 -46.26036261284429,-23.426469308611672,0.0 -46.270599189201164,-23.429883076642625,0.0 -46.284646224543565,-23.435272577867124,0.0 -46.3029939995734,-23.42457900022066,0.0 -46.31127560358618,-23.423150277862987,0.0 -46.322318102898066,-23.42551255765835,0.0 -46.34899799955798,-23.419970999961606,0.0 -46.35445899958313,-23.422665000089637,0.0 -46.35842099972933,-23.437278000379365,0.0 -46.36679099990465,-23.430137000222317,0.0 -46.36719140595858,-23.422850728078572,0.0 -46.37760699956334,-23.401525000078664,0.0 -46.368580999713345,-23.394220999599384,0.0 -46.37091200018864,-23.384159999684186,0.0 -46.36996499968495,-23.365082000333985,0.0 -46.357395285164216,-23.357088438380686,0.0 -46.34720100032587,-23.3480120000537,0.0 -46.339864285208535,-23.335107261990515,0.0 -46.33653600043601,-23.33475999957426,0.0 -46.334536999982504,-23.331968000322888,0.0 -46.30540080120596,-23.32147875494053,0.0 -46.29923885159167,-23.32447529689739,0.0 -46.294512999675135,-23.333550000432126,0.0 -46.291725999755045,-23.345994999669472,0.0 -46.294336999652785,-23.369398999763973,0.0 -46.2747080000741,-23.388530999805766,0.0 -46.26102999973466,-23.39966000040863,0.0 -46.25620600030663,-23.406249000291098,0.0 -46.24767800003963,-23.405621000109022,0.0</coordinates>
                            </LinearRing>
                        </outerBoundaryIs>
                    </Polygon>
                </Placemark>
                <Placemark id="23100">
                    <name>BARUERI / SP
POPULAÇÃO: 245.652</name>
                    <description>DISTRIBUIDOR: FILIAL SÃO PAULO
CONTATO DISTRIBUIDOR: Em Branco
RESPONSÁVEL: Em Branco
CONTATO RESPONSÁVEL: Em Branco
ENDEREÇO: Em Branco</description>
                    <styleUrl>#23092</styleUrl>
                    <Polygon id="23099">
                        <tessellate>1</tessellate>
                        <outerBoundaryIs>
                            <LinearRing id="23103">
                                <coordinates>-46.8173899996487,-23.52071699998953,0.0 -46.82817599972259,-23.517213000279696,0.0 -46.83504399988067,-23.511007000072937,0.0 -46.846991999581064,-23.516161000329873,0.0 -46.8544289998984,-23.516554999613504,0.0 -46.86017599962264,-23.52255300012081,0.0 -46.86246068051594,-23.5304818990204,0.0 -46.86062799978231,-23.544836999827623,0.0 -46.87255600035911,-23.550407000382734,0.0 -46.87635619897935,-23.548456977907165,0.0 -46.88644062803252,-23.55318807466989,0.0 -46.89067050923654,-23.55010113376028,0.0 -46.89462600008977,-23.538464000013562,0.0 -46.891784404126895,-23.531494529349004,0.0 -46.89410600039156,-23.52579700043117,0.0 -46.903197999687904,-23.51954099971732,0.0 -46.914423000221234,-23.518571999997732,0.0 -46.915190999664844,-23.512473000228738,0.0 -46.9296009995864,-23.51318299969563,0.0 -46.94547200033253,-23.50475300035066,0.0 -46.954947000203845,-23.50459800039738,0.0 -46.9645299996597,-23.49865100044326,0.0 -46.953253000325674,-23.48382900040798,0.0 -46.93657900032059,-23.487839000069755,0.0 -46.91971000031623,-23.487071999772922,0.0 -46.91258700008996,-23.491304999825843,0.0 -46.89897695522228,-23.491073954998967,0.0 -46.88866884768913,-23.484126023097417,0.0 -46.88836299995245,-23.474694000028023,0.0 -46.880743000189284,-23.47217299978405,0.0 -46.877616413566614,-23.480080807782997,0.0 -46.8697340581802,-23.477381957611215,0.0 -46.86163138867761,-23.482877575239854,0.0 -46.84866200015114,-23.480916000073307,0.0 -46.83531599983348,-23.48459699985159,0.0 -46.82091700041917,-23.480546000097775,0.0 -46.814858999842954,-23.485629999824596,0.0 -46.808173495510346,-23.48459983451471,0.0 -46.80642799955251,-23.475890000323204,0.0 -46.80069100028936,-23.470355999629646,0.0 -46.799527999717384,-23.471383000225217,0.0 -46.8069206391761,-23.49308266813057,0.0 -46.811833860344336,-23.497992414318446,0.0 -46.808455000397885,-23.509950999938667,0.0 -46.8173899996487,-23.52071699998953,0.0</coordinates>
                            </LinearRing>
                        </outerBoundaryIs>
                    </Polygon>
                </Placemark>
                <Placemark id="23106">
                    <name>CARAPICUÍBA / SP
POPULAÇÃO: 373.358</name>
                    <description>DISTRIBUIDOR: FILIAL SÃO PAULO
CONTATO DISTRIBUIDOR: Em Branco
RESPONSÁVEL: Em Branco
CONTATO RESPONSÁVEL: Em Branco
ENDEREÇO: Em Branco</description>
                    <styleUrl>#23092</styleUrl>
                    <Polygon id="23105">
                        <tessellate>1</tessellate>
                        <outerBoundaryIs>
                            <LinearRing id="23109">
                                <coordinates>-46.8173899996487,-23.52071699998953,0.0 -46.817766999947025,-23.541802000162136,0.0 -46.821827000115945,-23.548868999604622,0.0 -46.820613999936086,-23.55882299998143,0.0 -46.81443383455377,-23.569438358193622,0.0 -46.81733226856932,-23.581855904726183,0.0 -46.82481474490453,-23.58385461739664,0.0 -46.83462100015896,-23.576724999958742,0.0 -46.84322423770834,-23.57723578700194,0.0 -46.84784100006203,-23.58279600113451,0.0 -46.85624800014506,-23.581638000793077,0.0 -46.86773700026231,-23.57593200026156,0.0 -46.87595599976953,-23.56528000007188,0.0 -46.87145066611532,-23.561496981200662,0.0 -46.87241800029045,-23.554284000206394,0.0 -46.86358999967871,-23.554688999997325,0.0 -46.86062799978231,-23.544836999827623,0.0 -46.86246068051594,-23.5304818990204,0.0 -46.86017599962264,-23.52255300012081,0.0 -46.8544289998984,-23.516554999613504,0.0 -46.846991999581064,-23.516161000329873,0.0 -46.83504399988067,-23.511007000072937,0.0 -46.82817599972259,-23.517213000279696,0.0 -46.8173899996487,-23.52071699998953,0.0</coordinates>
                            </LinearRing>
                        </outerBoundaryIs>
                    </Polygon>
                </Placemark>
                <Placemark id="23112">
                    <name>COTIA / SP
POPULAÇÃO: 209.027</name>
                    <description>DISTRIBUIDOR: FILIAL SÃO PAULO
CONTATO DISTRIBUIDOR: Em Branco
RESPONSÁVEL: Em Branco
CONTATO RESPONSÁVEL: Em Branco
ENDEREÇO: Em Branco</description>
                    <styleUrl>#23092</styleUrl>
                    <Polygon id="23111">
                        <tessellate>1</tessellate>
                        <outerBoundaryIs>
                            <LinearRing id="23115">
                                <coordinates>-46.87595599976953,-23.56528000007188,0.0 -46.86773700026231,-23.57593200026156,0.0 -46.85624800014506,-23.581638000793077,0.0 -46.84784100006203,-23.58279600113451,0.0 -46.84322423770834,-23.57723578700194,0.0 -46.83462100015896,-23.576724999958742,0.0 -46.82481474490453,-23.58385461739664,0.0 -46.81733226856932,-23.581855904726183,0.0 -46.81331999991801,-23.593539000124736,0.0 -46.81764699980914,-23.59892700038074,0.0 -46.80777499961647,-23.609067000341724,0.0 -46.81017299958421,-23.610109999876556,0.0 -46.81873499962052,-23.613442999794586,0.0 -46.82256199983641,-23.619054999588514,0.0 -46.83683199959705,-23.626406000436532,0.0 -46.854077999899744,-23.619770000185326,0.0 -46.858141000206956,-23.612403000398103,0.0 -46.86946800004813,-23.623949999592753,0.0 -46.87977000028525,-23.619307000417678,0.0 -46.88778400023136,-23.62446299986749,0.0 -46.90695800041135,-23.6327770001584,0.0 -46.9097329997781,-23.644235999791533,0.0 -46.91828900043697,-23.656815999858452,0.0 -46.914549999782594,-23.662159999884068,0.0 -46.90335999996398,-23.664815000012197,0.0 -46.901558999648046,-23.669275999787487,0.0 -46.88745200020958,-23.66784799958549,0.0 -46.89748199959456,-23.677436000171213,0.0 -46.90019599974556,-23.69931600013325,0.0 -46.90374100044676,-23.711668999624578,0.0 -46.90974400028534,-23.719947000053992,0.0 -46.930749000366006,-23.73226799986827,0.0 -46.93398600035357,-23.73874499998169,0.0 -46.927490000263276,-23.749762999962456,0.0 -46.92942699965624,-23.758088999907386,0.0 -46.93579200000073,-23.765902999623677,0.0 -46.93782800036189,-23.776629999674697,0.0 -46.9423860001138,-23.786825000373426,0.0 -46.950797000381215,-23.792680999728304,0.0 -46.958533000097816,-23.792119999937995,0.0 -46.96602800039187,-23.783026999696233,0.0 -46.968107000038,-23.774760999820217,0.0 -46.982193000306665,-23.78399700036124,0.0 -46.981007999619464,-23.7952129995802,0.0 -46.98892400044224,-23.80081199967401,0.0 -47.000714000051005,-23.801552999671173,0.0 -47.00992600038455,-23.791325000148618,0.0 -47.019318000025635,-23.788505999652102,0.0 -47.02659200002074,-23.771393000086846,0.0 -47.031895512567814,-23.769514286654953,0.0 -47.03606849456531,-23.748426546248083,0.0 -47.032251278074,-23.741040549181946,0.0 -47.03438551228152,-23.735577143470323,0.0 -47.04413943958343,-23.73678904917523,0.0 -47.04984610021734,-23.731124713334793,0.0 -47.05132130673286,-23.724131888176032,0.0 -47.06226270156236,-23.70896006265673,0.0 -47.06000276911249,-23.699315427265105,0.0 -47.0621606339061,-23.682469303315656,0.0 -47.07609500038393,-23.68069200013565,0.0 -47.07643499987529,-23.67378700006998,0.0 -47.081940000130885,-23.67100899966556,0.0 -47.08326500007962,-23.65801600033808,0.0 -47.08145600029411,-23.653180000356713,0.0 -47.07611200026855,-23.653279999572305,0.0 -47.07223000021429,-23.64559699960182,0.0 -47.06291899981193,-23.644558000251493,0.0 -47.05898900024215,-23.639731999831895,0.0 -47.059025000103645,-23.6283480000601,0.0 -47.0451470004337,-23.631457999586985,0.0 -47.04352400023237,-23.63654700044367,0.0 -47.03367800033942,-23.643513999771244,0.0 -47.02283300024271,-23.64487000025025,0.0 -47.01979200030053,-23.654179999707196,0.0 -47.011980999823265,-23.656004000184396,0.0 -47.004291000429305,-23.66225199963003,0.0 -46.99627200025259,-23.661728999793468,0.0 -46.98820299956873,-23.665345000171556,0.0 -46.98572100022392,-23.654320999914148,0.0 -46.991470572009234,-23.647944441482764,0.0 -46.98742200042494,-23.62763999978614,0.0 -46.98932400000257,-23.61758099996314,0.0 -46.987150999618905,-23.608562999582716,0.0 -46.98145599959469,-23.602158000091606,0.0 -46.961653000085846,-23.602515000366907,0.0 -46.956784000381276,-23.5907079999742,0.0 -46.94876300011231,-23.58619599964561,0.0 -46.93980199966251,-23.570945999658136,0.0 -46.929289351222565,-23.565619994167378,0.0 -46.911118999841904,-23.56305700008045,0.0 -46.90249426040174,-23.568602593934543,0.0 -46.886457000190376,-23.569377000148393,0.0 -46.87595599976953,-23.56528000007188,0.0</coordinates>
                            </LinearRing>
                        </outerBoundaryIs>
                    </Polygon>
                </Placemark>
                <Placemark id="23118">
                    <name>DIADEMA / SP
POPULAÇÃO: 390.980</name>
                    <description>DISTRIBUIDOR: FILIAL SÃO PAULO
CONTATO DISTRIBUIDOR: Em Branco
RESPONSÁVEL: Em Branco
CONTATO RESPONSÁVEL: Em Branco
ENDEREÇO: Em Branco</description>
                    <styleUrl>#23092</styleUrl>
                    <Polygon id="23117">
                        <tessellate>1</tessellate>
                        <outerBoundaryIs>
                            <LinearRing id="23121">
                                <coordinates>-46.65129100037933,-23.73101200040344,0.0 -46.63654986558379,-23.725254305042085,0.0 -46.62760860885015,-23.71626388417087,0.0 -46.616357000075425,-23.710513000274716,0.0 -46.62436799988325,-23.7052090002951,0.0 -46.63172099992414,-23.696401999752425,0.0 -46.63385700040021,-23.688017999830777,0.0 -46.631084000226394,-23.672859999589264,0.0 -46.627089000357046,-23.668546000297624,0.0 -46.62642100012903,-23.65963500035491,0.0 -46.616345000421404,-23.657974000199886,0.0 -46.60908974139841,-23.66951210420018,0.0 -46.600059000322574,-23.670771000381308,0.0 -46.5913350656607,-23.67730156951177,0.0 -46.582440999952155,-23.67238099998309,0.0 -46.57864100008203,-23.680428999698506,0.0 -46.57877700005844,-23.690034000168907,0.0 -46.58878600027367,-23.698519000251622,0.0 -46.59112900040299,-23.707212000033735,0.0 -46.60488099965835,-23.718465000059666,0.0 -46.60548922914455,-23.731276357917523,0.0 -46.61137921028228,-23.73737412471604,0.0 -46.61955175890648,-23.738987070496876,0.0 -46.633869624183774,-23.736179633483232,0.0 -46.640351714459996,-23.731572568519198,0.0 -46.65129100037933,-23.73101200040344,0.0</coordinates>
                            </LinearRing>
                        </outerBoundaryIs>
                    </Polygon>
                </Placemark>
                <Placemark id="23124">
                    <name>EMBU DAS ARTES / SP
POPULAÇÃO: 245.148</name>
                    <description>DISTRIBUIDOR: FILIAL SÃO PAULO
CONTATO DISTRIBUIDOR: Em Branco
RESPONSÁVEL: Em Branco
CONTATO RESPONSÁVEL: Em Branco
ENDEREÇO: Em Branco</description>
                    <styleUrl>#23092</styleUrl>
                    <Polygon id="23123">
                        <tessellate>1</tessellate>
                        <outerBoundaryIs>
                            <LinearRing id="23127">
                                <coordinates>-46.79271300020474,-23.6471910002644,0.0 -46.79189700034624,-23.652147000383707,0.0 -46.79548000010186,-23.670265999576202,0.0 -46.80153635941542,-23.68536874906846,0.0 -46.81987900021562,-23.687296999856585,0.0 -46.8268099996817,-23.675787999716363,0.0 -46.84571900023161,-23.68081000018134,0.0 -46.849297999802786,-23.685266999772182,0.0 -46.861087445429234,-23.681912794739617,0.0 -46.87183300029267,-23.683057000380245,0.0 -46.88745200020958,-23.66784799958549,0.0 -46.901558999648046,-23.669275999787487,0.0 -46.90335999996398,-23.664815000012197,0.0 -46.914549999782594,-23.662159999884068,0.0 -46.91828900043697,-23.656815999858452,0.0 -46.9097329997781,-23.644235999791533,0.0 -46.90695800041135,-23.6327770001584,0.0 -46.88778400023136,-23.62446299986749,0.0 -46.87977000028525,-23.619307000417678,0.0 -46.86946800004813,-23.623949999592753,0.0 -46.858141000206956,-23.612403000398103,0.0 -46.854077999899744,-23.619770000185326,0.0 -46.83683199959705,-23.626406000436532,0.0 -46.82256199983641,-23.619054999588514,0.0 -46.81873499962052,-23.613442999794586,0.0 -46.81017299958421,-23.610109999876556,0.0 -46.81007411372934,-23.625279042893453,0.0 -46.81903600001135,-23.63630600012175,0.0 -46.79271300020474,-23.6471910002644,0.0</coordinates>
                            </LinearRing>
                        </outerBoundaryIs>
                    </Polygon>
                </Placemark>
                <Placemark id="23130">
                    <name>Em Branco / Em Branco
POPULAÇÃO: Em Branco</name>
                    <description>DISTRIBUIDOR: FILIAL SÃO PAULO
CONTATO DISTRIBUIDOR: Em Branco
RESPONSÁVEL: Em Branco
CONTATO RESPONSÁVEL: Em Branco
ENDEREÇO: Em Branco</description>
                    <styleUrl>#23092</styleUrl>
                    <Point id="23129">
                        <coordinates>-15.7801,-47.9292,0.0</coordinates>
                    </Point>
                </Placemark>
                <Placemark id="23132">
                    <name>Em Branco / Em Branco
POPULAÇÃO: Em Branco</name>
                    <description>DISTRIBUIDOR: FILIAL SÃO PAULO
CONTATO DISTRIBUIDOR: Em Branco
RESPONSÁVEL: Em Branco
CONTATO RESPONSÁVEL: Em Branco
ENDEREÇO: Em Branco</description>
                    <styleUrl>#23092</styleUrl>
                    <Point id="23131">
                        <coordinates>-15.7801,-47.9292,0.0</coordinates>
                    </Point>
                </Placemark>
                <Placemark id="23134">
                    <name>GUARULHOS / SP
POPULAÇÃO: 1.244.518</name>
                    <description>DISTRIBUIDOR: FILIAL SÃO PAULO
CONTATO DISTRIBUIDOR: Em Branco
RESPONSÁVEL: Em Branco
CONTATO RESPONSÁVEL: Em Branco
ENDEREÇO: Em Branco</description>
                    <styleUrl>#23092</styleUrl>
                    <Polygon id="23133">
                        <tessellate>1</tessellate>
                        <outerBoundaryIs>
                            <LinearRing id="23137">
                                <coordinates>-46.33653600043601,-23.33475999957426,0.0 -46.339864285208535,-23.335107261990515,0.0 -46.34720100032587,-23.3480120000537,0.0 -46.357395285164216,-23.357088438380686,0.0 -46.36996499968495,-23.365082000333985,0.0 -46.37091200018864,-23.384159999684186,0.0 -46.368580999713345,-23.394220999599384,0.0 -46.37760699956334,-23.401525000078664,0.0 -46.36719140595858,-23.422850728078572,0.0 -46.36679099990465,-23.430137000222317,0.0 -46.35842099972933,-23.437278000379365,0.0 -46.36629500041391,-23.437548000239985,0.0 -46.375809874426125,-23.432181072898175,0.0 -46.3881218621342,-23.43779082258834,0.0 -46.383531285340496,-23.44387843694028,0.0 -46.39378700016988,-23.448634999805336,0.0 -46.392341000037106,-23.46099999985006,0.0 -46.38665300033563,-23.474676000097304,0.0 -46.386348999806444,-23.47970800012405,0.0 -46.39660699981317,-23.484164999714892,0.0 -46.40555799980183,-23.479406999733214,0.0 -46.41214100030686,-23.470464000113452,0.0 -46.42654299985952,-23.471992999577196,0.0 -46.429773999570386,-23.475850000277262,0.0 -46.46047199968302,-23.483030999580933,0.0 -46.479998999953864,-23.476913999881162,0.0 -46.49382499992379,-23.475995999815495,0.0 -46.51109699962677,-23.478792000150634,0.0 -46.53386299997743,-23.493432999932963,0.0 -46.546972000157666,-23.506426000159706,0.0 -46.55909299974212,-23.507107000087956,0.0 -46.56208099993813,-23.500018999677025,0.0 -46.55994699955437,-23.489691000039556,0.0 -46.561702999593706,-23.472780999943154,0.0 -46.57048612403537,-23.458770419519226,0.0 -46.56531299969515,-23.441513999671315,0.0 -46.568462000121144,-23.432411999913825,0.0 -46.565720999624375,-23.42742099997912,0.0 -46.56663599955169,-23.415425999909928,0.0 -46.55643600042106,-23.409588999632604,0.0 -46.55614200035296,-23.397391000094558,0.0 -46.54564600016272,-23.387012999949945,0.0 -46.54520899979548,-23.376831999896808,0.0 -46.537086000218665,-23.369144999741877,0.0 -46.535437999763815,-23.363305000225523,0.0 -46.52052199989032,-23.354518999751974,0.0 -46.51095100008854,-23.355542000163155,0.0 -46.495943427647035,-23.348226224860355,0.0 -46.48735519438668,-23.350755798341368,0.0 -46.486666944124124,-23.358053790450015,0.0 -46.480839000019785,-23.36210000041467,0.0 -46.4739254707838,-23.36153415957375,0.0 -46.46826999956079,-23.356565999721056,0.0 -46.44795799996166,-23.357647000108898,0.0 -46.4484629998675,-23.349720999724298,0.0 -46.44271500009711,-23.34069299978205,0.0 -46.43166300034716,-23.335424999663985,0.0 -46.43087700007345,-23.329314000240856,0.0 -46.42369299973211,-23.317439000309548,0.0 -46.41845099991366,-23.31631899992186,0.0 -46.40050199956761,-23.294644999567026,0.0 -46.39641199981389,-23.28588100010802,0.0 -46.387099000218655,-23.2867089996206,0.0 -46.381398999963835,-23.278056999930584,0.0 -46.36415699984565,-23.274083000130304,0.0 -46.3618080003389,-23.282787999566494,0.0 -46.35657600008227,-23.288027000145917,0.0 -46.35543100034033,-23.297837000177367,0.0 -46.358720000027915,-23.305127000010998,0.0 -46.35532700004097,-23.310112999715102,0.0 -46.35813700012244,-23.317052000449394,0.0 -46.35041900033656,-23.328998000057595,0.0 -46.33599000043813,-23.329806999593302,0.0 -46.33653600043601,-23.33475999957426,0.0</coordinates>
                            </LinearRing>
                        </outerBoundaryIs>
                    </Polygon>
                </Placemark>
                <Placemark id="23140">
                    <name>ITAPECERICA DA SERRA / SP
POPULAÇÃO: 156.077</name>
                    <description>DISTRIBUIDOR: FILIAL SÃO PAULO
CONTATO DISTRIBUIDOR: Em Branco
RESPONSÁVEL: Em Branco
CONTATO RESPONSÁVEL: Em Branco
ENDEREÇO: Em Branco</description>
                    <styleUrl>#23092</styleUrl>
                    <Polygon id="23139">
                        <tessellate>1</tessellate>
                        <outerBoundaryIs>
                            <LinearRing id="23143">
                                <coordinates>-46.80153635941542,-23.68536874906846,0.0 -46.798156000299116,-23.698744999881797,0.0 -46.792714000250896,-23.700473999575365,0.0 -46.79240300029818,-23.721301000440747,0.0 -46.79854300015927,-23.729091999995774,0.0 -46.79604299998442,-23.7391269996113,0.0 -46.783161000379835,-23.74876399975875,0.0 -46.769935000200064,-23.75291200038845,0.0 -46.771151999664994,-23.763625999839974,0.0 -46.77742100007907,-23.767174999826352,0.0 -46.78379942910033,-23.764647963332777,0.0 -46.79313370215857,-23.766160664383108,0.0 -46.799740480738535,-23.770866658369528,0.0 -46.80665591114132,-23.76678012190507,0.0 -46.823010873952626,-23.76813374367731,0.0 -46.83094385937159,-23.779258594808255,0.0 -46.83947593086947,-23.78137843896377,0.0 -46.849394061786484,-23.795831257406576,0.0 -46.85581197734086,-23.794645746803724,0.0 -46.862609643320354,-23.801983007809497,0.0 -46.872021329121026,-23.797181055261433,0.0 -46.88157206270051,-23.7898788363392,0.0 -46.89707556718366,-23.796140832833146,0.0 -46.91086927249887,-23.78300712198103,0.0 -46.93782800036189,-23.776629999674697,0.0 -46.93579200000073,-23.765902999623677,0.0 -46.92942699965624,-23.758088999907386,0.0 -46.927490000263276,-23.749762999962456,0.0 -46.93398600035357,-23.73874499998169,0.0 -46.930749000366006,-23.73226799986827,0.0 -46.90974400028534,-23.719947000053992,0.0 -46.90374100044676,-23.711668999624578,0.0 -46.90019599974556,-23.69931600013325,0.0 -46.89748199959456,-23.677436000171213,0.0 -46.88745200020958,-23.66784799958549,0.0 -46.87183300029267,-23.683057000380245,0.0 -46.861087445429234,-23.681912794739617,0.0 -46.849297999802786,-23.685266999772182,0.0 -46.84571900023161,-23.68081000018134,0.0 -46.8268099996817,-23.675787999716363,0.0 -46.81987900021562,-23.687296999856585,0.0 -46.80153635941542,-23.68536874906846,0.0</coordinates>
                            </LinearRing>
                        </outerBoundaryIs>
                    </Polygon>
                </Placemark>
                <Placemark id="23146">
                    <name>ITAPEVI / SP
POPULAÇÃO: 206.558</name>
                    <description>DISTRIBUIDOR: FILIAL SÃO PAULO
CONTATO DISTRIBUIDOR: Em Branco
RESPONSÁVEL: Em Branco
CONTATO RESPONSÁVEL: Em Branco
ENDEREÇO: Em Branco</description>
                    <styleUrl>#23092</styleUrl>
                    <Polygon id="23145">
                        <tessellate>1</tessellate>
                        <outerBoundaryIs>
                            <LinearRing id="23149">
                                <coordinates>-46.9296009995864,-23.51318299969563,0.0 -46.92901899972702,-23.523514000370767,0.0 -46.92252000039764,-23.522962000096186,0.0 -46.91630932281697,-23.536264671976994,0.0 -46.91701504151092,-23.545885665990625,0.0 -46.90757400004003,-23.55357800002463,0.0 -46.911118999841904,-23.56305700008045,0.0 -46.929289351222565,-23.565619994167378,0.0 -46.93980199966251,-23.570945999658136,0.0 -46.94876300011231,-23.58619599964561,0.0 -46.956784000381276,-23.5907079999742,0.0 -46.961653000085846,-23.602515000366907,0.0 -46.98145599959469,-23.602158000091606,0.0 -46.98820599970708,-23.602934999950264,0.0 -46.99230900006029,-23.596061999561584,0.0 -47.00028400000656,-23.59026500022952,0.0 -46.99659199972098,-23.5808559998045,0.0 -47.007581000162986,-23.577976000092292,0.0 -47.01829300042158,-23.58508899985742,0.0 -47.02807400001507,-23.581317000379215,0.0 -47.02470700032774,-23.57621699991455,0.0 -47.02959199987083,-23.567797000131407,0.0 -47.02071199955907,-23.567417999740826,0.0 -47.00673199968202,-23.55493999988107,0.0 -47.01188900007725,-23.550381000083064,0.0 -47.012632000166604,-23.53609000025324,0.0 -46.99162469422424,-23.52935135947763,0.0 -46.996997999558005,-23.52196600003083,0.0 -46.99503599991141,-23.506993000226714,0.0 -46.98553699983262,-23.503616000078296,0.0 -46.96626699972222,-23.501424999763856,0.0 -46.9645299996597,-23.49865100044326,0.0 -46.954947000203845,-23.50459800039738,0.0 -46.94547200033253,-23.50475300035066,0.0 -46.9296009995864,-23.51318299969563,0.0</coordinates>
                            </LinearRing>
                        </outerBoundaryIs>
                    </Polygon>
                </Placemark>
                <Placemark id="23152">
                    <name>ITAQUAQUECETUBA / SP
POPULAÇÃO: 329.144</name>
                    <description>DISTRIBUIDOR: FILIAL SÃO PAULO
CONTATO DISTRIBUIDOR: Em Branco
RESPONSÁVEL: Em Branco
CONTATO RESPONSÁVEL: Em Branco
ENDEREÇO: Em Branco</description>
                    <styleUrl>#23092</styleUrl>
                    <Polygon id="23151">
                        <tessellate>1</tessellate>
                        <outerBoundaryIs>
                            <LinearRing id="23155">
                                <coordinates>-46.270599189201164,-23.429883076642625,0.0 -46.27409342946817,-23.450125064020426,0.0 -46.285244376226956,-23.45899668984532,0.0 -46.28613700012244,-23.46616199957657,0.0 -46.28118500018758,-23.481210000141346,0.0 -46.28633300016776,-23.48188199965449,0.0 -46.288128000206996,-23.489648999901362,0.0 -46.3010145602737,-23.496227438145695,0.0 -46.331114000410764,-23.4889479999502,0.0 -46.335520000347685,-23.4956260003396,0.0 -46.32986086618598,-23.505704790643506,0.0 -46.35078300003539,-23.507616000178245,0.0 -46.3536340002089,-23.504813000419574,0.0 -46.36639567951693,-23.512155806645126,0.0 -46.365094999934286,-23.50384499984682,0.0 -46.37692200035002,-23.48484100031186,0.0 -46.38193899968502,-23.47208900040698,0.0 -46.38665300033563,-23.474676000097304,0.0 -46.392341000037106,-23.46099999985006,0.0 -46.39378700016988,-23.448634999805336,0.0 -46.383531285340496,-23.44387843694028,0.0 -46.3881218621342,-23.43779082258834,0.0 -46.375809874426125,-23.432181072898175,0.0 -46.36629500041391,-23.437548000239985,0.0 -46.35842099972933,-23.437278000379365,0.0 -46.35445899958313,-23.422665000089637,0.0 -46.34899799955798,-23.419970999961606,0.0 -46.322318102898066,-23.42551255765835,0.0 -46.31127560358618,-23.423150277862987,0.0 -46.3029939995734,-23.42457900022066,0.0 -46.284646224543565,-23.435272577867124,0.0 -46.270599189201164,-23.429883076642625,0.0</coordinates>
                            </LinearRing>
                        </outerBoundaryIs>
                    </Polygon>
                </Placemark>
                <Placemark id="23158">
                    <name>JANDIRA / SP
POPULAÇÃO: 110.842</name>
                    <description>DISTRIBUIDOR: FILIAL SÃO PAULO
CONTATO DISTRIBUIDOR: Em Branco
RESPONSÁVEL: Em Branco
CONTATO RESPONSÁVEL: Em Branco
ENDEREÇO: Em Branco</description>
                    <styleUrl>#23092</styleUrl>
                    <Polygon id="23157">
                        <tessellate>1</tessellate>
                        <outerBoundaryIs>
                            <LinearRing id="23161">
                                <coordinates>-46.86062799978231,-23.544836999827623,0.0 -46.86358999967871,-23.554688999997325,0.0 -46.87241800029045,-23.554284000206394,0.0 -46.87145066611532,-23.561496981200662,0.0 -46.87595599976953,-23.56528000007188,0.0 -46.886457000190376,-23.569377000148393,0.0 -46.90249426040174,-23.568602593934543,0.0 -46.911118999841904,-23.56305700008045,0.0 -46.90757400004003,-23.55357800002463,0.0 -46.91701504151092,-23.545885665990625,0.0 -46.91630932281697,-23.536264671976994,0.0 -46.92252000039764,-23.522962000096186,0.0 -46.92901899972702,-23.523514000370767,0.0 -46.9296009995864,-23.51318299969563,0.0 -46.915190999664844,-23.512473000228738,0.0 -46.914423000221234,-23.518571999997732,0.0 -46.903197999687904,-23.51954099971732,0.0 -46.89410600039156,-23.52579700043117,0.0 -46.891784404126895,-23.531494529349004,0.0 -46.89462600008977,-23.538464000013562,0.0 -46.89067050923654,-23.55010113376028,0.0 -46.88644062803252,-23.55318807466989,0.0 -46.87635619897935,-23.548456977907165,0.0 -46.87255600035911,-23.550407000382734,0.0 -46.86062799978231,-23.544836999827623,0.0</coordinates>
                            </LinearRing>
                        </outerBoundaryIs>
                    </Polygon>
                </Placemark>
                <Placemark id="23164">
                    <name>MAUÁ / SP
POPULAÇÃO: 425.169</name>
                    <description>DISTRIBUIDOR: FILIAL SÃO PAULO
CONTATO DISTRIBUIDOR: Em Branco
RESPONSÁVEL: Em Branco
CONTATO RESPONSÁVEL: Em Branco
ENDEREÇO: Em Branco</description>
                    <styleUrl>#23092</styleUrl>
                    <Polygon id="23163">
                        <tessellate>1</tessellate>
                        <outerBoundaryIs>
                            <LinearRing id="23167">
                                <coordinates>-46.38394457508201,-23.61777369859726,0.0 -46.39174599957818,-23.62579400009298,0.0 -46.4000850001226,-23.64610399959986,0.0 -46.3927689999893,-23.66944400034032,0.0 -46.41174426528556,-23.68157068813673,0.0 -46.42719632405107,-23.677397912083904,0.0 -46.43103375820135,-23.68523134794833,0.0 -46.4425486947664,-23.69284279605813,0.0 -46.45180800033893,-23.703711999609027,0.0 -46.461819999793136,-23.707309000010298,0.0 -46.47031799957597,-23.716380000136837,0.0 -46.475308000363896,-23.718226999876094,0.0 -46.48354599984799,-23.715528999563617,0.0 -46.49174800036985,-23.708967000026973,0.0 -46.489463000217256,-23.695248999641592,0.0 -46.48026999986058,-23.680491999905826,0.0 -46.48100999981159,-23.67375000016233,0.0 -46.49581299987,-23.65613499993026,0.0 -46.49224199976845,-23.651077999649942,0.0 -46.482377999944674,-23.649488000071074,0.0 -46.48634799956051,-23.64009899966908,0.0 -46.4827890000123,-23.630037999753824,0.0 -46.48545199961006,-23.62297799973487,0.0 -46.47721099998762,-23.626152000414436,0.0 -46.4723390001447,-23.638817999950675,0.0 -46.44310600014177,-23.643930000069417,0.0 -46.4315179999557,-23.641104000149426,0.0 -46.415645000016696,-23.639738000108593,0.0 -46.40682599982,-23.631708000323897,0.0 -46.406763999658835,-23.62294099982722,0.0 -46.39762099980925,-23.618598000097563,0.0 -46.395129000003294,-23.61251600021319,0.0 -46.38394457508201,-23.61777369859726,0.0</coordinates>
                            </LinearRing>
                        </outerBoundaryIs>
                    </Polygon>
                </Placemark>
                <Placemark id="23170">
                    <name>MOGI DAS CRUZES / SP
POPULAÇÃO: 396.468</name>
                    <description>DISTRIBUIDOR: FILIAL SÃO PAULO
CONTATO DISTRIBUIDOR: Em Branco
RESPONSÁVEL: Em Branco
CONTATO RESPONSÁVEL: Em Branco
ENDEREÇO: Em Branco</description>
                    <styleUrl>#23092</styleUrl>
                    <Polygon id="23169">
                        <tessellate>1</tessellate>
                        <outerBoundaryIs>
                            <LinearRing id="23173">
                                <coordinates>-46.07703900004975,-23.5146750001511,0.0 -46.084800000019925,-23.513204999810853,0.0 -46.089910000046416,-23.50805199960007,0.0 -46.099941000376816,-23.50784800008512,0.0 -46.105104000149424,-23.514637000197354,0.0 -46.10000299963866,-23.521440000055918,0.0 -46.10800099974631,-23.530871999742942,0.0 -46.11212600021469,-23.540789000212158,0.0 -46.108748250931,-23.553322147399115,0.0 -46.09449300005184,-23.562313999991034,0.0 -46.08800999966172,-23.5754309996409,0.0 -46.09128599964913,-23.592979000380524,0.0 -46.08764499991679,-23.60260299992848,0.0 -46.08831300014481,-23.61319199991084,0.0 -46.09462299975161,-23.62258100031289,0.0 -46.088425999959895,-23.638636999697724,0.0 -46.09216000038367,-23.648230999660882,0.0 -46.097921999900336,-23.65216000008388,0.0 -46.09699999965022,-23.667503999909627,0.0 -46.084594999559556,-23.664265999875965,0.0 -46.08173299977807,-23.667047999565455,0.0 -46.082168000053116,-23.679965999930914,0.0 -46.09321899975697,-23.704897000296285,0.0 -46.100904999865804,-23.71845000026724,0.0 -46.1066240000975,-23.71171399990112,0.0 -46.11370900037002,-23.717693000431552,0.0 -46.1253920004404,-23.713226000379564,0.0 -46.13151500041687,-23.724612000243553,0.0 -46.14799899975401,-23.728442999744573,0.0 -46.15571100016251,-23.736168999899405,0.0 -46.160214000075996,-23.73186900035404,0.0 -46.17047300012882,-23.7323859999139,0.0 -46.17789000042313,-23.739327999887223,0.0 -46.17829600026016,-23.74528100011804,0.0 -46.18640600013674,-23.744683000420082,0.0 -46.194934999550526,-23.754163999668833,0.0 -46.20237299991396,-23.751299999795094,0.0 -46.208298999798956,-23.75107400016492,0.0 -46.20863800014354,-23.74340399989461,0.0 -46.217723000016406,-23.74411400026088,0.0 -46.226098000422326,-23.73753399989414,0.0 -46.23962800023196,-23.73587499983131,0.0 -46.24776599960114,-23.74616200027606,0.0 -46.248857999596964,-23.756895999750554,0.0 -46.255424000217374,-23.75981000013138,0.0 -46.26028000022177,-23.767912999685166,0.0 -46.27007999979213,-23.765788999762492,0.0 -46.278390999944634,-23.770307000367723,0.0 -46.283101000410795,-23.767288999687537,0.0 -46.2882929997221,-23.754566000220677,0.0 -46.296697999712876,-23.748717000289275,0.0 -46.302717000289306,-23.75102699979618,0.0 -46.31558400010147,-23.744464000213384,0.0 -46.32192700033073,-23.744429000397986,0.0 -46.31272400041223,-23.740584000251374,0.0 -46.306815999558694,-23.731970999661883,0.0 -46.29731200014862,-23.723351999695012,0.0 -46.295193999603384,-23.710909999696696,0.0 -46.29786699966229,-23.704862999627665,0.0 -46.2778429998545,-23.69090699995803,0.0 -46.2667879999662,-23.685736999862627,0.0 -46.26556600027067,-23.678656999820646,0.0 -46.258240228104,-23.670095887415243,0.0 -46.25868831891074,-23.659876642792767,0.0 -46.25439507507264,-23.650309821241194,0.0 -46.259062789416134,-23.635360071609966,0.0 -46.26463424687296,-23.628931297641202,0.0 -46.25905032571194,-23.611744409776634,0.0 -46.2635780003244,-23.60914300024922,0.0 -46.268100000214815,-23.59224399976074,0.0 -46.277697000316266,-23.5808209999891,0.0 -46.28498306921324,-23.565956551953263,0.0 -46.279085845835084,-23.553511865680036,0.0 -46.2782749999912,-23.545020000172826,0.0 -46.27162987431922,-23.545026244165797,0.0 -46.26217100019147,-23.524248000045134,0.0 -46.2661029998535,-23.51968500006268,0.0 -46.26919999968021,-23.504875999727574,0.0 -46.26459200032053,-23.498579999867047,0.0 -46.265244999856804,-23.488451000413306,0.0 -46.27413964562811,-23.48532569262659,0.0 -46.288128000206996,-23.489648999901362,0.0 -46.28633300016776,-23.48188199965449,0.0 -46.28118500018758,-23.481210000141346,0.0 -46.28613700012244,-23.46616199957657,0.0 -46.285244376226956,-23.45899668984532,0.0 -46.27409342946817,-23.450125064020426,0.0 -46.270599189201164,-23.429883076642625,0.0 -46.26036261284429,-23.426469308611672,0.0 -46.255510085122296,-23.41778244310524,0.0 -46.24983057681965,-23.415263543677554,0.0 -46.24767800003963,-23.405621000109022,0.0 -46.240661000204966,-23.400242000268065,0.0 -46.24096299974258,-23.392442000298047,0.0 -46.23180600014672,-23.39061599972854,0.0 -46.227015000441895,-23.38356600017073,0.0 -46.218063000407085,-23.381322000110174,0.0 -46.20227399984515,-23.36783499958551,0.0 -46.17991899956212,-23.35653299999791,0.0 -46.16742199972549,-23.35783099960088,0.0 -46.1628870001349,-23.34592099985423,0.0 -46.15748479598648,-23.342808559567345,0.0 -46.15685699995055,-23.35313000044914,0.0 -46.15311700014939,-23.366695000074174,0.0 -46.156348999906356,-23.371929000422995,0.0 -46.16050099982124,-23.38827499969142,0.0 -46.14813999996096,-23.401890999869693,0.0 -46.1421459996381,-23.415925000438392,0.0 -46.15505000025729,-23.426603000028365,0.0 -46.13966500033945,-23.440398000367395,0.0 -46.13412000003791,-23.43700600042655,0.0 -46.121343999925614,-23.435481000247933,0.0 -46.114265999975885,-23.43840700028278,0.0 -46.11177100003158,-23.445827999862274,0.0 -46.106658999912895,-23.448100000314696,0.0 -46.10560499987082,-23.455378999641084,0.0 -46.089866999862124,-23.451847000438647,0.0 -46.07395800006162,-23.452399999860063,0.0 -46.059124000372265,-23.465032999673156,0.0 -46.053775000116104,-23.473508000193988,0.0 -46.051953999777254,-23.481997999607927,0.0 -46.053785999724084,-23.489389999648722,0.0 -46.06411700039922,-23.493795999585643,0.0 -46.06605799997669,-23.506866999812132,0.0 -46.07703900004975,-23.5146750001511,0.0</coordinates>
                            </LinearRing>
                        </outerBoundaryIs>
                    </Polygon>
                </Placemark>
                <Placemark id="23176">
                    <name>OSASCO / SP
POPULAÇÃO: 668.877</name>
                    <description>DISTRIBUIDOR: FILIAL SÃO PAULO
CONTATO DISTRIBUIDOR: Em Branco
RESPONSÁVEL: Em Branco
CONTATO RESPONSÁVEL: Em Branco
ENDEREÇO: Em Branco</description>
                    <styleUrl>#23092</styleUrl>
                    <Polygon id="23175">
                        <tessellate>1</tessellate>
                        <outerBoundaryIs>
                            <LinearRing id="23179">
                                <coordinates>-46.80777499961647,-23.609067000341724,0.0 -46.81764699980914,-23.59892700038074,0.0 -46.81331999991801,-23.593539000124736,0.0 -46.81733226856932,-23.581855904726183,0.0 -46.81443383455377,-23.569438358193622,0.0 -46.820613999936086,-23.55882299998143,0.0 -46.821827000115945,-23.548868999604622,0.0 -46.817766999947025,-23.541802000162136,0.0 -46.8173899996487,-23.52071699998953,0.0 -46.808455000397885,-23.509950999938667,0.0 -46.811833860344336,-23.497992414318446,0.0 -46.8069206391761,-23.49308266813057,0.0 -46.799527999717384,-23.471383000225217,0.0 -46.7960270001459,-23.462929999819607,0.0 -46.786965999581184,-23.465693999578377,0.0 -46.774823999927605,-23.46443600002135,0.0 -46.775114999857294,-23.47178699997005,0.0 -46.769800000269754,-23.476824000227396,0.0 -46.76632800023697,-23.491290000033416,0.0 -46.756033000322645,-23.49499299992698,0.0 -46.76397100036132,-23.506406000136735,0.0 -46.74848700037472,-23.523667000231853,0.0 -46.75635299979109,-23.524618000020666,0.0 -46.760030000284246,-23.52920400016444,0.0 -46.7602339997992,-23.555013999696257,0.0 -46.765239000379495,-23.56340199980241,0.0 -46.77305800032639,-23.570091999845886,0.0 -46.78602700034577,-23.574531000405273,0.0 -46.795211000287395,-23.582510999682825,0.0 -46.80640800042886,-23.58397299965418,0.0 -46.805104999695914,-23.588684000166438,0.0 -46.808948999796485,-23.598434000128975,0.0 -46.80777499961647,-23.609067000341724,0.0</coordinates>
                            </LinearRing>
                        </outerBoundaryIs>
                    </Polygon>
                </Placemark>
                <Placemark id="23182">
                    <name>POÁ / SP
POPULAÇÃO: 107.556</name>
                    <description>DISTRIBUIDOR: FILIAL SÃO PAULO
CONTATO DISTRIBUIDOR: Em Branco
RESPONSÁVEL: Em Branco
CONTATO RESPONSÁVEL: Em Branco
ENDEREÇO: Em Branco</description>
                    <styleUrl>#23092</styleUrl>
                    <Polygon id="23181">
                        <tessellate>1</tessellate>
                        <outerBoundaryIs>
                            <LinearRing id="23185">
                                <coordinates>-46.32986086618598,-23.505704790643506,0.0 -46.32586138499488,-23.512770966307016,0.0 -46.3299360000463,-23.520244999806835,0.0 -46.331544602101644,-23.539022782974996,0.0 -46.34130998946438,-23.547094115600885,0.0 -46.34229399976823,-23.560720000227775,0.0 -46.34999110470568,-23.57351115031929,0.0 -46.35417499997624,-23.565706999978033,0.0 -46.35294599995791,-23.556893000011883,0.0 -46.35708700026481,-23.548917000019514,0.0 -46.35416400036826,-23.543533999994054,0.0 -46.35642500031349,-23.532895999550703,0.0 -46.366950209584445,-23.52719131832464,0.0 -46.36639567951693,-23.512155806645126,0.0 -46.3536340002089,-23.504813000419574,0.0 -46.35078300003539,-23.507616000178245,0.0 -46.32986086618598,-23.505704790643506,0.0</coordinates>
                            </LinearRing>
                        </outerBoundaryIs>
                    </Polygon>
                </Placemark>
                <Placemark id="23188">
                    <name>RIBEIRÃO PIRES / SP
POPULAÇÃO: 114.361</name>
                    <description>DISTRIBUIDOR: FILIAL SÃO PAULO
CONTATO DISTRIBUIDOR: Em Branco
RESPONSÁVEL: Em Branco
CONTATO RESPONSÁVEL: Em Branco
ENDEREÇO: Em Branco</description>
                    <styleUrl>#23092</styleUrl>
                    <Polygon id="23187">
                        <tessellate>1</tessellate>
                        <outerBoundaryIs>
                            <LinearRing id="23191">
                                <coordinates>-46.38341600034812,-23.617663000147274,0.0 -46.378289999583785,-23.636079999592255,0.0 -46.3720389999998,-23.644197999837786,0.0 -46.35686399987367,-23.638502999813568,0.0 -46.35361300013983,-23.648930000419114,0.0 -46.358297000306266,-23.66049699963679,0.0 -46.33848600042853,-23.677881000008085,0.0 -46.33734176870763,-23.687720060732147,0.0 -46.33173899955517,-23.69655300042058,0.0 -46.3307166601457,-23.708872131443684,0.0 -46.34976199971646,-23.716921999950273,0.0 -46.36810800038387,-23.71018400039128,0.0 -46.381345000171564,-23.708145999937926,0.0 -46.38581500036196,-23.711888999877374,0.0 -46.38400100034585,-23.722356999675753,0.0 -46.39149328468727,-23.72478059794622,0.0 -46.39857399969031,-23.722667999628413,0.0 -46.40097479475094,-23.73018482736785,0.0 -46.41145600019422,-23.732863000327143,0.0 -46.42083400008897,-23.75089299991197,0.0 -46.41822400023739,-23.756866000165758,0.0 -46.42887500038091,-23.765674999901307,0.0 -46.439699000408496,-23.766127000060976,0.0 -46.45011699969973,-23.770734000273876,0.0 -46.45797000031524,-23.763763999908633,0.0 -46.457828000062136,-23.750657999866746,0.0 -46.4710799996422,-23.739316000233202,0.0 -46.46888099985824,-23.726100999661355,0.0 -46.475308000363896,-23.718226999876094,0.0 -46.47031799957597,-23.716380000136837,0.0 -46.461819999793136,-23.707309000010298,0.0 -46.45180800033893,-23.703711999609027,0.0 -46.4425486947664,-23.69284279605813,0.0 -46.43103375820135,-23.68523134794833,0.0 -46.42719632405107,-23.677397912083904,0.0 -46.41174426528556,-23.68157068813673,0.0 -46.3927689999893,-23.66944400034032,0.0 -46.4000850001226,-23.64610399959986,0.0 -46.39174599957818,-23.62579400009298,0.0 -46.38394457508201,-23.61777369859726,0.0 -46.38341600034812,-23.617663000147274,0.0</coordinates>
                            </LinearRing>
                        </outerBoundaryIs>
                    </Polygon>
                </Placemark>
                <Placemark id="23194">
                    <name>RIO GRANDE DA SERRA / SP
POPULAÇÃO: 45.014</name>
                    <description>DISTRIBUIDOR: FILIAL SÃO PAULO
CONTATO DISTRIBUIDOR: Em Branco
RESPONSÁVEL: Em Branco
CONTATO RESPONSÁVEL: Em Branco
ENDEREÇO: Em Branco</description>
                    <styleUrl>#23092</styleUrl>
                    <Polygon id="23193">
                        <tessellate>1</tessellate>
                        <outerBoundaryIs>
                            <LinearRing id="23197">
                                <coordinates>-46.3280900003532,-23.728386999860106,0.0 -46.33552100039378,-23.725563000032366,0.0 -46.34351899960211,-23.735265999626165,0.0 -46.35450683182478,-23.737217106684056,0.0 -46.36174800026993,-23.742864000173427,0.0 -46.358710999612924,-23.746835999881455,0.0 -46.36489100041928,-23.752952999581225,0.0 -46.37315300011085,-23.75285899974301,0.0 -46.38743500042489,-23.764036999907603,0.0 -46.40729800000264,-23.76976999988557,0.0 -46.424295999660615,-23.772240999622397,0.0 -46.42887500038091,-23.765674999901307,0.0 -46.41822400023739,-23.756866000165758,0.0 -46.42083400008897,-23.75089299991197,0.0 -46.41145600019422,-23.732863000327143,0.0 -46.40097479475094,-23.73018482736785,0.0 -46.39857399969031,-23.722667999628413,0.0 -46.39149328468727,-23.72478059794622,0.0 -46.38400100034585,-23.722356999675753,0.0 -46.38581500036196,-23.711888999877374,0.0 -46.381345000171564,-23.708145999937926,0.0 -46.36810800038387,-23.71018400039128,0.0 -46.34976199971646,-23.716921999950273,0.0 -46.3307166601457,-23.708872131443684,0.0 -46.327312000448444,-23.714246999799172,0.0 -46.3280900003532,-23.728386999860106,0.0</coordinates>
                            </LinearRing>
                        </outerBoundaryIs>
                    </Polygon>
                </Placemark>
                <Placemark id="23200">
                    <name>Em Branco / Em Branco
POPULAÇÃO: Em Branco</name>
                    <description>DISTRIBUIDOR: FILIAL SÃO PAULO
CONTATO DISTRIBUIDOR: Em Branco
RESPONSÁVEL: Em Branco
CONTATO RESPONSÁVEL: Em Branco
ENDEREÇO: Em Branco</description>
                    <styleUrl>#23092</styleUrl>
                    <Point id="23199">
                        <coordinates>-15.7801,-47.9292,0.0</coordinates>
                    </Point>
                </Placemark>
                <Placemark id="23202">
                    <name>SANTA ISABEL / SP
POPULAÇÃO: 51.467</name>
                    <description>DISTRIBUIDOR: FILIAL SÃO PAULO
CONTATO DISTRIBUIDOR: Em Branco
RESPONSÁVEL: Em Branco
CONTATO RESPONSÁVEL: Em Branco
ENDEREÇO: Em Branco</description>
                    <styleUrl>#23092</styleUrl>
                    <Polygon id="23201">
                        <tessellate>1</tessellate>
                        <outerBoundaryIs>
                            <LinearRing id="23205">
                                <coordinates>-46.26219799963792,-23.1863870002598,0.0 -46.2503770003982,-23.18897800013457,0.0 -46.24468999984356,-23.185884999592986,0.0 -46.22735599997935,-23.189806999693246,0.0 -46.22438999989856,-23.1964349995755,0.0 -46.21869599992044,-23.197371999618042,0.0 -46.2054220002251,-23.208959999804108,0.0 -46.19584800028497,-23.210609000305055,0.0 -46.19644299984452,-23.218035000115094,0.0 -46.16213999986104,-23.234644999866816,0.0 -46.157374999556566,-23.241857999746856,0.0 -46.15638999999845,-23.25541099971781,0.0 -46.14574600017772,-23.256827000265787,0.0 -46.15067599999736,-23.261945999808006,0.0 -46.1520110004073,-23.27235599962961,0.0 -46.14512300022625,-23.273763999808693,0.0 -46.13489099961987,-23.28787999966221,0.0 -46.11922500023354,-23.28544699987907,0.0 -46.112747000073966,-23.288582999705625,0.0 -46.113813999816216,-23.299335000010217,0.0 -46.10293900013471,-23.302874000434713,0.0 -46.10147500007116,-23.30859799999763,0.0 -46.11270199979742,-23.309723999762753,0.0 -46.12623399969931,-23.321680999878197,0.0 -46.14060499962102,-23.328869000403984,0.0 -46.15748479598648,-23.342808559567345,0.0 -46.1628870001349,-23.34592099985423,0.0 -46.16742199972549,-23.35783099960088,0.0 -46.17991899956212,-23.35653299999791,0.0 -46.20227399984515,-23.36783499958551,0.0 -46.218063000407085,-23.381322000110174,0.0 -46.227015000441895,-23.38356600017073,0.0 -46.23180600014672,-23.39061599972854,0.0 -46.24096299974258,-23.392442000298047,0.0 -46.240661000204966,-23.400242000268065,0.0 -46.24767800003963,-23.405621000109022,0.0 -46.25620600030663,-23.406249000291098,0.0 -46.26102999973466,-23.39966000040863,0.0 -46.2747080000741,-23.388530999805766,0.0 -46.294336999652785,-23.369398999763973,0.0 -46.291725999755045,-23.345994999669472,0.0 -46.294512999675135,-23.333550000432126,0.0 -46.29923885159167,-23.32447529689739,0.0 -46.30540080120596,-23.32147875494053,0.0 -46.334536999982504,-23.331968000322888,0.0 -46.33653600043601,-23.33475999957426,0.0 -46.33599000043813,-23.329806999593302,0.0 -46.35041900033656,-23.328998000057595,0.0 -46.35813700012244,-23.317052000449394,0.0 -46.35532700004097,-23.310112999715102,0.0 -46.358720000027915,-23.305127000010998,0.0 -46.35543100034033,-23.297837000177367,0.0 -46.35657600008227,-23.288027000145917,0.0 -46.3618080003389,-23.282787999566494,0.0 -46.36415699984565,-23.274083000130304,0.0 -46.353888000230995,-23.26501700023431,0.0 -46.347497999632935,-23.252240000075915,0.0 -46.336901000180944,-23.250517999805822,0.0 -46.311327999887226,-23.227071000426292,0.0 -46.30554200016314,-23.213005000180544,0.0 -46.309961999846394,-23.204976000442002,0.0 -46.30164100013201,-23.198274999891282,0.0 -46.28563000012434,-23.19069200003571,0.0 -46.28358900043196,-23.18424400036031,0.0 -46.27580999963175,-23.184937999988676,0.0 -46.2692550004179,-23.19027999992204,0.0 -46.26219799963792,-23.1863870002598,0.0</coordinates>
                            </LinearRing>
                        </outerBoundaryIs>
                    </Polygon>
                </Placemark>
                <Placemark id="23208">
                    <name>SANTO ANDRÉ / SP
POPULAÇÃO: 680.496</name>
                    <description>DISTRIBUIDOR: FILIAL SÃO PAULO
CONTATO DISTRIBUIDOR: Em Branco
RESPONSÁVEL: Em Branco
CONTATO RESPONSÁVEL: Em Branco
ENDEREÇO: Em Branco</description>
                    <styleUrl>#23092</styleUrl>
                    <Polygon id="23207">
                        <tessellate>1</tessellate>
                        <outerBoundaryIs>
                            <LinearRing id="23211">
                                <coordinates>-46.48545199961006,-23.62297799973487,0.0 -46.4827890000123,-23.630037999753824,0.0 -46.48634799956051,-23.64009899966908,0.0 -46.482377999944674,-23.649488000071074,0.0 -46.49224199976845,-23.651077999649942,0.0 -46.49581299987,-23.65613499993026,0.0 -46.48100999981159,-23.67375000016233,0.0 -46.48026999986058,-23.680491999905826,0.0 -46.489463000217256,-23.695248999641592,0.0 -46.49174800036985,-23.708967000026973,0.0 -46.48354599984799,-23.715528999563617,0.0 -46.475308000363896,-23.718226999876094,0.0 -46.46888099985824,-23.726100999661355,0.0 -46.4710799996422,-23.739316000233202,0.0 -46.457828000062136,-23.750657999866746,0.0 -46.45797000031524,-23.763763999908633,0.0 -46.45011699969973,-23.770734000273876,0.0 -46.439699000408496,-23.766127000060976,0.0 -46.42887500038091,-23.765674999901307,0.0 -46.424295999660615,-23.772240999622397,0.0 -46.40729800000264,-23.76976999988557,0.0 -46.38743500042489,-23.764036999907603,0.0 -46.37315300011085,-23.75285899974301,0.0 -46.36489100041928,-23.752952999581225,0.0 -46.358710999612924,-23.746835999881455,0.0 -46.36174800026993,-23.742864000173427,0.0 -46.35450683182478,-23.737217106684056,0.0 -46.34351899960211,-23.735265999626165,0.0 -46.33552100039378,-23.725563000032366,0.0 -46.3280900003532,-23.728386999860106,0.0 -46.31677800030445,-23.73923099991066,0.0 -46.32192700033073,-23.744429000397986,0.0 -46.31558400010147,-23.744464000213384,0.0 -46.302717000289306,-23.75102699979618,0.0 -46.296697999712876,-23.748717000289275,0.0 -46.2882929997221,-23.754566000220677,0.0 -46.283101000410795,-23.767288999687537,0.0 -46.278390999944634,-23.770307000367723,0.0 -46.29384300025424,-23.78370000015485,0.0 -46.30261199994379,-23.78791100009255,0.0 -46.32029199957606,-23.803096999826664,0.0 -46.32023899982994,-23.785479000355565,0.0 -46.331780999693365,-23.781257999956665,0.0 -46.33860999985154,-23.781667999978197,0.0 -46.3544439997907,-23.79147199973295,0.0 -46.36768299967065,-23.792462000420926,0.0 -46.373327000041,-23.79546000017882,0.0 -46.38362900027812,-23.809721000423792,0.0 -46.4024029999984,-23.811753999747225,0.0 -46.410295999760535,-23.815378999641098,0.0 -46.426268999814454,-23.812900999581416,0.0 -46.43266899997434,-23.80810799978434,0.0 -46.43056099989019,-23.801274000294825,0.0 -46.4418319998469,-23.799983000115333,0.0 -46.455410000071424,-23.790512999575242,0.0 -46.4644129997601,-23.779206999803137,0.0 -46.473594999609475,-23.773120999734317,0.0 -46.49652700042071,-23.747820000292734,0.0 -46.50646500005968,-23.743323999802726,0.0 -46.51171000001642,-23.747685000362424,0.0 -46.52031500023702,-23.73534000034067,0.0 -46.516879000065785,-23.727813000369622,0.0 -46.51736600004085,-23.720334999960244,0.0 -46.521868999954336,-23.71468500021257,0.0 -46.51676300011235,-23.70536200015613,0.0 -46.52374900031606,-23.701351000448255,0.0 -46.52906499994975,-23.703446999979008,0.0 -46.53685999968917,-23.69631600028316,0.0 -46.53949699988658,-23.687486999625264,0.0 -46.554550999828734,-23.68093399960435,0.0 -46.55364400027037,-23.666363000352135,0.0 -46.563652999586225,-23.65220300026823,0.0 -46.56721364669238,-23.65016256175278,0.0 -46.56059880748893,-23.643715906563784,0.0 -46.5516785903946,-23.642534521151163,0.0 -46.54924699984912,-23.62922800017202,0.0 -46.544989000442,-23.6245690002591,0.0 -46.54804300008436,-23.606091999845887,0.0 -46.53449500034395,-23.61435699967575,0.0 -46.521419999933016,-23.613995000069167,0.0 -46.50623100006055,-23.625781000392806,0.0 -46.49308556294835,-23.625382562055563,0.0 -46.48545199961006,-23.62297799973487,0.0</coordinates>
                            </LinearRing>
                        </outerBoundaryIs>
                    </Polygon>
                </Placemark>
                <Placemark id="23214">
                    <name>SÃO BERNARDO DO CAMPO / SP
POPULAÇÃO: 774.886</name>
                    <description>DISTRIBUIDOR: FILIAL SÃO PAULO
CONTATO DISTRIBUIDOR: Em Branco
RESPONSÁVEL: Em Branco
CONTATO RESPONSÁVEL: Em Branco
ENDEREÇO: Em Branco</description>
                    <styleUrl>#23092</styleUrl>
                    <Polygon id="23213">
                        <tessellate>1</tessellate>
                        <outerBoundaryIs>
                            <LinearRing id="23217">
                                <coordinates>-46.56721364669238,-23.65016256175278,0.0 -46.563652999586225,-23.65220300026823,0.0 -46.55364400027037,-23.666363000352135,0.0 -46.554550999828734,-23.68093399960435,0.0 -46.53949699988658,-23.687486999625264,0.0 -46.53685999968917,-23.69631600028316,0.0 -46.52906499994975,-23.703446999979008,0.0 -46.52374900031606,-23.701351000448255,0.0 -46.51676300011235,-23.70536200015613,0.0 -46.521868999954336,-23.71468500021257,0.0 -46.51736600004085,-23.720334999960244,0.0 -46.516879000065785,-23.727813000369622,0.0 -46.52031500023702,-23.73534000034067,0.0 -46.51171000001642,-23.747685000362424,0.0 -46.50646500005968,-23.743323999802726,0.0 -46.49652700042071,-23.747820000292734,0.0 -46.473594999609475,-23.773120999734317,0.0 -46.4644129997601,-23.779206999803137,0.0 -46.455410000071424,-23.790512999575242,0.0 -46.4418319998469,-23.799983000115333,0.0 -46.43056099989019,-23.801274000294825,0.0 -46.43266899997434,-23.80810799978434,0.0 -46.426268999814454,-23.812900999581416,0.0 -46.410295999760535,-23.815378999641098,0.0 -46.426322999606725,-23.825149999672703,0.0 -46.436874999681436,-23.825367999833304,0.0 -46.44117900031057,-23.834915000326987,0.0 -46.437964999585006,-23.842247000298755,0.0 -46.44354799984029,-23.850172999784093,0.0 -46.45501799998067,-23.85455699960579,0.0 -46.45989800019254,-23.866087999861236,0.0 -46.477809999731676,-23.879142000203103,0.0 -46.482872000242594,-23.885844999946755,0.0 -46.488446000082774,-23.885422000225105,0.0 -46.49621300032965,-23.89956500042439,0.0 -46.50306199961153,-23.90448499978288,0.0 -46.520111999868845,-23.905478999755985,0.0 -46.52090999979663,-23.911812000423424,0.0 -46.54050100032089,-23.923543000009374,0.0 -46.55658600014374,-23.9417280004468,0.0 -46.56445699979065,-23.952947999850267,0.0 -46.58019399975325,-23.95578800041585,0.0 -46.58529900044846,-23.96083800037337,0.0 -46.61194645226692,-23.96776282329563,0.0 -46.606607385922075,-23.957340250951802,0.0 -46.60711526275912,-23.944788628992,0.0 -46.60984497046894,-23.9369742515604,0.0 -46.616882617838485,-23.9335584699474,0.0 -46.609365208237705,-23.927708119234296,0.0 -46.61160733680913,-23.91070791803594,0.0 -46.61802516872649,-23.885232745994415,0.0 -46.61559600005529,-23.876340999637364,0.0 -46.61693799988876,-23.862004000384275,0.0 -46.63255699980567,-23.85112899980345,0.0 -46.635115710421644,-23.838503172083676,0.0 -46.63380799993922,-23.82952199984038,0.0 -46.62435600022917,-23.818766000250662,0.0 -46.62284399975073,-23.786235000145098,0.0 -46.625059000272586,-23.7815980003474,0.0 -46.645498000332395,-23.75722200039496,0.0 -46.65129100037933,-23.73101200040344,0.0 -46.640351714459996,-23.731572568519198,0.0 -46.633869624183774,-23.736179633483232,0.0 -46.61955175890648,-23.738987070496876,0.0 -46.61137921028228,-23.73737412471604,0.0 -46.60548922914455,-23.731276357917523,0.0 -46.60488099965835,-23.718465000059666,0.0 -46.59112900040299,-23.707212000033735,0.0 -46.58878600027367,-23.698519000251622,0.0 -46.57877700005844,-23.690034000168907,0.0 -46.57864100008203,-23.680428999698506,0.0 -46.582440999952155,-23.67238099998309,0.0 -46.5913350656607,-23.67730156951177,0.0 -46.600059000322574,-23.670771000381308,0.0 -46.60908974139841,-23.66951210420018,0.0 -46.616345000421404,-23.657974000199886,0.0 -46.61441000022131,-23.660264999729918,0.0 -46.59000699992305,-23.648939999980996,0.0 -46.58338500031749,-23.641035999711562,0.0 -46.57456800021299,-23.649994000023014,0.0 -46.56721364669238,-23.65016256175278,0.0</coordinates>
                            </LinearRing>
                        </outerBoundaryIs>
                    </Polygon>
                </Placemark>
                <Placemark id="23220">
                    <name>SÃO CAETANO DO SUL / SP
POPULAÇÃO: 150.638</name>
                    <description>DISTRIBUIDOR: FILIAL SÃO PAULO
CONTATO DISTRIBUIDOR: Em Branco
RESPONSÁVEL: Em Branco
CONTATO RESPONSÁVEL: Em Branco
ENDEREÇO: Em Branco</description>
                    <styleUrl>#23092</styleUrl>
                    <Polygon id="23219">
                        <tessellate>1</tessellate>
                        <outerBoundaryIs>
                            <LinearRing id="23223">
                                <coordinates>-46.54804300008436,-23.606091999845887,0.0 -46.544989000442,-23.6245690002591,0.0 -46.54924699984912,-23.62922800017202,0.0 -46.5516785903946,-23.642534521151163,0.0 -46.56059880748893,-23.643715906563784,0.0 -46.56721364669238,-23.65016256175278,0.0 -46.57456800021299,-23.649994000023014,0.0 -46.58338500031749,-23.641035999711562,0.0 -46.58493599989646,-23.635339999641246,0.0 -46.579272000402455,-23.604493999898125,0.0 -46.574803000258214,-23.60106700014188,0.0 -46.55799699956185,-23.611823999777698,0.0 -46.54804300008436,-23.606091999845887,0.0</coordinates>
                            </LinearRing>
                        </outerBoundaryIs>
                    </Polygon>
                </Placemark>
                <Placemark id="23226">
                    <name>SÃO PAULO / SP
POPULAÇÃO: 11.376.685</name>
                    <description>DISTRIBUIDOR: FILIAL SÃO PAULO
CONTATO DISTRIBUIDOR: Em Branco
RESPONSÁVEL: Em Branco
CONTATO RESPONSÁVEL: Em Branco
ENDEREÇO: Em Branco</description>
                    <styleUrl>#23092</styleUrl>
                    <Polygon id="23225">
                        <tessellate>1</tessellate>
                        <outerBoundaryIs>
                            <LinearRing id="23229">
                                <coordinates>-46.535437999763815,-23.363305000225523,0.0 -46.537086000218665,-23.369144999741877,0.0 -46.54520899979548,-23.376831999896808,0.0 -46.54564600016272,-23.387012999949945,0.0 -46.55614200035296,-23.397391000094558,0.0 -46.55643600042106,-23.409588999632604,0.0 -46.56663599955169,-23.415425999909928,0.0 -46.565720999624375,-23.42742099997912,0.0 -46.568462000121144,-23.432411999913825,0.0 -46.56531299969515,-23.441513999671315,0.0 -46.57048612403537,-23.458770419519226,0.0 -46.561702999593706,-23.472780999943154,0.0 -46.55994699955437,-23.489691000039556,0.0 -46.56208099993813,-23.500018999677025,0.0 -46.55909299974212,-23.507107000087956,0.0 -46.546972000157666,-23.506426000159706,0.0 -46.53386299997743,-23.493432999932963,0.0 -46.51109699962677,-23.478792000150634,0.0 -46.49382499992379,-23.475995999815495,0.0 -46.479998999953864,-23.476913999881162,0.0 -46.46047199968302,-23.483030999580933,0.0 -46.429773999570386,-23.475850000277262,0.0 -46.42654299985952,-23.471992999577196,0.0 -46.41214100030686,-23.470464000113452,0.0 -46.40555799980183,-23.479406999733214,0.0 -46.39660699981317,-23.484164999714892,0.0 -46.386348999806444,-23.47970800012405,0.0 -46.38665300033563,-23.474676000097304,0.0 -46.38193899968502,-23.47208900040698,0.0 -46.37692200035002,-23.48484100031186,0.0 -46.365094999934286,-23.50384499984682,0.0 -46.36639567951693,-23.512155806645126,0.0 -46.373171000041566,-23.511392999886993,0.0 -46.39230300008336,-23.530518999652088,0.0 -46.39371000021629,-23.537168999649566,0.0 -46.3881720002376,-23.547159999934024,0.0 -46.39323099971085,-23.552172999983895,0.0 -46.390851999719985,-23.559715999793525,0.0 -46.38244999986756,-23.56300100019598,0.0 -46.38351400037078,-23.577813999816215,0.0 -46.377600000139864,-23.587781999939295,0.0 -46.38221099963789,-23.59092400004255,0.0 -46.383119000141676,-23.599512000378468,0.0 -46.39538800025599,-23.602235000045198,0.0 -46.39935799987177,-23.60579799977785,0.0 -46.395129000003294,-23.61251600021319,0.0 -46.39762099980925,-23.618598000097563,0.0 -46.406763999658835,-23.62294099982722,0.0 -46.40682599982,-23.631708000323897,0.0 -46.415645000016696,-23.639738000108593,0.0 -46.4315179999557,-23.641104000149426,0.0 -46.44310600014177,-23.643930000069417,0.0 -46.4723390001447,-23.638817999950675,0.0 -46.47721099998762,-23.626152000414436,0.0 -46.48545199961006,-23.62297799973487,0.0 -46.49308556294835,-23.625382562055563,0.0 -46.50623100006055,-23.625781000392806,0.0 -46.521419999933016,-23.613995000069167,0.0 -46.53449500034395,-23.61435699967575,0.0 -46.54804300008436,-23.606091999845887,0.0 -46.55799699956185,-23.611823999777698,0.0 -46.574803000258214,-23.60106700014188,0.0 -46.579272000402455,-23.604493999898125,0.0 -46.58493599989646,-23.635339999641246,0.0 -46.58338500031749,-23.641035999711562,0.0 -46.59000699992305,-23.648939999980996,0.0 -46.61441000022131,-23.660264999729918,0.0 -46.616345000421404,-23.657974000199886,0.0 -46.62642100012903,-23.65963500035491,0.0 -46.627089000357046,-23.668546000297624,0.0 -46.631084000226394,-23.672859999589264,0.0 -46.63385700040021,-23.688017999830777,0.0 -46.63172099992414,-23.696401999752425,0.0 -46.62436799988325,-23.7052090002951,0.0 -46.616357000075425,-23.710513000274716,0.0 -46.62760860885015,-23.71626388417087,0.0 -46.63654986558379,-23.725254305042085,0.0 -46.65129100037933,-23.73101200040344,0.0 -46.645498000332395,-23.75722200039496,0.0 -46.625059000272586,-23.7815980003474,0.0 -46.62284399975073,-23.786235000145098,0.0 -46.62435600022917,-23.818766000250662,0.0 -46.63380799993922,-23.82952199984038,0.0 -46.635115710421644,-23.838503172083676,0.0 -46.63255699980567,-23.85112899980345,0.0 -46.61693799988876,-23.862004000384275,0.0 -46.61559600005529,-23.876340999637364,0.0 -46.61802516872649,-23.885232745994415,0.0 -46.61160733680913,-23.91070791803594,0.0 -46.609365208237705,-23.927708119234296,0.0 -46.616882617838485,-23.9335584699474,0.0 -46.60984497046894,-23.9369742515604,0.0 -46.60711526275912,-23.944788628992,0.0 -46.606607385922075,-23.957340250951802,0.0 -46.61194645226692,-23.96776282329563,0.0 -46.61798279447032,-23.96777676008935,0.0 -46.635708000323916,-23.977318999572105,0.0 -46.6331409997573,-23.98796699957734,0.0 -46.64036900032909,-23.99783300039263,0.0 -46.6499079995545,-24.00160099968633,0.0 -46.661791999900856,-23.988221999645532,0.0 -46.67537400030983,-23.98942500026351,0.0 -46.6833490002561,-23.982384000221373,0.0 -46.69206100001509,-23.98436399979869,0.0 -46.699310999802776,-23.990283000260206,0.0 -46.70813700032227,-23.991019000026768,0.0 -46.71479899997382,-23.996164999914754,0.0 -46.72103999999598,-23.992999999650237,0.0 -46.73032199996027,-23.995471000286386,0.0 -46.74272199982039,-23.991877000023464,0.0 -46.75504799986527,-23.996782999635684,0.0 -46.76273199988185,-24.006005999577155,0.0 -46.772016999984544,-24.00769800026245,0.0 -46.76643699986761,-23.991657999816766,0.0 -46.75492899977348,-23.97542200022508,0.0 -46.77513699997252,-23.956387000159907,0.0 -46.78563500025501,-23.942327000190858,0.0 -46.79446800019798,-23.942588999682528,0.0 -46.80012400022241,-23.938000000299724,0.0 -46.8068979996429,-23.93815300016081,0.0 -46.81068399976675,-23.920464000113498,0.0 -46.81158800008609,-23.907829000208153,0.0 -46.80093499985031,-23.892776000312097,0.0 -46.787739000154716,-23.894763000212265,0.0 -46.776552999621174,-23.892620000312718,0.0 -46.776045999623136,-23.855449000271108,0.0 -46.7794720002326,-23.851412000263565,0.0 -46.77351399977124,-23.8438159998085,0.0 -46.764295000014215,-23.842568999859395,0.0 -46.76257399979022,-23.827864999869803,0.0 -46.76885199971997,-23.821419000286596,0.0 -46.78240699978318,-23.813246000202696,0.0 -46.80114599968812,-23.809760999570415,0.0 -46.788705999781996,-23.787612999840007,0.0 -46.791018000280474,-23.780014000145968,0.0 -46.78809799962295,-23.773802999708607,0.0 -46.77742100007907,-23.767174999826352,0.0 -46.771151999664994,-23.763625999839974,0.0 -46.769935000200064,-23.75291200038845,0.0 -46.783161000379835,-23.74876399975875,0.0 -46.79604299998442,-23.7391269996113,0.0 -46.79854300015927,-23.729091999995774,0.0 -46.79240300029818,-23.721301000440747,0.0 -46.792714000250896,-23.700473999575365,0.0 -46.798156000299116,-23.698744999881797,0.0 -46.80153635941542,-23.68536874906846,0.0 -46.79548000010186,-23.670265999576202,0.0 -46.79189700034624,-23.652147000383707,0.0 -46.79271300020474,-23.6471910002644,0.0 -46.776482999990435,-23.630967000326734,0.0 -46.76907099992667,-23.627092999742104,0.0 -46.760326000444536,-23.614872000042737,0.0 -46.752466999552325,-23.610513999621332,0.0 -46.75084700038872,-23.602769000389003,0.0 -46.76322099994917,-23.5980179998308,0.0 -46.78425899975298,-23.603650999693855,0.0 -46.78898299996541,-23.606377000398197,0.0 -46.80777499961647,-23.609067000341724,0.0 -46.808948999796485,-23.598434000128975,0.0 -46.805104999695914,-23.588684000166438,0.0 -46.80640800042886,-23.58397299965418,0.0 -46.795211000287395,-23.582510999682825,0.0 -46.78602700034577,-23.574531000405273,0.0 -46.77305800032639,-23.570091999845886,0.0 -46.765239000379495,-23.56340199980241,0.0 -46.7602339997992,-23.555013999696257,0.0 -46.760030000284246,-23.52920400016444,0.0 -46.75635299979109,-23.524618000020666,0.0 -46.74848700037472,-23.523667000231853,0.0 -46.76397100036132,-23.506406000136735,0.0 -46.756033000322645,-23.49499299992698,0.0 -46.76632800023697,-23.491290000033416,0.0 -46.769800000269754,-23.476824000227396,0.0 -46.775114999857294,-23.47178699997005,0.0 -46.774823999927605,-23.46443600002135,0.0 -46.786965999581184,-23.465693999578377,0.0 -46.7960270001459,-23.462929999819607,0.0 -46.799527999717384,-23.471383000225217,0.0 -46.80069100028936,-23.470355999629646,0.0 -46.805356999625815,-23.462458999683065,0.0 -46.811549000086245,-23.436912999735114,0.0 -46.8233104714011,-23.422374528061994,0.0 -46.8196709996169,-23.41789899973901,0.0 -46.82619099991467,-23.408907999704354,0.0 -46.82297304487008,-23.401033976536723,0.0 -46.807531000055576,-23.399264000133428,0.0 -46.8014449999867,-23.39562799973237,0.0 -46.785999999999945,-23.405007999719373,0.0 -46.78409700037622,-23.399750000062397,0.0 -46.77077300017379,-23.397164999565007,0.0 -46.770213999576356,-23.38871100001262,0.0 -46.76046699975217,-23.38604200013816,0.0 -46.753484999732905,-23.38926600042555,0.0 -46.73545700024033,-23.388117999645942,0.0 -46.73048200014415,-23.393864000223402,0.0 -46.72165899976301,-23.39634999975266,0.0 -46.71988499979284,-23.403656000324133,0.0 -46.71064700005894,-23.406521000243913,0.0 -46.708468000297955,-23.416493999698275,0.0 -46.70041400030584,-23.422486999975035,0.0 -46.685398000317434,-23.425468999894406,0.0 -46.684727999997165,-23.419309000010287,0.0 -46.677816999654794,-23.415585000047656,0.0 -46.66975137412658,-23.41859296429385,0.0 -46.657104999596015,-23.430498999828956,0.0 -46.638590000128374,-23.427294999564538,0.0 -46.634252999776095,-23.429275000041173,0.0 -46.62159000037815,-23.4193740003098,0.0 -46.613152999811064,-23.417686999855107,0.0 -46.614285999898925,-23.411709000270093,0.0 -46.60585000027726,-23.398033000022906,0.0 -46.599517999655916,-23.395108000034156,0.0 -46.60022900006828,-23.388162999922486,0.0 -46.581008999565654,-23.3769489998964,0.0 -46.56852000009786,-23.375735999716596,0.0 -46.555169000448984,-23.363803999854667,0.0 -46.551805000000684,-23.35767699969375,0.0 -46.543434999825365,-23.357529000063266,0.0 -46.535437999763815,-23.363305000225523,0.0</coordinates>
                            </LinearRing>
                        </outerBoundaryIs>
                    </Polygon>
                </Placemark>
                <Placemark id="23232">
                    <name>SUZANO / SP
POPULAÇÃO: 267.583</name>
                    <description>DISTRIBUIDOR: FILIAL SÃO PAULO
CONTATO DISTRIBUIDOR: Em Branco
RESPONSÁVEL: Em Branco
CONTATO RESPONSÁVEL: Em Branco
ENDEREÇO: Em Branco</description>
                    <styleUrl>#23092</styleUrl>
                    <Polygon id="23231">
                        <tessellate>1</tessellate>
                        <outerBoundaryIs>
                            <LinearRing id="23235">
                                <coordinates>-46.32192700033073,-23.744429000397986,0.0 -46.31677800030445,-23.73923099991066,0.0 -46.3280900003532,-23.728386999860106,0.0 -46.327312000448444,-23.714246999799172,0.0 -46.3307166601457,-23.708872131443684,0.0 -46.33173899955517,-23.69655300042058,0.0 -46.33734176870763,-23.687720060732147,0.0 -46.33848600042853,-23.677881000008085,0.0 -46.358297000306266,-23.66049699963679,0.0 -46.35361300013983,-23.648930000419114,0.0 -46.35686399987367,-23.638502999813568,0.0 -46.3720389999998,-23.644197999837786,0.0 -46.378289999583785,-23.636079999592255,0.0 -46.38341600034812,-23.617663000147274,0.0 -46.37298000022679,-23.608754000296813,0.0 -46.36331899987192,-23.585225999879924,0.0 -46.35605824329326,-23.581878750204112,0.0 -46.34999110470568,-23.57351115031929,0.0 -46.34229399976823,-23.560720000227775,0.0 -46.34130998946438,-23.547094115600885,0.0 -46.331544602101644,-23.539022782974996,0.0 -46.3299360000463,-23.520244999806835,0.0 -46.32586138499488,-23.512770966307016,0.0 -46.32986086618598,-23.505704790643506,0.0 -46.335520000347685,-23.4956260003396,0.0 -46.331114000410764,-23.4889479999502,0.0 -46.3010145602737,-23.496227438145695,0.0 -46.288128000206996,-23.489648999901362,0.0 -46.27413964562811,-23.48532569262659,0.0 -46.265244999856804,-23.488451000413306,0.0 -46.26459200032053,-23.498579999867047,0.0 -46.26919999968021,-23.504875999727574,0.0 -46.2661029998535,-23.51968500006268,0.0 -46.26217100019147,-23.524248000045134,0.0 -46.27162987431922,-23.545026244165797,0.0 -46.2782749999912,-23.545020000172826,0.0 -46.279085845835084,-23.553511865680036,0.0 -46.28498306921324,-23.565956551953263,0.0 -46.277697000316266,-23.5808209999891,0.0 -46.268100000214815,-23.59224399976074,0.0 -46.2635780003244,-23.60914300024922,0.0 -46.25905032571194,-23.611744409776634,0.0 -46.26463424687296,-23.628931297641202,0.0 -46.259062789416134,-23.635360071609966,0.0 -46.25439507507264,-23.650309821241194,0.0 -46.25868831891074,-23.659876642792767,0.0 -46.258240228104,-23.670095887415243,0.0 -46.26556600027067,-23.678656999820646,0.0 -46.2667879999662,-23.685736999862627,0.0 -46.2778429998545,-23.69090699995803,0.0 -46.29786699966229,-23.704862999627665,0.0 -46.295193999603384,-23.710909999696696,0.0 -46.29731200014862,-23.723351999695012,0.0 -46.306815999558694,-23.731970999661883,0.0 -46.31272400041223,-23.740584000251374,0.0 -46.32192700033073,-23.744429000397986,0.0</coordinates>
                            </LinearRing>
                        </outerBoundaryIs>
                    </Polygon>
                </Placemark>
                <Placemark id="23238">
                    <name>Em Branco / Em Branco
POPULAÇÃO: Em Branco</name>
                    <description>DISTRIBUIDOR: FILIAL SÃO PAULO
CONTATO DISTRIBUIDOR: Em Branco
RESPONSÁVEL: Em Branco
CONTATO RESPONSÁVEL: Em Branco
ENDEREÇO: Em Branco</description>
                    <styleUrl>#23092</styleUrl>
                    <Point id="23237">
                        <coordinates>-15.7801,-47.9292,0.0</coordinates>
                    </Point>
                </Placemark>
                <Placemark id="23240">
                    <name>VARGEM GRANDE PAULISTA / SP
POPULAÇÃO: 44.555</name>
                    <description>DISTRIBUIDOR: FILIAL SÃO PAULO
CONTATO DISTRIBUIDOR: Em Branco
RESPONSÁVEL: Em Branco
CONTATO RESPONSÁVEL: Em Branco
ENDEREÇO: Em Branco</description>
                    <styleUrl>#23092</styleUrl>
                    <Polygon id="23239">
                        <tessellate>1</tessellate>
                        <outerBoundaryIs>
                            <LinearRing id="23243">
                                <coordinates>-46.98145599959469,-23.602158000091606,0.0 -46.987150999618905,-23.608562999582716,0.0 -46.98932400000257,-23.61758099996314,0.0 -46.98742200042494,-23.62763999978614,0.0 -46.991470572009234,-23.647944441482764,0.0 -46.98572100022392,-23.654320999914148,0.0 -46.98820299956873,-23.665345000171556,0.0 -46.99627200025259,-23.661728999793468,0.0 -47.004291000429305,-23.66225199963003,0.0 -47.011980999823265,-23.656004000184396,0.0 -47.01979200030053,-23.654179999707196,0.0 -47.02283300024271,-23.64487000025025,0.0 -47.03367800033942,-23.643513999771244,0.0 -47.04352400023237,-23.63654700044367,0.0 -47.0451470004337,-23.631457999586985,0.0 -47.059025000103645,-23.6283480000601,0.0 -47.05617830228675,-23.618703325098352,0.0 -47.047681011169686,-23.617374485044422,0.0 -47.03639564364397,-23.601206299730904,0.0 -47.02807400001507,-23.581317000379215,0.0 -47.01829300042158,-23.58508899985742,0.0 -47.007581000162986,-23.577976000092292,0.0 -46.99659199972098,-23.5808559998045,0.0 -47.00028400000656,-23.59026500022952,0.0 -46.99230900006029,-23.596061999561584,0.0 -46.98820599970708,-23.602934999950264,0.0 -46.98145599959469,-23.602158000091606,0.0</coordinates>
                            </LinearRing>
                        </outerBoundaryIs>
                    </Polygon>
                </Placemark>
            </Folder>
        </Folder>
    </Document>
</kml>
